{"type":"FeatureCollection","features":[{"type":"Feature","id":"loire","properties":{"name":"Loire","slug":"loire","parent_iso_a3":"FRA","source_name":"INAO Delimitation Parcellaire AOC Viticoles","source_url":"https://www.data.gouv.fr/fr/datasets/delimitation-parcellaire-des-aoc-viticoles-de-linao/","source_license":"Licence Ouverte 2.0"},"geometry":{"type":"MultiPolygon","coordinates":[[[[0.21477955766914625,47.101564294634564],[0.21021358587311625,47.10288688568839],[0.2079882055921947,47.10418461854756],[0.20810341682638156,47.105457493212064],[0.20781476952409975,47.105533242417316],[0.20712226368534928,47.10441186616332],[0.20621410513140406,47.10406508771089],[0.2050902938622641,47.10449290706003],[0.20416977856811844,47.10489167233158],[0.2034525592489671,47.105261383525544],[0.2029180294698239,47.10553979449993],[0.20256618923068884,47.10572690525478],[0.1821179844002037,47.11353183602748],[0.1415734149783684,47.128954586818054],[0.08820274278273799,47.101341296723916],[0.022005967813312384,47.03069196574506],[-0.011280611567799895,46.99531202155007],[-0.011656995360598848,46.995201464138916],[-0.012842050432129513,46.99528524799593],[-0.014835776782391894,46.9955633731211],[-0.016742207897615373,46.99584960593815],[-0.018561343777799957,46.99614394644707],[-0.020071923875702346,46.99644431611928],[-0.02127394819132255,46.996750714954764],[-0.02949498522405969,47.000564776781005],[-0.044735034973913776,47.00788650159801],[-0.06959175400579386,47.016353449979135],[-0.10406514231969992,47.0259656219244],[-0.15042069281898798,47.02333638932763],[-0.20865840550365805,47.00846575218884],[-0.2380986651633713,47.00096101480805],[-0.23874147179812774,47.00082217718526],[-0.23980693531476088,47.00063872789202],[-0.24129505571327076,47.00041066692831],[-0.25984645782220217,47.004090167621825],[-0.2954611416415551,47.01167722997255],[-0.3134243113407109,47.015570974707],[-0.31373596691966954,47.01577140182518],[-0.31432691157578513,47.016149188840586],[-0.3151971453090577,47.01670433575323],[-0.31582057271937763,47.017105088655875],[-0.31619719380674505,47.01735144754853],[-0.3348123158836758,47.02717836110441],[-0.37166593895016997,47.04658582932354],[-0.40369311215584613,47.06251327110059],[-0.4308938355007043,47.07496068643555],[-0.4470826485689415,47.083456193950084],[-0.4522595513605576,47.08799979364419],[-0.4725449700983617,47.10272478585833],[-0.5079389047823537,47.12763117059251],[-0.5472173268057071,47.15429417965376],[-0.590380236168422,47.18271381304207],[-0.612822063021062,47.19763077272616],[-0.6145428073636272,47.199045058706034],[-0.65597449416674,47.227700010465576],[-0.7371171234304005,47.2835956280048],[-0.842949733759697,47.3152344735266],[-0.9734723251546297,47.32261654703099],[-1.0398186773957443,47.32573052668367],[-1.041988790483041,47.324576412484646],[-1.0434278614006516,47.323845557816085],[-1.044135890148576,47.32353796267798],[-1.044896593801944,47.32335022981092],[-1.0457099723607557,47.3232823592149],[-1.0757971654464842,47.28699762942944],[-1.1351581730591298,47.21449604045455],[-1.1632415603595905,47.171412418471746],[-1.1600473273478658,47.157746763481036],[-1.1602529082673583,47.14733119047396],[-1.1638583031180676,47.14016569945053],[-1.1700033562392447,47.129061556167],[-1.1786880676308897,47.11401876062338],[-1.1858538001905752,47.1046094981323],[-1.191500553918301,47.10083376869376],[-1.1945738652506759,47.09877480585291],[-1.1950737341876998,47.098432609609745],[-1.2312842667709243,47.073603673054464],[-1.3032054630003491,47.024287996187056],[-1.3395175860587125,46.99940541005053],[-1.3402206359460145,46.99895591464486],[-1.3786213997647176,46.971923920183904],[-1.4547198775148225,46.91830942666766],[-1.493416672670919,46.89111798135651],[-1.494711785233008,46.89034958425045],[-1.495461327256082,46.88990846336717],[-1.4956652987401404,46.88979461870666],[-1.4958167089818397,46.88971707464047],[-1.4959155579811796,46.8896758311686],[-1.496084009407729,46.88963752657139],[-1.4963220632614884,46.88960216084885],[-1.4976714332195344,46.89034317226915],[-1.500132119281867,46.89186056083226],[-1.5234628883427908,46.903425980758],[-1.567663740402305,46.925039432046354],[-1.608337996012769,46.9464890318631],[-1.645485655174183,46.96777478020826],[-1.664501749347766,46.97860874835766],[-1.6653862785335183,46.97899093631133],[-1.6881460142449156,46.999061371403236],[-1.732780956481958,47.03882005363339],[-1.8136965265069918,47.06027518276245],[-1.9308927243200174,47.063426758790435],[-1.9907095751983683,47.065116138240285],[-1.9931470791420447,47.065343321111996],[-1.994591191386162,47.06548142618442],[-1.99504191193072,47.06553045345757],[-1.9954214896928053,47.06558316997794],[-1.9957299246724178,47.065639575745536],[-1.9957101247352371,47.06591195175506],[-1.995362089881263,47.06640029800652],[-1.9949882972577522,47.06681380553266],[-1.9945887468647052,47.0671524743335],[-1.994070611822922,47.06740304001863],[-1.9934338921324022,47.067565502588046],[-1.9927650236533803,47.06756155745893],[-1.992064006385856,47.06739120463128],[-1.9910649695911364,47.06713136213134],[-1.9897679132692214,47.066782029959136],[-1.9405598885078297,47.079622198630304],[-1.8434408953069608,47.105651868144854],[-1.7885448893196396,47.132198794448094],[-1.7758718705458658,47.15926297754003],[-1.769462373978726,47.17289451773442],[-1.7693163996182202,47.17309341503126],[-1.769004502611318,47.1733416339998],[-1.7685266829580195,47.173639174640016],[-1.767774920546298,47.17392394442576],[-1.7667492153761537,47.17419594335702],[-1.7656135307893193,47.17429338545425],[-1.7643678667857952,47.17421627071745],[-1.761055214673743,47.17395529696081],[-1.755675574453163,47.17351046418433],[-1.7403702501626386,47.17295668991517],[-1.7151392418021705,47.17229397415331],[-1.658114712987593,47.205147910563866],[-1.569296663718907,47.27151849914681],[-1.5247865218730179,47.3051450223944],[-1.5245842874499256,47.30602748030661],[-1.490241881660441,47.330457472952865],[-1.4217593045045638,47.37843500033317],[-1.386657523498828,47.40273606145672],[-1.384936538643234,47.40336065632352],[-1.3423419518698358,47.415204087719374],[-1.2588737631786338,47.43826635564429],[-1.215633970693379,47.44986745070832],[-1.212622574414072,47.45000737291147],[-1.1809489203707786,47.44056913062275],[-1.1206130085634989,47.42155272384214],[-1.0505684773616566,47.41432773167812],[-0.9708153267652518,47.418894154130705],[-0.9299081667543904,47.421147256867485],[-0.927846997329072,47.42108703988848],[-0.9100536620438698,47.42060269466692],[-0.8765281608987835,47.41969422120281],[-0.7975289745525245,47.42292573464374],[-0.673056103005093,47.430297234989695],[-0.6101274905037561,47.43418370291119],[-0.6087431370485139,47.43458513840822],[-0.6075792337551322,47.43471206464404],[-0.6066357806236111,47.434564481618665],[-0.6006479766421071,47.43301960472117],[-0.5896158218106199,47.43007743395156],[-0.5831401634667295,47.428389927301495],[-0.5812210016104358,47.42795708477098],[-0.5521523927648256,47.42052365762164],[-0.49593433692989897,47.40608964585347],[-0.4216428051624542,47.427602695854965],[-0.32927779746249136,47.48506280762614],[-0.28865838126267857,47.547778984913776],[-0.2997845565630158,47.615751227717844],[-0.3054033655344904,47.64983509423875],[-0.3055148081771023,47.6500305844765],[-0.30493089887734093,47.65065001832656],[-0.30365163763520614,47.65169339578897],[-0.3024595178810619,47.652664476726734],[-0.3013545396149081,47.653563261139865],[-0.2981256009793239,47.65423703791858],[-0.29277270197430916,47.65468580706286],[-0.2899471883030254,47.654757863698876],[-0.2896490599654726,47.654453207826606],[-0.28924390049853205,47.65400742543302],[-0.28873170990220387,47.65342051651813],[-0.2859407077809381,47.6184087825108],[-0.28087089413473476,47.54897222341104],[-0.2781913096894957,47.513750814146924],[-0.2779019544452209,47.512744554718424],[-0.27766908129327306,47.51159877257314],[-0.2774926902336521,47.51031346771104],[-0.27920211710520637,47.480202357148194],[-0.2827973619079359,47.4212654408846],[-0.25021210295088114,47.369519136673574],[-0.18144634023404216,47.32496344451512],[-0.10504667193685452,47.30540008600225],[-0.021013098059318246,47.31082906113495],[0.02106762643197353,47.31354969426137],[0.0211955015370208,47.31356198538148],[0.040575419131392135,47.312073436417],[0.07920737921508753,47.30908404736794],[0.10286436254699072,47.307302326534064],[0.11154636912710167,47.30672827391538],[0.13429237935585708,47.307868892479334],[0.171102393233257,47.31072418222592],[0.19530238584396553,47.312547568132416],[0.2068923571879827,47.31333905019883],[0.21318724870237266,47.31366473042422],[0.2141870603871353,47.313524608808585],[0.21592019851393596,47.31315922479152],[0.21838666308277466,47.312568578373025],[0.26284632825521814,47.31888514039133],[0.3492991940312663,47.33210891084644],[0.3486598560812581,47.279266346832415],[0.2609283144051935,47.16035744834924],[0.21477955766914625,47.101564294634564]],[[0.7678304007551433,47.28822287822942],[0.7563745294644283,47.29683908558196],[0.6408367259230988,47.323274335452986],[0.7678304007551433,47.28822287822942]],[[0.9127103851415165,47.30069798837382],[0.7817765505218289,47.28702924198445],[0.9127103851415165,47.30069798837382],[0.9127103851415165,47.30069798837382]],[[1.649968387978173,47.24755387078524],[1.6499853455200792,47.24754204801097],[1.6584452404040784,47.22405172725159],[1.6753480726301713,47.17708290850709],[1.6838093743619773,47.1531818086256],[1.6838291455994967,47.15234842760714],[1.6838432790728266,47.15166877353302],[1.6838517747819666,47.15114284640325],[1.6838368487612874,47.15049784268142],[1.6837985010107888,47.14973376236752],[1.6834804825661651,47.149120876315635],[1.6828827934274164,47.14865918452577],[1.6822574673201824,47.14839684243512],[1.6816045042444636,47.148333850043684],[1.6734484943317582,47.173116710929065],[1.6577894375820659,47.22274542509126],[1.649968387978173,47.24755387078524]],[[1.444440874423841,47.10508033936114],[1.446255407745469,47.1043367143543],[1.5263758689863423,47.11283855902498],[1.444440874423841,47.10508033936114]],[[0.3947422809759549,46.9781243126889],[0.3945619767904909,46.978184018719126],[0.39361299493861224,46.978533486281236],[0.391895335420319,46.97917271537524],[0.3581647064827145,47.0064810750042],[0.29242110812579863,47.06045856516812],[0.25938498883438393,47.087457916894564],[0.2590563486084704,47.08747913018357],[0.25763738747331505,47.08761568578437],[0.2551281054289179,47.087867583696976],[0.24484007560011883,47.09117984230434],[0.22677329798691784,47.09755246160647],[0.2620130401524097,47.0700776933616],[0.3505593020965945,47.008755537569726],[0.3947422809759549,46.9781243126889]],[[1.458222829812966,47.646792999841075],[1.4600105488135704,47.64748056758786],[1.461557935605462,47.64802241351078],[1.4628649901886401,47.64841853760981],[1.4828421245394652,47.65576843525068],[1.5214893386579371,47.670072106433395],[1.5655457517710094,47.704576979564514],[1.6150113638786823,47.75928305464405],[1.6401663009280596,47.78696335964885],[1.6410105629191416,47.7876178945789],[1.5954067630141777,47.752571175524864],[1.5033549012131684,47.68182320248674],[1.458222829812966,47.646792999841075]],[[1.6632768922585688,47.80356822393153],[1.702092850603077,47.83103286698234],[1.7217674046324096,47.844943682668045],[1.7223005543465661,47.84530067098864],[1.7228363911502025,47.84560034881515],[1.7233749150433186,47.84584271614756],[1.7240335277478596,47.84613911041884],[1.7248122292638257,47.84648953162899],[1.7254959759709447,47.84677685391034],[1.7260847678692168,47.84700107726289],[1.7277148288509243,47.847564125039064],[1.730386158916067,47.84846599723887],[1.7539733645838287,47.8525333297093],[1.79847644585421,47.859766122450374],[1.8251692886951376,47.86417618437491],[1.8340518931066117,47.865763515482925],[1.8415939321183066,47.866585550252815],[1.8477954057302224,47.86664228868459],[1.8544519029639357,47.866690075041326],[1.8615634238194465,47.86672890932301],[1.8749947491290333,47.86486926384484],[1.8947458788926959,47.86111113860682],[1.9059905553168746,47.858895170381565],[1.9087287784015696,47.858221359169065],[1.9103696642631511,47.85778247845675],[1.9109132129016189,47.85757852824461],[1.9114264509023495,47.85728221686029],[1.911909378265343,47.8568935443038],[1.912258334340168,47.85655369490914],[1.9124733191268253,47.8562626686763],[1.9124487983566045,47.85555948241224],[1.912184772029506,47.85444413611695],[1.9113504671885402,47.852654080419825],[1.9099458838337073,47.85018931532085],[1.908956683760898,47.84855921843403],[1.9083828669701126,47.84776378975939],[1.907701790019549,47.847141051142195],[1.9069134529092076,47.846691002582446],[1.9057800445801145,47.84637302959765],[1.9043015650322697,47.84618713218781],[1.875484941134519,47.838128419003404],[1.819330172886862,47.82219689004443],[1.7544068198438538,47.80813231977524],[1.6807148820054945,47.79593470819583],[1.6632768922585688,47.80356822393153]],[[1.4337461021897557,47.63622928773734],[1.4550192790349068,47.64555750116421],[1.4337461021897557,47.63622928773734],[1.4337461021897557,47.63622928773734]],[[0.49008631112069573,47.36488051260019],[0.5098961522537977,47.37354625486644],[0.5204562365520434,47.37822247005047],[0.5217665640154331,47.378909158152275],[0.5227602781196456,47.379422735848244],[0.5234373788646811,47.37976320313837],[0.5266312004594698,47.38149587214427],[0.5323417429040115,47.384620742865955],[0.5396746950084466,47.3875509519811],[0.5486300567727748,47.390286499489704],[0.5586071763307421,47.39256436429024],[0.5696060536823486,47.3943845463827],[0.5790571024451097,47.39566882203347],[0.5869603226190252,47.39641719124255],[0.5902053841494599,47.39652209724939],[0.5887922870364135,47.395983540054004],[0.5872044958353617,47.395665973956106],[0.5854420105463045,47.39556939895571],[0.585442010546304,47.3955693989557],[0.5872044958353603,47.39566597395609],[0.5887922870364122,47.39598354005399],[0.5902053841494594,47.39652209724939],[0.6153988625163835,47.41951830422967],[0.6643727221371845,47.46497216099483],[0.6894358794580395,47.48778249529527],[0.6905883344789487,47.48794930713099],[0.6914020724920903,47.487922780767285],[0.6918770934974638,47.48770291620416],[0.69268014204103,47.487217692493616],[0.6938112181227888,47.486467109635655],[0.734302684939676,47.48755914159008],[0.8141545424916918,47.4904937883569],[0.8640951833799504,47.49582852704255],[0.8841246076044518,47.50356335764704],[0.8953944701864949,47.50809567313891],[0.8979047711260796,47.50942547351815],[0.8996170777231018,47.510138638918406],[0.9005313899775618,47.51023516933968],[0.9219366352576722,47.506526859228],[0.9638328135634333,47.49901370858337],[0.9864029520264156,47.4954830469333],[0.9896470506466191,47.4959348742778],[1.0061424878457745,47.50147469800021],[1.0358892636238823,47.51210251810052],[1.0597876411716924,47.52092223843699],[1.077837620489205,47.527933859009615],[1.097105755770572,47.532838999019134],[1.1175920470157936,47.53563765846555],[1.1292034182003883,47.53743524815857],[1.1319398693243559,47.538231768098214],[1.1526233269435502,47.55076586238899],[1.1912537910579712,47.575037531030894],[1.2108066342059176,47.58736040966009],[1.2112818563873895,47.58773449827658],[1.2118941927860079,47.58813060496546],[1.2126436434017727,47.58854872972672],[1.2132512103098048,47.588884952257175],[1.2137168935101041,47.589139272556835],[1.2144612676704045,47.5891525971608],[1.2154843327907061,47.58892492606907],[1.2675600563241138,47.59869352752026],[1.3706884382706281,47.618458401514374],[1.424472386550063,47.62990675236145],[1.4289119011624185,47.63303858006149],[1.1933940914899832,47.566090280800395],[0.7179189575327576,47.42906185457818],[0.49008631112069573,47.36488051260019]],[[1.2301839577395932,47.324511786043566],[1.2301929969342844,47.31146364370165],[1.2301453930116821,47.30494553118739],[1.2300411459717866,47.30495744850078],[1.2300411459717866,47.30495744850078],[1.2301453930116821,47.30494553118738],[1.2301929969342844,47.311463643701636],[1.2301839577395932,47.324511786043566],[1.2301839577395932,47.324511786043566]],[[1.16012234051202,47.324858923246026],[1.1601206245300362,47.324729317715466],[1.1601206245300233,47.324729317715324],[1.1601223405119812,47.3248589232456],[1.1599525004765368,47.32493115099121],[1.1596111044236903,47.32494600095217],[1.1596111044237032,47.32494600095231],[1.1599525004765756,47.32493115099164],[1.16012234051202,47.324858923246026]],[[1.066737463696481,47.28506077872084],[1.061305411855463,47.29420122645728],[1.0613054118554617,47.29420122645728],[1.0667374636964766,47.28506077872084],[1.0693441569613586,47.284519117587315],[1.0691254916501076,47.29257624305671],[1.069125491650109,47.29257624305671],[1.069344156961363,47.284519117587315],[1.066737463696481,47.28506077872084]],[[1.0692675945126306,47.279603580787104],[1.068895804303912,47.277829632656086],[1.0688958043039105,47.277829632656086],[1.0692675945126262,47.279603580787104],[1.0694630910799476,47.286825294925784],[1.0694822940058748,47.29949477507213],[1.0694822940058761,47.29949477507213],[1.069463091079952,47.286825294925784],[1.0692675945126306,47.279603580787104]],[[0.4659781590453865,47.23054815458723],[0.4664977117271102,47.24132450449101],[0.46576570054366345,47.24176517852537],[0.4637821254950463,47.23187017669031],[0.46378212549504616,47.23187017669031],[0.4657657005436628,47.24176517852537],[0.46653912945184384,47.241191246468624],[0.46610241221958926,47.23014838052007],[0.4661024122195895,47.23014838052007],[0.4665391294518445,47.241191246468624],[0.4665902798824032,47.252709837938134],[0.4662558635112655,47.26470415492861],[0.46625586351126536,47.26470415492861],[0.46659027988240254,47.252709837938134],[0.510277297531753,47.26585309344542],[0.597316916459317,47.304133921450465],[0.5973169164593172,47.304133921450465],[0.5102772975317537,47.26585309344542],[0.4665631373332868,47.246773148493574],[0.46617443586391644,47.246894086594935],[0.46591465952305466,47.241505911643046],[0.4657838083107013,47.230608623637906],[0.4659781590453865,47.23054815458723]],[[0.46904995772276337,47.25048306347131],[0.46865536615137815,47.24912799069404],[0.46865536615137837,47.24912799069404],[0.469049957722764,47.25048306347131],[0.46576227084275096,47.25235203700646],[0.4587923055113392,47.25473491129951],[0.45879230551133904,47.25473491129951],[0.46576227084275035,47.25235203700646],[0.46921441602985026,47.251128245192255],[0.4691487410726389,47.25106353585688],[0.4691487410726389,47.25106353585688],[0.46921441602985026,47.251128245192255],[0.46904995772276337,47.25048306347131]],[[0.40290818597972095,46.97700642416036],[0.6063558698018385,47.055964124828414],[0.40290818597972095,46.97700642416036],[0.40290818597972095,46.97700642416036]],[[0.436918136603693,47.348747538010215],[0.43922575158869376,47.34957105591242],[0.45366033519095333,47.355645068155795],[0.436918136603693,47.348747538010215]],[[0.4046733501524024,47.131295258243796],[0.404942542784088,47.131735206576906],[0.4046733496753401,47.13129525841645],[0.4046733501524024,47.131295258243796]],[[0.42928077782807317,47.11840368387965],[0.4194188903785171,47.123334295604145],[0.4194188903785169,47.123334295604145],[0.4292807778280726,47.11840368387965],[0.3960810287381866,47.11731375100381],[0.319819643108859,47.120064496976624],[0.27670806328564496,47.113289732751106],[0.26674628926854443,47.09698945832726],[0.2667462892685442,47.09698945832726],[0.2767080632856444,47.113289732751106],[0.31189674074155926,47.123134589626154],[0.3723123216362889,47.12652402895241],[0.37231232163628913,47.12652402895241],[0.3118967407415598,47.123134589626154],[0.263306968331515,47.11760338510835],[0.2265430044061547,47.109930415399],[0.22654300440615455,47.109930415399],[0.26330696833151446,47.11760338510835],[0.28169737858487937,47.12145331037012],[0.2817142351662491,47.12148019118431],[0.2813901181124905,47.12198938341187],[0.2807250274236034,47.12298088705282],[0.2807250274236035,47.12298088705282],[0.2813901181124908,47.12198938341187],[0.28171423516624966,47.12148019118431],[0.28169737858488003,47.12145331037012],[0.3198196431088592,47.120064496976624],[0.3960810287381872,47.11731375100381],[0.396089457028872,47.1173271914109],[0.31984492798091363,47.1201048181979],[0.3246882190215399,47.11925807588844],[0.4106193301507508,47.114786964482526],[0.4106193301507507,47.114786964482526],[0.32468821902153955,47.11925807588844],[0.3198449279809133,47.1201048181979],[0.3960894570288719,47.1173271914109],[0.42704120211774943,47.08238439734604],[0.41270016324754594,47.01527643600331],[0.41270016324754577,47.01527643600331],[0.4270412021177489,47.08238439734604],[0.43420032944877485,47.11597809730954],[0.4341775452406238,47.116057535893795],[0.434177545240624,47.116057535893795],[0.4342003294487754,47.11597809730954],[0.42928077782807317,47.11840368387965]],[[0.5527580458908036,47.10775081646261],[0.47372716299883477,47.11320919083247],[0.43421305197751975,47.15575619060286],[0.43421571282685834,47.23539181577377],[0.43421571282685856,47.23539181577377],[0.4342130519775203,47.15575619060286],[0.4737271629988353,47.11320919083247],[0.5527580458908038,47.10775081646261],[0.5448351435235045,47.11082090911214],[0.4499584558969373,47.12241946878107],[0.40282228654621627,47.128189501936376],[0.4034266354713414,47.12813100857806],[0.40340155707010833,47.1287194365959],[0.40274705134251715,47.12995478598991],[0.4027470513425171,47.12995478598991],[0.403401557070108,47.1287194365959],[0.4036423466077006,47.12810475264522],[0.40346941995529484,47.12811073413786],[0.40346941995529495,47.12811073413786],[0.40364234660770093,47.12810475264522],[0.4036373365331558,47.09052513471488],[0.40345438973165965,47.01537188034685],[0.45059055908238066,47.00960184719154],[0.5450458445853189,47.073215035248964],[0.5527580458908036,47.10775081646261]],[[0.2837793751838018,47.17116809713458],[0.2834808772947515,47.17178490873865],[0.28348087729475124,47.17178490873865],[0.2837793751838009,47.17116809713458],[0.28386568303424387,47.17078763516949],[0.2837398008460802,47.17064352284338],[0.2837398008460805,47.17064352284338],[0.28386568303424475,47.17078763516949],[0.2837793751838018,47.17116809713458]],[[1.6166288420165014,47.282541877202085],[1.5499667076350638,47.352506067261515],[1.5158504108710593,47.41485151901794],[1.5142799517244874,47.469578232471335],[1.5132934490566767,47.49862440886313],[1.5128909028676278,47.501990048193335],[1.5216988235838462,47.546781974899346],[1.5397172112053323,47.63300018898116],[1.5736100777027258,47.7041784516975],[1.6233774230760263,47.760316763048365],[1.6786562056605459,47.79496111670421],[1.7394464254562851,47.80811151266502],[1.7398711288174211,47.67290497852716],[1.6799303157439536,47.38934151429063],[1.6166288420165014,47.282541877202085]],[[0.32517266168641656,47.228757148898836],[0.3560980533782677,47.25500147951223],[0.3559100710728123,47.2551940492973],[0.3246087147700502,47.22933485825405],[0.32460871477004993,47.22933485825405],[0.3559100710728114,47.2551940492973],[0.35609805337826683,47.25500147951223],[0.3251726616864163,47.228757148898836],[0.32517266168641656,47.228757148898836]],[[0.2141660538032469,47.10525901440412],[0.40556402918942164,47.104583058046586],[0.21416605380324613,47.10525901440412],[0.2141660538032469,47.10525901440412]],[[-0.3272228497084473,47.1735736171406],[-0.32760447913535734,47.1730844195875],[-0.32722284864175716,47.17357361807271],[-0.3272228497084473,47.1735736171406]],[[-0.3361213192792051,47.19004675975317],[-0.3357667785342041,47.18908457566864],[-0.3361213191218213,47.19004676067006],[-0.3361213192792051,47.19004675975317]],[[-0.3534968364614317,47.19896486080613],[-0.3535056555369751,47.19893667163057],[-0.35349716429425077,47.19896375747737],[-0.3534968364614317,47.19896486080613]],[[-0.3876399177262261,47.23252977169328],[-0.3876811851127246,47.23248346530191],[-0.3876811841709098,47.23248346551817],[-0.3876399149007817,47.23252977234208],[-0.3875899264597565,47.23258673908449],[-0.38753121884783415,47.232654365745375],[-0.38753121978964894,47.232654365529115],[-0.38758992928520086,47.232586738435685],[-0.3876399177262261,47.23252977169328]],[[-0.40066400719270545,47.241607785551196],[-0.40009448517802126,47.24062013595998],[-0.4000000747529972,47.24007276459316],[-0.4003807759176333,47.23996567145072],[-0.400380775916877,47.23996567145075],[-0.40000007475072824,47.24007276459326],[-0.4000944851757523,47.24062013596008],[-0.4006640071919491,47.241607785551224],[-0.40066400719270545,47.241607785551196]],[[-0.5152429920594305,47.278890289001474],[-0.5147405054624844,47.27856428463613],[-0.5144832327125449,47.280177079253136],[-0.514471173809612,47.28372867285249],[-0.5144711738097179,47.28372867293729],[-0.5144832327128626,47.280177079507546],[-0.514740505462802,47.27856428489054],[-0.5152429920595363,47.27889028908628],[-0.5152429920594305,47.278890289001474]],[[-0.5419337789890551,47.29054422520886],[-0.5419419546335563,47.29328589387373],[-0.5419419546338646,47.293285893936584],[-0.5419337789899803,47.29054422539741],[-0.5422379104594091,47.288935800578074],[-0.542854349042151,47.28846061947857],[-0.5428543490418426,47.288460619415716],[-0.542237910458484,47.288935800389524],[-0.5419337789890551,47.29054422520886]],[[-0.5475702080213147,47.29995938008635],[-0.5473124588731997,47.3002418513966],[-0.5472021696856768,47.29542110657853],[-0.5472393404587461,47.28549714563213],[-0.5472393404583662,47.28549714564154],[-0.5472021696845373,47.29542110660678],[-0.5473124588720601,47.30024185142485],[-0.5475702080209348,47.29995938009577],[-0.5475702080213147,47.29995938008635]],[[-0.5317428585956756,47.28579493667759],[-0.5309336427672113,47.2861600566704],[-0.5306031051344523,47.31361183576229],[-0.5307512456973986,47.36815027395325],[-0.5307512456974209,47.36815027395581],[-0.5306031051345192,47.31361183577],[-0.5309336427672783,47.286160056678106],[-0.5317428585956979,47.285794936680155],[-0.5317428585956756,47.28579493667759]],[[-0.5279716612497836,47.28912258435159],[-0.5289315938168628,47.289484098407506],[-0.5289315938166761,47.2894840983719],[-0.5279716612492229,47.28912258424475],[-0.5274961241072784,47.31029467270387],[-0.5275049823908422,47.353000363749274],[-0.5275049823910292,47.35300036378488],[-0.5274961241078389,47.310294672810706],[-0.5279716612497836,47.28912258435159]],[[-0.4615411107992534,47.35559079546173],[-0.46154110485222505,47.35559079347399],[-0.4615410933591706,47.3555908208491],[-0.4615411107992534,47.35559079546173]],[[-0.38648099221707216,47.234299269702895],[-0.38648098970649297,47.23429926357797],[-0.3864306906003195,47.2343429110702],[-0.38648099221707216,47.234299269702895]],[[-0.36430799761126575,47.197114591760496],[-0.3643081464535108,47.19711485776379],[-0.364308153412407,47.19711433492681],[-0.36430799761126575,47.197114591760496]],[[-0.36958776771103885,47.229093164117025],[-0.3695877809152897,47.22909316373296],[-0.3696552569915712,47.229063983705544],[-0.36958776771103885,47.229093164117025]],[[-0.3508982226311824,47.186626981794966],[-0.3508839914722945,47.187427789806655],[-0.3512728889193119,47.18760438465219],[-0.3520649149722348,47.18715676633157],[-0.3520649149745013,47.1871567663104],[-0.3512728889261117,47.187604384588695],[-0.35088399147909427,47.187427789743154],[-0.35089822263344905,47.1866269817738],[-0.3508982226311824,47.186626981794966]],[[-0.32390297428106635,47.09248140530863],[-0.32390303902716083,47.092481385424016],[-0.3239029073159232,47.09248138921273],[-0.32390297428106635,47.09248140530863]],[[-0.3173471828526759,47.16990935869023],[-0.3173469069693308,47.16990938462047],[-0.3173468862855964,47.1699095928525],[-0.3173471828526759,47.16990935869023]],[[-0.31674780454042195,47.18984802624036],[-0.315566326391763,47.18927467657978],[-0.315566323222615,47.18927467523189],[-0.31674780454042195,47.18984802624036]],[[-0.365741938072685,47.258984355784406],[-0.36574193750920403,47.25898434679003],[-0.36573369679705103,47.25899224519068],[-0.365741938072685,47.258984355784406]],[[-0.3704198536766279,47.26871509216113],[-0.3699127545811086,47.26840987813619],[-0.3704198674549733,47.2687151007713],[-0.3704198536766279,47.26871509216113]],[[-0.27381125556421754,47.15482553529097],[-0.27381177756255104,47.154825430412956],[-0.2738122562292206,47.15482504743089],[-0.27381125556421754,47.15482553529097]],[[-0.2639320109309321,47.13737734245264],[-0.2639321745611993,47.13737804718473],[-0.2639322226765637,47.13737731596303],[-0.2639320109309321,47.13737734245264]],[[0.20724081575846945,47.11657037498517],[0.20785428688180618,47.109586078691265],[0.2079543810668149,47.10660094876063],[0.20754109831349563,47.10761498519326],[0.20754109831349574,47.10761498519326],[0.20795438106681524,47.10660094876063],[0.2078542868818065,47.109586078691265],[0.20724081575846956,47.11657037498517],[0.20724081575846945,47.11657037498517]],[[0.21436577735053172,47.10267905659524],[0.2146600556983733,47.104268252412595],[0.21361125152593577,47.102893205460774],[0.21436577735053172,47.10267905659524]],[[0.21466005569837449,47.104268252412595],[0.20816102244347456,47.10609393054432],[0.2146600556983733,47.104268252412595],[0.21466005569837449,47.104268252412595]],[[0.21406676102454353,47.10528977342178],[0.21418169724666547,47.105228221325305],[0.21271962962916358,47.10542156659388],[0.20968055817203785,47.10586980922751],[0.20968055817203773,47.10586980922751],[0.21271962962916327,47.10542156659388],[0.21418169724666514,47.105228221325305],[0.21406676102454342,47.10528977342178],[0.21406676102454353,47.10528977342178]],[[0.2119371948537149,47.10426639462927],[0.2111651255974242,47.12061390577569],[0.2119371948537137,47.10426639462927],[0.2119371948537149,47.10426639462927]],[[0.23947974838831684,47.20033127380459],[0.23876277052448572,47.20132405236226],[0.2387627705244856,47.20132405236226],[0.23947974838831657,47.20033127380459],[0.2390480488424122,47.201442053073954],[0.23746767188677245,47.204656390170335],[0.23746767188677256,47.204656390170335],[0.23904804884241249,47.201442053073954],[0.2398006216674961,47.21999111786492],[0.23972539036202353,47.26030358454322],[0.23972539036202342,47.26030358454322],[0.23980062166749583,47.21999111786492],[0.23949869082952877,47.1996269189167],[0.23881959784812215,47.19921098769857],[0.23881959784812226,47.19921098769857],[0.23949869082952904,47.1996269189167],[0.23947529629237088,47.19907852292357],[0.23874941423664783,47.197565799719186],[0.23874941423664772,47.197565799719186],[0.2394752962923706,47.19907852292357],[0.23982102270417827,47.1982976631337],[0.23978659347207074,47.19522322034956],[0.23978659347207085,47.19522322034956],[0.23982102270417854,47.1982976631337],[0.23947974838831684,47.20033127380459]],[[0.40290818597972095,46.97700642416036],[0.39658013079691445,46.97752279833807],[0.40290818597972095,46.97700642416036],[0.40290818597972095,46.97700642416036]],[[0.4018684534138859,47.01827820986502],[0.40230289252706447,47.09157190236536],[0.397525758920092,47.117320447063136],[0.38753705259296867,47.095523843958325],[0.38753705259296883,47.095523843958325],[0.3975257589200927,47.117320447063136],[0.3723123216362896,47.12652402895241],[0.3118967407415595,47.123134589626154],[0.3246629341494849,47.11921775466716],[0.41061090186006577,47.11477352407544],[0.410610901860066,47.11477352407544],[0.32466293414948544,47.11921775466716],[0.31189674074156004,47.123134589626154],[0.3723123216362898,47.12652402895241],[0.40616999992815095,47.13167766788854],[0.41346977561714343,47.138595506434534],[0.4137719500797057,47.13856625975538],[0.40707652331583755,47.13158992785107],[0.4070765233158385,47.13158992785107],[0.4137719500797086,47.13856625975538],[0.41692433487738134,47.13814529419161],[0.4165336777088568,47.13032703115975],[0.41266657030777004,47.09022126563658],[0.4053230126741211,47.01782799762209],[0.4018684534138859,47.01827820986502]],[[0.40639338045001167,47.23376873825671],[0.40959084929461154,47.1758521220936],[0.4111458496665762,47.18383090999532],[0.41105838156590563,47.25770510196186],[0.41105838156590513,47.25770510196186],[0.41114584966657475,47.18383090999532],[0.41113132901844,47.18040149018549],[0.4110148196215009,47.24741684253237],[0.4110148196215014,47.24741684253237],[0.41113132901844146,47.18040149018549],[0.4111197824718997,47.14689015777984],[0.4109801799818761,47.146882845315425],[0.4093814455595761,47.17584115339697],[0.40632357920499984,47.2337650820245],[0.40639338045001167,47.23376873825671]],[[0.32963584011323815,47.18982293836014],[0.42105027208306073,47.22774943241531],[0.4666167078393827,47.25267488217891],[0.46633514738220416,47.26459928765094],[0.46633514738220394,47.26459928765094],[0.46661670783938203,47.25267488217891],[0.4657204545988665,47.25132139272939],[0.46364638766065736,47.26053881930237],[0.4636463876606575,47.26053881930237],[0.4657204545988672,47.25132139272939],[0.4210502720830604,47.22774943241531],[0.32963584011323727,47.18982293836014],[0.3296358401132371,47.18982293836014],[0.42105027208305973,47.22774943241531],[0.42105027208306006,47.22774943241531],[0.329635840113238,47.18982293836014],[0.3138786705797211,47.16017020897414],[0.3737787634825093,47.13879124425731],[0.3956867947564759,47.16310723262892],[0.3796027644016209,47.23311817408893],[0.37960276440162094,47.23311817408893],[0.3956867947564762,47.16310723262892],[0.37377876348250966,47.13879124425731],[0.31387867057972113,47.16017020897414],[0.3342908180487947,47.18557611584593],[0.43501520588973025,47.21500896487271],[0.4350152058897299,47.21500896487271],[0.3342908180487938,47.18557611584593],[0.3157438640254717,47.164868222002426],[0.3793743438197636,47.15288528334217],[0.3793743438197639,47.15288528334217],[0.3157438640254726,47.164868222002426],[0.32963584011323815,47.18982293836014]],[[0.46987624849353377,47.25040511420077],[0.4699992691453378,47.25060469650608],[0.46987624849353377,47.25040511420077],[0.46987624849353377,47.25040511420077]],[[0.4691110686381178,47.246485969024874],[0.4692305889673682,47.24656860762677],[0.46865713386598784,47.24663561505652],[0.46739070333397664,47.24668699131411],[0.46739070333397686,47.24668699131411],[0.4686571338659884,47.24663561505652],[0.4691751607849705,47.24654204203745],[0.4689447840909234,47.246406272256905],[0.46894478409092316,47.246406272256905],[0.46917516078496996,47.24654204203745],[0.452899964332471,47.21698288567052],[0.42011919473342624,47.157728803156104],[0.42011919473342646,47.157728803156104],[0.45289996433247154,47.21698288567052],[0.4683973575251268,47.24124744010463],[0.46661137431139205,47.23052246645844],[0.4666113743113918,47.23052246645844],[0.46839735752512623,47.24124744010463],[0.46843877524986055,47.24111418208224],[0.46673562748559483,47.23012269239128],[0.46673562748559505,47.23012269239128],[0.4684387752498611,47.24111418208224],[0.46923058896736874,47.24656860762677],[0.469111068638118,47.246485969024874],[0.4691110686381178,47.246485969024874]],[[0.7727927474361126,47.41764094874194],[0.7727347777244554,47.41759598174299],[0.7727347652150622,47.417595963492396],[0.7727927474361126,47.41764094874194]],[[1.1079144238615282,47.44837304532621],[1.1081237158338775,47.44859592987779],[1.1079591122844255,47.44835380363081],[1.107420613213172,47.44764666658527],[1.107420613213172,47.447646666585264],[1.1079591122844255,47.4483538036308],[1.1081237158338775,47.44859592987778],[1.1079144238615282,47.4483730453262],[1.1079144238615282,47.44837304532621]],[[1.1082283618200524,47.448707372153585],[1.1080912097014777,47.28034229980613],[1.1082283618200524,47.448707372153585],[1.1082283618200524,47.448707372153585]],[[1.2174153934666565,47.296824387258766],[1.2174075760679837,47.296645163603856],[1.216995276930664,47.29640371459436],[1.216178496054698,47.296100040230286],[1.2161784960546609,47.29610004023006],[1.2169952769305528,47.296403714593694],[1.2206021296592815,47.2986515569643],[1.226999054240847,47.302843567341895],[1.2094851217376845,47.26763559516554],[1.168060332149794,47.193027640435226],[1.168060332149794,47.193027640435226],[1.2094851217376845,47.26763559516552],[1.226999054240847,47.30284356734188],[1.2206021296592815,47.2986515569643],[1.2174075760678722,47.29664516360319],[1.2174153934666192,47.29682438725854],[1.2174153934666565,47.296824387258766]],[[1.2679190598263368,47.316432041387344],[1.2640133072091233,47.31527713355261],[1.264013307209123,47.31527713355261],[1.2679190598263363,47.31643204138733],[1.2684213635978319,47.315955248579286],[1.2655202185236099,47.31384675512845],[1.26552021852361,47.31384675512846],[1.2684213635978325,47.3159552485793],[1.2695569637616997,47.315802271910464],[1.2689270190152115,47.313387825121964],[1.2689270190152113,47.313387825121964],[1.269556963761699,47.31580227191045],[1.2698795193910672,47.316934420771815],[1.2698946859033164,47.31678427170604],[1.2698946859033167,47.31678427170605],[1.269879519391068,47.31693442077183],[1.2679190598263368,47.316432041387344]],[[1.428419625742313,47.63155340858819],[1.4284055098521953,47.63148776835061],[1.4268619962413238,47.63067642080172],[1.4237890849096981,47.62911936594153],[1.4237890849096981,47.62911936594153],[1.4268619962413234,47.63067642080172],[1.4284055098521948,47.63148776835061],[1.428419625742313,47.63155340858819],[1.428419625742313,47.63155340858819]],[[1.4675299949560288,47.5229135973251],[1.4674326481999524,47.5229344922576],[1.4675300118763839,47.522913595382036],[1.4675299949560288,47.5229135973251]],[[1.138469580534886,47.155198293575026],[1.1396738322829312,47.154327472018096],[1.138469580534886,47.155198293575026],[1.138469580534886,47.155198293575026]],[[0.9127103851415165,47.30069798837382],[0.9162954049293673,47.30124655019367],[1.0082815476832474,47.29403630874883],[0.9127103851415165,47.30069798837382]],[[0.7678304007551433,47.28822287822942],[0.7680039583659629,47.28819407471927],[0.7678304007551433,47.28822287822942],[0.7678304007551433,47.28822287822942]],[[0.5451373179860669,47.11079166243299],[0.45086497928462455,47.122331728743596],[0.40361171157561354,47.162291381107195],[0.40337751485903384,47.23067061952378],[0.4033775148590339,47.23067061952378],[0.4036117115756139,47.162291381107195],[0.4070765233158388,47.13158992785107],[0.41377195007970863,47.13856625975538],[0.4134697756171463,47.138595506434534],[0.4061699999281519,47.13167766788854],[0.44995845589693795,47.12241946878107],[0.5448351435235047,47.11082090911214],[0.545137317986067,47.11079166243299],[0.4508649792846249,47.122331728743596],[0.4508649792846249,47.122331728743596],[0.545137317986067,47.11079166243299],[0.5451373179860669,47.11079166243299]],[[0.45289996433247093,47.21698288567052],[0.4201191947334259,47.157728803156104],[0.40342663547134106,47.12813100857806],[0.4028222865462162,47.128189501936376],[0.41921267134573886,47.157816543193576],[0.45259778986990906,47.21701213234967],[0.4692216560930311,47.21511049710913],[0.4690842700151053,47.15211163747193],[0.46908427001510505,47.15211163747193],[0.46922165609303057,47.21511049710913],[0.4525977898699085,47.21701213234967],[0.41921267134573864,47.157816543193576],[0.37232074992697384,47.1265374693595],[0.31192202561361393,47.12317491084743],[0.3142879805556634,47.11757992420269],[0.37941861475312233,47.10975250942524],[0.42631053617188713,47.14103158325932],[0.45496374481195795,47.21141714570493],[0.45289996433247093,47.21698288567052]],[[0.28172266345693403,47.1214936315914],[0.4025201120836546,47.12821874861553],[0.28172266345693403,47.1214936315914],[0.28172266345693403,47.1214936315914]],[[0.20677601076597404,47.103851178036315],[0.20816102244347456,47.10609393054432],[0.20793059997510127,47.10354818121531],[0.20677601076597404,47.103851178036315]],[[0.5960023577553126,47.10560430426527],[0.5969892534310608,47.104904691917014],[0.5977708850444866,47.104348932683806],[0.59834725259559,47.10393702656566],[0.5987313640554912,47.10336331859288],[0.5989232194241905,47.10262780876546],[0.6032108850530371,47.09154082621144],[0.6115943609420311,47.07010237093084],[0.6157452517312344,47.058995931024334],[0.6156635574206469,47.05822150649193],[0.6147598345783021,47.0573851230939],[0.6130340832041997,47.056486780830255],[0.6118353031101399,47.05603055863999],[0.6111634942961224,47.056016456523096],[0.6097096598672949,47.055998085305596],[0.6074737998236573,47.055975444987475],[0.6036441298307385,47.068461621231165],[0.5982206498885385,47.09345661403666],[0.5960023577553126,47.10560430426527]],[[0.7804330756088222,47.286620341805445],[0.7680039583659629,47.28819407471927],[0.7804330756088222,47.286620341805445],[0.7804330756088222,47.286620341805445]],[[1.5282940074496196,47.113006247202556],[1.5263758689863423,47.11283855902498],[1.5282940074496196,47.113006247202556],[1.5282940074496196,47.113006247202556]],[[1.7709352725513403,47.81469494326689],[1.7912527887630336,47.81423112556495],[1.7709352725513403,47.81469494326689],[1.7709352725513403,47.81469494326689]],[[0.20816102244347498,47.10609393054432],[0.2119371948537137,47.10426639462927],[0.20816102244347498,47.10609393054432],[0.20816102244347498,47.10609393054432]],[[0.41377195007970574,47.13856625975538],[0.4070765233158379,47.13158992785107],[0.39890640450155823,47.116875034007684],[0.3892615936368668,47.09442157822525],[0.38926159363686674,47.09442157822525],[0.3989064045015579,47.116875034007684],[0.4037596574457201,47.167034479582156],[0.40382135246935347,47.24489991494865],[0.4038213524693535,47.24489991494865],[0.40375965744572045,47.167034479582156],[0.4070765233158379,47.13158992785107],[0.41377195007970574,47.13856625975538],[0.41377195007970574,47.13856625975538]],[[1.1082283618200524,47.44870737215357],[1.1080912097014777,47.28034229980613],[1.1082283618200524,47.44870737215357],[1.1082283618200524,47.44870737215357]],[[0.46216563288746193,47.34316318117034],[0.5144141566071123,47.3429544845247],[0.5144141566071131,47.3429544845247],[0.46216563288746415,47.34316318117034],[0.4863098602057235,47.33870085233091],[0.5868468385618912,47.329567498006426],[0.5868468385618905,47.329567498006426],[0.48630986020572126,47.33870085233091],[0.48670614151337555,47.339109583985206],[0.5880356824848533,47.330793692969294],[0.588035682484854,47.330793692969294],[0.48670614151337777,47.339109583985206],[0.43449219359801067,47.341802588232476],[0.4313938387387527,47.338872705711125],[0.4313938387387519,47.338872705711125],[0.43449219359800845,47.341802588232476],[0.43463327791652984,47.3417789597747],[0.43181709169431615,47.33880182033778],[0.4318170916943169,47.33880182033778],[0.43463327791653206,47.3417789597747],[0.41992121557677775,47.32448155832461],[0.387680904675054,47.2869096159875],[0.35258367223568243,47.268900833489],[0.31462951825866314,47.27045521082911],[0.3146295182586634,47.27045521082911],[0.3525836722356833,47.268900833489],[0.35726656652726574,47.25382783653001],[0.3286782011334105,47.22523621995214],[0.3286782011334102,47.22523621995214],[0.35726656652726485,47.25382783653001],[0.38146795784737153,47.23781618711722],[0.4012823750937302,47.17720127171377],[0.4174025305445913,47.195987242882325],[0.42982842419995493,47.29417410062288],[0.46216563288746193,47.34316318117034]],[[0.4117424572207851,47.136288508447485],[0.4119034403081629,47.115988704173525],[0.40187813619493684,47.14641001273215],[0.381666544881107,47.22755243412334],[0.381666544881107,47.22755243412334],[0.40187813619493684,47.14641001273213],[0.4119034403081629,47.11598870417351],[0.4117424572207851,47.13628850844748],[0.4117424572207851,47.136288508447485]],[[0.21706254356716123,47.100902999107646],[0.21773990918031735,47.100738771257525],[0.21706254356716123,47.100902999107646],[0.21706254356716123,47.100902999107646]],[[0.4119839318518517,47.105838802036544],[0.28172266345693403,47.1214936315914],[0.4119839318518517,47.105838802036544],[0.4119839318518517,47.105838802036544]],[[0.5955089099174384,47.10595411043941],[0.5383260139270167,47.241910599079226],[0.5955089099174384,47.10595411043941],[0.5955089099174384,47.10595411043941]],[[0.5383260139270167,47.241910599079226],[0.6408367259230988,47.323274335452986],[0.5383260139270167,47.241910599079226],[0.5383260139270167,47.241910599079226]],[[0.7804330756088222,47.286620341805445],[0.7817765505218289,47.28702924198445],[0.7804330756088222,47.286620341805445],[0.7804330756088222,47.286620341805445]],[[1.4033386532864505,47.1739668440876],[1.147411737896298,47.153243519381185],[1.4033386532864505,47.1739668440876],[1.4033386532864505,47.1739668440876]],[[1.5282940074496196,47.113006247202556],[1.681278022706604,47.14830235384796],[1.5282940074496196,47.113006247202556],[1.5282940074496196,47.113006247202556]],[[1.444440874423841,47.10508033936114],[1.4033386532864505,47.1739668440876],[1.444440874423841,47.10508033936114],[1.444440874423841,47.10508033936114]],[[1.6422709444519132,47.78859570177377],[1.6414326939146824,47.787945162043926],[1.6422709444519132,47.78859570177377],[1.6422709444519132,47.78859570177377]],[[1.643245314029235,47.78935150950221],[1.6422709444519132,47.78859570177377],[1.643245314029235,47.78935150950221],[1.643245314029235,47.78935150950221]],[[1.6438689130863147,47.78983590240612],[1.643245314029235,47.78935150950221],[1.6438689130863147,47.78983590240612],[1.6438689130863147,47.78983590240612]],[[1.7709352725513403,47.81469494326689],[1.7698415353541546,47.814686710645425],[1.7709352725513403,47.81469494326689],[1.7709352725513403,47.81469494326689]],[[1.4554538798051342,47.64573105717782],[1.4550192790349068,47.64555750116421],[1.4554538798051342,47.64573105717782],[1.4554538798051342,47.64573105717782]],[[1.456656463362967,47.646191410745864],[1.4554538798051342,47.64573105717782],[1.456656463362967,47.646191410745864],[1.456656463362967,47.646191410745864]],[[1.4573289703126637,47.64644921596768],[1.456656463362967,47.646191410745864],[1.4573289703126637,47.64644921596768],[1.4573289703126637,47.64644921596768]],[[1.4337461021897557,47.63622928773734],[1.4331576507594883,47.63594303066003],[1.4337461021897557,47.63622928773734],[1.4337461021897557,47.63622928773734]],[[1.4331576507594883,47.63594303066003],[1.4322067051938598,47.6353646274816],[1.4331576507594883,47.63594303066003],[1.4331576507594883,47.63594303066003]],[[1.4322067051938598,47.6353646274816],[1.431131658468596,47.63460449391151],[1.4322067051938598,47.6353646274816],[1.4322067051938598,47.6353646274816]],[[1.06945348961699,47.28049055485261],[1.069016158994482,47.29660480579141],[1.06945348961699,47.28049055485261],[1.06945348961699,47.28049055485261]],[[0.5405384184669376,47.34285013620188],[0.37156074922419213,47.26812364481894],[0.5405384184669376,47.34285013620188],[0.5405384184669376,47.34285013620188]],[[0.3715607492241933,47.26812364481894],[0.5405384184669376,47.34285013620188],[0.3715607492241933,47.26812364481894],[0.3715607492241933,47.26812364481894]],[[0.48018139055414477,47.360547641467065],[0.45748955188423823,47.35634609506679],[0.48018139055414477,47.360547641467065],[0.48018139055414477,47.360547641467065]],[[0.46924725350845675,47.251160599859936],[0.4691159035940332,47.2510311811892],[0.46924725350845675,47.251160599859936],[0.46924725350845675,47.251160599859936]],[[0.46987624849353377,47.25040511420077],[0.46999926914533696,47.25060469650608],[0.46987624849353377,47.25040511420077],[0.46987624849353377,47.25040511420077]],[[0.46999926914533696,47.25060469650608],[0.4697963623608825,47.26965889546645],[0.46999926914533696,47.25060469650608],[0.46999926914533696,47.25060469650608]],[[0.4697963623608825,47.26965889546645],[0.4699992691453378,47.25060469650608],[0.4697963623608825,47.26965889546645],[0.4697963623608825,47.26965889546645]],[[0.46999926914533696,47.25060469650608],[0.37156074922419213,47.26812364481894],[0.46999926914533696,47.25060469650608],[0.46999926914533696,47.25060469650608]],[[0.4111895837169115,47.14689381401205],[0.2839286241283257,47.170859691332545],[0.4111895837169115,47.14689381401205],[0.4111895837169115,47.14689381401205]],[[0.45748955188423823,47.35634609506679],[0.45366033519095333,47.355645068155795],[0.45748955188423823,47.35634609506679],[0.45748955188423823,47.35634609506679]],[[0.436918136603693,47.348747538010215],[0.3968310326190187,47.339478878641955],[0.436918136603693,47.348747538010215],[0.436918136603693,47.348747538010215]],[[0.43421172155285115,47.115938378017404],[0.43416615313654827,47.11609725518593],[0.43421172155285115,47.115938378017404],[0.43421172155285115,47.115938378017404]],[[0.43421172155285037,47.115938378017404],[0.20816102244347498,47.10609393054432],[0.43421172155285037,47.115938378017404],[0.43421172155285037,47.115938378017404]],[[0.20816102244347498,47.10609393054432],[0.43421172155285115,47.115938378017404],[0.20816102244347498,47.10609393054432],[0.20816102244347498,47.10609393054432]],[[0.43421172155285115,47.115938378017404],[0.20816102244347456,47.10609393054432],[0.43421172155285115,47.115938378017404],[0.43421172155285115,47.115938378017404]],[[0.20816102244347456,47.10609393054432],[0.43421172155285037,47.115938378017404],[0.20816102244347456,47.10609393054432],[0.20816102244347456,47.10609393054432]],[[0.2817226634569345,47.1214936315914],[0.43421172155285037,47.115938378017404],[0.2817226634569345,47.1214936315914],[0.2817226634569345,47.1214936315914]],[[0.43421172155285037,47.115938378017404],[0.28172266345693403,47.1214936315914],[0.43421172155285037,47.115938378017404],[0.43421172155285037,47.115938378017404]],[[0.4119839318518517,47.105838802036544],[0.41065979973056593,47.10612028565968],[0.4119839318518517,47.105838802036544],[0.4119839318518517,47.105838802036544]],[[0.41065979973056593,47.10612028565968],[0.4119839318518517,47.10583880203653],[0.41065979973056593,47.10612028565968],[0.41065979973056593,47.10612028565968]],[[0.4025201120836546,47.12821874861553],[0.4024197984787216,47.130572460686906],[0.4025201120836546,47.12821874861553],[0.4025201120836546,47.12821874861553]],[[0.4016512338572966,46.981631363614845],[0.4025201120836546,47.12821874861553],[0.4016512338572966,46.981631363614845],[0.4016512338572966,46.981631363614845]],[[0.4025201120836546,47.12821874861553],[0.2817226634569345,47.1214936315914],[0.4025201120836546,47.12821874861553],[0.4025201120836546,47.12821874861553]],[[0.2816889502941952,47.121439869963034],[0.4037288099339035,47.128101761898904],[0.2816889502941952,47.121439869963034],[0.2816889502941952,47.121439869963034]],[[0.4037288099339035,47.128101761898904],[0.4033629163309116,46.977795253162824],[0.4037288099339035,47.128101761898904],[0.4037288099339035,47.128101761898904]],[[0.4015585041765893,46.982229228728926],[0.40372880993390386,47.128101761898904],[0.4015585041765893,46.982229228728926],[0.4015585041765893,46.982229228728926]],[[0.40372880993390386,47.128101761898904],[0.20816102244347498,47.10609393054432],[0.40372880993390386,47.128101761898904],[0.40372880993390386,47.128101761898904]],[[0.40372880993390386,47.128101761898904],[0.20816102244347456,47.10609393054432],[0.40372880993390386,47.128101761898904],[0.40372880993390386,47.128101761898904]],[[0.4037288099339035,47.128101761898904],[0.4015585041765893,46.982229228728926],[0.4037288099339035,47.128101761898904],[0.4037288099339035,47.128101761898904]],[[0.20816102244347498,47.10609393054432],[0.4037288099339035,47.128101761898904],[0.20816102244347498,47.10609393054432],[0.20816102244347498,47.10609393054432]],[[0.20816102244347456,47.10609393054432],[0.4037288099339035,47.128101761898904],[0.20816102244347456,47.10609393054432],[0.20816102244347456,47.10609393054432]],[[0.40372880993390386,47.128101761898904],[0.2816889502941952,47.121439869963034],[0.40372880993390386,47.128101761898904],[0.40372880993390386,47.128101761898904]],[[0.2817226634569345,47.1214936315914],[0.4025201120836538,47.12821874861553],[0.2817226634569345,47.1214936315914],[0.2817226634569345,47.1214936315914]],[[0.28168592934372616,47.1583108475604],[0.2817226634569345,47.1214936315914],[0.28168592934372616,47.1583108475604],[0.28168592934372616,47.1583108475604]],[[0.28172266345693403,47.1214936315914],[0.28168592934372616,47.1583108475604],[0.28172266345693403,47.1214936315914],[0.28172266345693403,47.1214936315914]],[[0.3932585356826518,47.33888667998565],[0.3925256269192904,47.338720796074],[0.3932585356826518,47.33888667998565],[0.3932585356826518,47.33888667998565]],[[0.3968310326190187,47.339478878641955],[0.3932585356826518,47.33888667998565],[0.3968310326190187,47.339478878641955],[0.3968310326190187,47.339478878641955]],[[0.3029805561001197,47.28945194289753],[0.3715607492241933,47.26812364481894],[0.3029805561001197,47.28945194289753],[0.3029805561001197,47.28945194289753]],[[0.2839286241283269,47.170859691332545],[0.37156074922419213,47.26812364481894],[0.2839286241283269,47.170859691332545],[0.2839286241283269,47.170859691332545]],[[0.3715607492241933,47.26812364481894],[0.2839286241283269,47.170859691332545],[0.3715607492241933,47.26812364481894],[0.3715607492241933,47.26812364481894]],[[0.2141660538032469,47.10525901440412],[0.2146600556983733,47.104268252412595],[0.2141660538032469,47.10525901440412],[0.2141660538032469,47.10525901440412]],[[0.21466005569837449,47.104268252412595],[0.2141660538032469,47.10525901440412],[0.21466005569837449,47.104268252412595],[0.21466005569837449,47.104268252412595]],[[0.21049766366899308,47.10324314194238],[0.2119371948537149,47.10426639462927],[0.21049766366899308,47.10324314194238],[0.21049766366899308,47.10324314194238]],[[0.2119371948537149,47.10426639462927],[0.20816102244347498,47.10609393054432],[0.2119371948537149,47.10426639462927],[0.2119371948537149,47.10426639462927]],[[0.2119371948537149,47.10426639462927],[0.21054224015628029,47.10587756744286],[0.2119371948537149,47.10426639462927],[0.2119371948537149,47.10426639462927]],[[0.21054224015628029,47.10587756744286],[0.2119371948537137,47.10426639462927],[0.21054224015628029,47.10587756744286],[0.21054224015628029,47.10587756744286]],[[0.2119371948537137,47.10426639462927],[0.21049766366899308,47.10324314194238],[0.2119371948537137,47.10426639462927],[0.2119371948537137,47.10426639462927]],[[0.20816102244347456,47.10609393054432],[0.21416605380324613,47.10525901440412],[0.20816102244347456,47.10609393054432],[0.20816102244347456,47.10609393054432]],[[0.2141660538032469,47.10525901440412],[0.20816102244347456,47.10609393054432],[0.2141660538032469,47.10525901440412],[0.2141660538032469,47.10525901440412]],[[0.21323725424594034,47.102920494797736],[0.21466005569837449,47.104268252412595],[0.21323725424594034,47.102920494797736],[0.21323725424594034,47.102920494797736]],[[0.21466005569837449,47.104268252412595],[0.21361125152593577,47.102893205460774],[0.21466005569837449,47.104268252412595],[0.21466005569837449,47.104268252412595]],[[0.21436577735053172,47.10267905659524],[0.21466005569837449,47.104268252412595],[0.21436577735053172,47.10267905659524],[0.21436577735053172,47.10267905659524]],[[0.2146600556983733,47.104268252412595],[0.21323725424594034,47.102920494797736],[0.2146600556983733,47.104268252412595],[0.2146600556983733,47.104268252412595]],[[0.2143751963876459,47.105154058347665],[0.2146600556983733,47.104268252412595],[0.2143751963876459,47.105154058347665],[0.2143751963876459,47.105154058347665]],[[0.21466005569837449,47.104268252412595],[0.2143751963876459,47.105154058347665],[0.21466005569837449,47.104268252412595],[0.21466005569837449,47.104268252412595]],[[0.37156074922419213,47.26812364481894],[0.3029805561001197,47.28945194289753],[0.37156074922419213,47.26812364481894],[0.37156074922419213,47.26812364481894]],[[0.30304728295258565,47.288073064923104],[0.37156074922419213,47.26812364481894],[0.30304728295258565,47.288073064923104],[0.30304728295258565,47.288073064923104]],[[0.3715607492241933,47.26812364481894],[0.30304728295258565,47.288073064923104],[0.3715607492241933,47.26812364481894],[0.3715607492241933,47.26812364481894]],[[0.2839286241283257,47.170859691332545],[0.2837678666693613,47.1233243509362],[0.2839286241283257,47.170859691332545],[0.2839286241283257,47.170859691332545]],[[0.2837678666693613,47.1233243509362],[0.2839286241283269,47.170859691332545],[0.2837678666693613,47.1233243509362],[0.2837678666693613,47.1233243509362]],[[0.2839286241283269,47.170859691332545],[0.28367685975199836,47.17057146668032],[0.2839286241283269,47.170859691332545],[0.2839286241283269,47.170859691332545]],[[0.3948324330686869,46.97809445967379],[0.39658013079691445,46.97752279833807],[0.3948324330686869,46.97809445967379],[0.3948324330686869,46.97809445967379]],[[0.4024197984787216,47.130572460686906],[0.4025201120836538,47.12821874861553],[0.4024197984787216,47.130572460686906],[0.4024197984787216,47.130572460686906]],[[0.41711966346163976,47.14205442570754],[0.41633834912459455,47.126417899643826],[0.41711966346163976,47.14205442570754],[0.41711966346163976,47.14205442570754]],[[0.37156074922419213,47.26812364481894],[0.4360413710276366,47.34326752949316],[0.37156074922419213,47.26812364481894],[0.37156074922419213,47.26812364481894]],[[0.4047946460277117,47.262727046338256],[0.4111895837169096,47.14689381401205],[0.4047946460277117,47.262727046338256],[0.4047946460277117,47.262727046338256]],[[0.4111895837169096,47.14689381401205],[0.4046676683711453,47.26264115607534],[0.4111895837169096,47.14689381401205],[0.4111895837169096,47.14689381401205]],[[0.3715607492241933,47.26812364481894],[0.4111895837169096,47.14689381401205],[0.3715607492241933,47.26812364481894],[0.3715607492241933,47.26812364481894]],[[0.397997204523945,47.257656469689515],[0.4111895837169096,47.14689381401205],[0.397997204523945,47.257656469689515],[0.397997204523945,47.257656469689515]],[[0.396548641448355,47.15023912946163],[0.4111895837169096,47.14689381401205],[0.396548641448355,47.15023912946163],[0.396548641448355,47.15023912946163]],[[0.4111895837169096,47.14689381401205],[0.41091037873686426,47.146879189083215],[0.4111895837169096,47.14689381401205],[0.4111895837169096,47.14689381401205]],[[0.4046676683711453,47.26264115607534],[0.4111895837169115,47.14689381401205],[0.4046676683711453,47.26264115607534],[0.4046676683711453,47.26264115607534]],[[0.4111895837169115,47.14689381401205],[0.37156074922419213,47.26812364481894],[0.4111895837169115,47.14689381401205],[0.4111895837169115,47.14689381401205]],[[0.4111895837169115,47.14689381401205],[0.3715607492241933,47.26812364481894],[0.4111895837169115,47.14689381401205],[0.4111895837169115,47.14689381401205]],[[0.4111895837169115,47.14689381401205],[0.397997204523945,47.257656469689515],[0.4111895837169115,47.14689381401205],[0.4111895837169115,47.14689381401205]],[[0.4111895837169115,47.14689381401205],[0.396548641448355,47.15023912946163],[0.4111895837169115,47.14689381401205],[0.4111895837169115,47.14689381401205]],[[0.4699992691453378,47.25060469650608],[0.4700816649701755,47.31900443176459],[0.4699992691453378,47.25060469650608],[0.4699992691453378,47.25060469650608]],[[0.4700816649701755,47.31900443176459],[0.46999926914533696,47.25060469650608],[0.4700816649701755,47.31900443176459],[0.4700816649701755,47.31900443176459]],[[0.37156074922419213,47.26812364481894],[0.4699992691453378,47.25060469650608],[0.37156074922419213,47.26812364481894],[0.37156074922419213,47.26812364481894]],[[0.3715607492241933,47.26812364481894],[0.469247253508456,47.251160599859936],[0.3715607492241933,47.26812364481894],[0.3715607492241933,47.26812364481894]],[[0.46924725350845675,47.251160599859936],[0.3715607492241933,47.26812364481894],[0.46924725350845675,47.251160599859936],[0.46924725350845675,47.251160599859936]],[[0.469247253508456,47.251160599859936],[0.37156074922419213,47.26812364481894],[0.469247253508456,47.251160599859936],[0.469247253508456,47.251160599859936]],[[0.37156074922419213,47.26812364481894],[0.46924725350845675,47.251160599859936],[0.37156074922419213,47.26812364481894],[0.37156074922419213,47.26812364481894]],[[0.4037288099339035,47.128101761898904],[0.46929034913199413,47.24660992692772],[0.4037288099339035,47.128101761898904],[0.4037288099339035,47.128101761898904]],[[0.4657183827045247,47.22515997963534],[0.4667574880679711,47.2467126794429],[0.4657183827045247,47.22515997963534],[0.4657183827045247,47.22515997963534]],[[0.4667574880679711,47.2467126794429],[0.4659800851292313,47.24695455564561],[0.4667574880679711,47.2467126794429],[0.4667574880679711,47.2467126794429]],[[0.46999926914533696,47.25060469650608],[0.4698089323888988,47.24510226981389],[0.46999926914533696,47.25060469650608],[0.46999926914533696,47.25060469650608]],[[0.46929034913199336,47.24660992692772],[0.46999926914533696,47.25060469650608],[0.46929034913199336,47.24660992692772],[0.46929034913199336,47.24660992692772]],[[0.4699992691453378,47.25060469650608],[0.46929034913199336,47.24660992692772],[0.4699992691453378,47.25060469650608],[0.4699992691453378,47.25060469650608]],[[0.46905130847349263,47.24644464972392],[0.46929034913199413,47.24660992692772],[0.46905130847349263,47.24644464972392],[0.46905130847349263,47.24644464972392]],[[0.46922559073773984,47.319836747333646],[0.46929034913199336,47.24660992692772],[0.46922559073773984,47.319836747333646],[0.46922559073773984,47.319836747333646]],[[0.46929034913199413,47.24660992692772],[0.46922559073773984,47.319836747333646],[0.46929034913199413,47.24660992692772],[0.46929034913199413,47.24660992692772]],[[0.46929034913199413,47.24660992692772],[0.469247253508456,47.251160599859936],[0.46929034913199413,47.24660992692772],[0.46929034913199413,47.24660992692772]],[[0.46905130847349263,47.24644464972392],[0.469247253508456,47.251160599859936],[0.46905130847349263,47.24644464972392],[0.46905130847349263,47.24644464972392]],[[0.46905130847349263,47.24644464972392],[0.46924725350845675,47.251160599859936],[0.46905130847349263,47.24644464972392],[0.46905130847349263,47.24644464972392]],[[0.46924725350845675,47.251160599859936],[0.46929034913199413,47.24660992692772],[0.46924725350845675,47.251160599859936],[0.46924725350845675,47.251160599859936]],[[0.469247253508456,47.251160599859936],[0.46929034913199336,47.24660992692772],[0.469247253508456,47.251160599859936],[0.469247253508456,47.251160599859936]],[[0.46924725350845675,47.251160599859936],[0.46929034913199336,47.24660992692772],[0.46924725350845675,47.251160599859936],[0.46924725350845675,47.251160599859936]],[[0.4698089323888988,47.24510226981389],[0.4699992691453378,47.25060469650608],[0.4698089323888988,47.24510226981389],[0.4698089323888988,47.24510226981389]],[[1.1082283618200524,47.448707372153585],[1.1080340560959867,47.4486201125648],[1.1082283618200524,47.448707372153585],[1.1082283618200524,47.448707372153585]],[[1.1080340560959867,47.4486201125648],[1.1082283618200524,47.44870737215357],[1.1080340560959867,47.4486201125648],[1.1080340560959867,47.4486201125648]],[[1.147411737896298,47.153243519381185],[1.1430074801969758,47.15389156559717],[1.147411737896298,47.153243519381185],[1.147411737896298,47.153243519381185]],[[1.1430074801969758,47.15389156559717],[1.1396738322829312,47.154327472018096],[1.1430074801969758,47.15389156559717],[1.1430074801969758,47.15389156559717]],[[1.138469580534886,47.155198293575026],[1.1360578423250611,47.15815900043959],[1.138469580534886,47.155198293575026],[1.138469580534886,47.155198293575026]],[[1.1360578423250611,47.15815900043959],[1.123810586437214,47.17269164089714],[1.1360578423250611,47.15815900043959],[1.1360578423250611,47.15815900043959]],[[1.123810586437214,47.17269164089714],[1.0082815476832474,47.29403630874883],[1.123810586437214,47.17269164089714],[1.123810586437214,47.17269164089714]],[[0.2839286241283257,47.170859691332545],[0.4119839318518517,47.10583880203653],[0.2839286241283257,47.170859691332545],[0.2839286241283257,47.170859691332545]],[[0.4116619656770963,47.146438410584466],[0.4119839318518517,47.10583880203653],[0.4116619656770963,47.146438410584466],[0.4116619656770963,47.146438410584466]],[[0.4119839318518517,47.10583880203653],[0.4118754200285162,47.280660753943955],[0.4119839318518517,47.10583880203653],[0.4119839318518517,47.10583880203653]],[[0.4118754200285162,47.280660753943955],[0.4119839318518517,47.105838802036544],[0.4118754200285162,47.280660753943955],[0.4118754200285162,47.280660753943955]],[[0.4119839318518517,47.105838802036544],[0.2839286241283257,47.170859691332545],[0.4119839318518517,47.105838802036544],[0.4119839318518517,47.105838802036544]]],[[[-1.8340639960112675,46.61501540773288],[-1.832908377304668,46.61575343244289],[-1.8320226566738411,46.616196923151],[-1.8314068341187875,46.616345879857214],[-1.8308478491251707,46.61641848342781],[-1.8303457016929914,46.61641473386278],[-1.8298269802611002,46.61640126196337],[-1.8292916848294971,46.61637806772957],[-1.8285838996335593,46.61618754227932],[-1.8277036246732863,46.61582968561261],[-1.820383904646475,46.61146354522501],[-1.8066247395531254,46.6030891211165],[-1.7984555608193,46.59737394955244],[-1.7958763684449992,46.594318030532854],[-1.7892368916657553,46.5873775137551],[-1.7785371304815678,46.57655239921918],[-1.7732271068428354,46.57065612602166],[-1.7733068207495584,46.56968869416254],[-1.775834165663392,46.56164535012609],[-1.7808091415843366,46.54652609391234],[-1.7833188407156821,46.538931369225956],[-1.7833632630574285,46.53886117606694],[-1.7834994316994042,46.53881375467225],[-1.783727346641609,46.53878910504187],[-1.7854219862094602,46.538910952557586],[-1.7885833504029576,46.53917929721939],[-1.8036903979388161,46.55402162889534],[-1.8307431288170357,46.58343794758544],[-1.8443597224886816,46.59824914385261],[-1.8445401789537539,46.598455217696866],[-1.844561264724124,46.59869733634411],[-1.8444229797997926,46.598975499794335],[-1.841925829344362,46.602997534984056],[-1.837069813357832,46.61076344191327],[-1.8340639960112675,46.61501540773288]]],[[[-1.2994095929000078,46.56682826476788],[-1.2805454947241468,46.57506299219872],[-1.2705810443327725,46.57913814177647],[-1.2695162417258852,46.57905371350113],[-1.2686215663667555,46.57887699260518],[-1.2678970182553835,46.57860797908861],[-1.2548805635204041,46.56630698552559],[-1.2295722021618176,46.54197401191613],[-1.2169034349480685,46.52919197815613],[-1.2168742618791564,46.527960884245594],[-1.2174464265068548,46.52700537187729],[-1.2186199288311632,46.526325441051206],[-1.2194464761322035,46.52588390164162],[-1.2199260684099753,46.52568075364851],[-1.2417604498897625,46.5259176862529],[-1.284949620571565,46.526594699454805],[-1.308628636895827,46.52707169309829],[-1.312797498862549,46.52734866718337],[-1.3199126961968564,46.528011527740475],[-1.3299742288987493,46.529060274769606],[-1.3352651640988593,46.529627534871416],[-1.3357855017971865,46.529713308045906],[-1.3362564119998845,46.52984288839898],[-1.3366778947069535,46.53001627593065],[-1.3372568649921994,46.530272061620096],[-1.3379933228556227,46.53061024546731],[-1.3309815743374853,46.538762228306304],[-1.3162216194377871,46.554728010137076],[-1.2994095929000078,46.56682826476788]]],[[[-0.8093414326910154,46.50786316880012],[-0.8090064022169189,46.507719414222294],[-0.806514455260581,46.5063711231023],[-0.8018655918220019,46.50381829544015],[-0.7994027582346702,46.50228139953542],[-0.799125954498586,46.501760435388135],[-0.7988531728940116,46.500973599475245],[-0.798584413420947,46.499920891796776],[-0.798504971598555,46.49928047563728],[-0.7986148474268359,46.499052350996756],[-0.8171024078293173,46.467053592789384],[-0.8539676528059994,46.40328420101515],[-0.8726310163382084,46.37100620672304],[-0.8730924984259442,46.370219609913065],[-0.8738944917022725,46.36890191404081],[-0.8750369961671935,46.367053119106274],[-0.8765835023823236,46.36598208089255],[-0.8785340103476629,46.36568879939962],[-0.8800070975504497,46.366614063493074],[-0.8810027639906841,46.368757873172896],[-0.8815045113073132,46.369842243972855],[-0.881512339500337,46.36986717589296],[-0.8817473416580144,46.37096297055989],[-0.8822095177803456,46.373129627973626],[-0.8798080692974068,46.389481569794405],[-0.8745429962091982,46.420018796022234],[-0.8718340188752046,46.43545237040112],[-0.8716811372954261,46.43578229293106],[-0.8569609077622147,46.45395631657097],[-0.8276733302755709,46.48997444132084],[-0.8126025228088685,46.508136534609804],[-0.8117484853621075,46.50844259643788],[-0.8111613599519405,46.50855553125248],[-0.8108411465783674,46.50847533905362],[-0.8105352319514955,46.5083736868905],[-0.8102436160713248,46.50825057476313],[-0.8099505930804455,46.508125525546845],[-0.8096561629788577,46.50799853924164],[-0.8093414326910154,46.50786316880012]],[[-0.8712870451782667,46.43409517308649],[-0.8712889429123256,46.434096190558606],[-0.871286908714034,46.434095087561666],[-0.8712870451782667,46.43409517308649]]],[[[0.4334516467563299,46.64839230242949],[0.43250398301151427,46.64755585410559],[0.43147633582976785,46.64718879780834],[0.43036870521109066,46.64729113353774],[0.38313870445326825,46.649978106901415],[0.28978633355630057,46.65524971789936],[0.2414642956725289,46.65807084538877],[0.23817259080195324,46.658441489369636],[0.1945350330242745,46.668477284739915],[0.11055162233949262,46.68817823149961],[0.0680955121364817,46.698099323524225],[0.06716670241524168,46.698240560813765],[0.05212159342097991,46.705450335812614],[0.022960185153696362,46.71972864852076],[0.00804930198969166,46.727652012573245],[0.007388943928965806,46.72922042797005],[0.007360738798561974,46.73022414314219],[0.007964686598480163,46.73066315808964],[0.011924246606722647,46.73276685969697],[0.01923941882328942,46.736535247964184],[0.023262858894685334,46.73857485170508],[0.023994566820910383,46.738885670919665],[0.031731566637898743,46.742572483895934],[0.046473858345650404,46.74963529063388],[0.05443495081163548,46.75353836051163],[0.055614844035853955,46.754281693529165],[0.06703295772932033,46.755184101513905],[0.08868929189203457,46.756245584465844],[0.1222556011561525,46.767478853903846],[0.16773188552167412,46.78888390982791],[0.19147505021080782,46.79968389716875],[0.1934850952235536,46.79987881592637],[0.20626945019827464,46.80114817142167],[0.22982811513497092,46.80349196365465],[0.2896869553596737,46.76570052647621],[0.38584597087238304,46.68777385988636],[0.4334516467563299,46.64839230242949]],[[0.439068903600109,46.66181036059472],[0.43941368728906044,46.66286039705986],[0.439068903600109,46.66181036059472],[0.439068903600109,46.66181036059472]],[[0.43392547862873776,46.64881052659144],[0.43638199774402403,46.65408187619633],[0.43392547862873776,46.64881052659144],[0.43392547862873776,46.64881052659144]],[[0.39105666387838345,46.75281384013135],[0.3931959396493159,46.753443765287976],[0.44803402214772964,46.74312033092683],[0.39105666387838345,46.75281384013135]],[[0.3704736603830388,46.75296623902041],[0.3293076533923495,46.75327103679854],[0.29902745299547406,46.75890273357545],[0.2796330591924124,46.76986132935113],[0.2635528746156346,46.78233131857362],[0.25078689926514075,46.796312701242904],[0.24428238131490418,46.80339437934112],[0.24403932076492496,46.80357635286828],[0.2807025088370474,46.79095396475674],[0.35427194553127145,46.76552721500648],[0.3704736603830388,46.75296623902041]],[[0.44842132138499635,46.703653403647124],[0.43941368728906044,46.66286039705986],[0.44842132138499635,46.703653403647124],[0.44842132138499635,46.703653403647124]],[[0.24239637869950212,46.80480874000169],[0.241815424015993,46.80470488788404],[0.24160744760331904,46.80466385977114],[0.24239637869950212,46.80480874000169]],[[0.45040816900969716,46.71343691057618],[0.44803402214772964,46.74312033092683],[0.45040816900969716,46.71343691057618],[0.45040816900969716,46.71343691057618]],[[0.44842132138499635,46.703653403647124],[0.45040816900969716,46.71343691057618],[0.44842132138499635,46.703653403647124],[0.44842132138499635,46.703653403647124]],[[0.439068903600109,46.66181036059472],[0.43638199774402403,46.65408187619633],[0.439068903600109,46.66181036059472],[0.439068903600109,46.66181036059472]],[[0.24239637869950212,46.80480874000169],[0.24391779048993537,46.803667339631865],[0.24239637869950212,46.80480874000169],[0.24239637869950212,46.80480874000169]]],[[[0.33305991723175093,47.6024477402333],[0.3294801098146394,47.60955775315459],[0.3389340453510071,47.629922438681],[0.3614217238408541,47.663541796812524],[0.37366884823224783,47.68084369873998],[0.3756754185251883,47.68182814446336],[0.40654435602750666,47.69850439771446],[0.46627566073920285,47.730872458493266],[0.5043175403732644,47.75228486680181],[0.5206699949296912,47.762741622640085],[0.48034712189100515,47.725700683862584],[0.3833489212572062,47.64116205046929],[0.33305991723175093,47.6024477402333]],[[0.3380368117840305,47.59584912041839],[0.4877243219300407,47.59955781529503],[0.3380368117840305,47.59584912041839],[0.3380368117840305,47.59584912041839]],[[0.3348498209403067,47.598892733772644],[0.33594011502816656,47.597192294056065],[0.3348498209403067,47.598892733772644],[0.3348498209403067,47.598892733772644]],[[0.5307652348814149,47.768155553236255],[0.5288462222079047,47.767970000559224],[0.5307652348814149,47.768155553236255],[0.5307652348814149,47.768155553236255]],[[0.48865464161393707,47.59961224924781],[0.4877243219300407,47.59955781529503],[0.48865464161393707,47.59961224924781],[0.48865464161393707,47.59961224924781]],[[0.4930202500030084,47.60148565276795],[0.48865464161393707,47.59961224924781],[0.4930202500030084,47.60148565276795],[0.4930202500030084,47.60148565276795]],[[0.5464748916757519,47.643475400263725],[0.4930202500030084,47.60148565276795],[0.5464748916757519,47.643475400263725],[0.5464748916757519,47.643475400263725]],[[0.5479131050410299,47.64415237077408],[0.5464748916757519,47.643475400263725],[0.5479131050410299,47.64415237077408],[0.5479131050410299,47.64415237077408]],[[0.5491525295764141,47.64484483734082],[0.5479131050410299,47.64415237077408],[0.5491525295764141,47.64484483734082],[0.5491525295764141,47.64484483734082]],[[0.5892691318387797,47.69677101092586],[0.5491525295764141,47.64484483734082],[0.5892691318387797,47.69677101092586],[0.5892691318387797,47.69677101092586]],[[0.6892419197345032,47.73610530336561],[0.5892691318387797,47.69677101092586],[0.6892419197345032,47.73610530336561],[0.6892419197345032,47.73610530336561]],[[0.7395547784007989,47.737500528472935],[0.6892419197345032,47.73610530336561],[0.7395547784007989,47.737500528472935],[0.7395547784007989,47.737500528472935]],[[0.7883239888675146,47.72482465397712],[0.7395547784007989,47.737500528472935],[0.7883239888675146,47.72482465397712],[0.7883239888675146,47.72482465397712]],[[0.7891693715295168,47.72443537576058],[0.7883239888675146,47.72482465397712],[0.7891693715295168,47.72443537576058],[0.7891693715295168,47.72443537576058]],[[0.8376148523808999,47.71371253061046],[0.7891693715295168,47.72443537576058],[0.8376148523808999,47.71371253061046],[0.8376148523808999,47.71371253061046]],[[0.8398662162870835,47.71403417055774],[0.8376148523808999,47.71371253061046],[0.8398662162870835,47.71403417055774],[0.8398662162870835,47.71403417055774]],[[0.8408463444277686,47.714326347725795],[0.8398662162870835,47.71403417055774],[0.8408463444277686,47.714326347725795],[0.8408463444277686,47.714326347725795]],[[0.9187016518601624,47.74171485290606],[0.8408463444277686,47.714326347725795],[0.9187016518601624,47.74171485290606],[0.9187016518601624,47.74171485290606]],[[0.9197997106911583,47.74178001407822],[0.9187016518601624,47.74171485290606],[0.9197997106911583,47.74178001407822],[0.9197997106911583,47.74178001407822]],[[0.9242125055937843,47.743837468318716],[0.9197997106911583,47.74178001407822],[0.9242125055937843,47.743837468318716],[0.9242125055937843,47.743837468318716]],[[0.9852283020582774,47.75949773536563],[0.9242125055937843,47.743837468318716],[0.9852283020582774,47.75949773536563],[0.9852283020582774,47.75949773536563]],[[0.9883032974002677,47.76013205437827],[0.9852283020582774,47.75949773536563],[0.9883032974002677,47.76013205437827],[0.9883032974002677,47.76013205437827]],[[1.0378106526911113,47.769105759193714],[0.9883032974002677,47.76013205437827],[1.0378106526911113,47.769105759193714],[1.0378106526911113,47.769105759193714]],[[1.0422965325520261,47.77060552727298],[1.0378106526911113,47.769105759193714],[1.0422965325520261,47.77060552727298],[1.0422965325520261,47.77060552727298]],[[1.0432053254070681,47.77095210251529],[1.0422965325520261,47.77060552727298],[1.0432053254070681,47.77095210251529],[1.0432053254070681,47.77095210251529]],[[1.044728463486448,47.77160753497496],[1.0432053254070681,47.77095210251529],[1.044728463486448,47.77160753497496],[1.044728463486448,47.77160753497496]],[[1.045392468171991,47.772235763185556],[1.044728463486448,47.77160753497496],[1.045392468171991,47.772235763185556],[1.045392468171991,47.772235763185556]],[[1.058104012346948,47.78807379408719],[1.045392468171991,47.772235763185556],[1.058104012346948,47.78807379408719],[1.058104012346948,47.78807379408719]],[[1.0606385225735724,47.81220641902063],[1.058104012346948,47.78807379408719],[1.0606385225735724,47.81220641902063],[1.0606385225735724,47.81220641902063]],[[1.0598639853689236,47.813366921827125],[1.0606385225735724,47.81220641902063],[1.0598639853689236,47.813366921827125],[1.0598639853689236,47.813366921827125]],[[0.9797520526987724,47.838386712410774],[1.0598639853689236,47.813366921827125],[0.9797520526987724,47.838386712410774],[0.9797520526987724,47.838386712410774]],[[0.9772845177953134,47.83860506921642],[0.9797520526987724,47.838386712410774],[0.9772845177953134,47.83860506921642],[0.9772845177953134,47.83860506921642]],[[0.9762551211080599,47.83863123286431],[0.9772845177953134,47.83860506921642],[0.9762551211080599,47.83863123286431],[0.9762551211080599,47.83863123286431]],[[0.7764198038613064,47.788899655714],[0.9762551211080599,47.83863123286431],[0.7764198038613064,47.788899655714],[0.7764198038613064,47.788899655714]],[[0.6961516459507032,47.78413567841852],[0.7764198038613064,47.788899655714],[0.6961516459507032,47.78413567841852],[0.6961516459507032,47.78413567841852]],[[0.5307652348814149,47.768155553236255],[0.6961516459507032,47.78413567841852],[0.5307652348814149,47.768155553236255],[0.5307652348814149,47.768155553236255]],[[0.33789342296004976,47.595888989475114],[0.33726243492888075,47.59629230474359],[0.33789342296004976,47.595888989475114],[0.33789342296004976,47.595888989475114]],[[0.33726243492888075,47.59629230474359],[0.33594011502816656,47.597192294056065],[0.33726243492888075,47.59629230474359],[0.33726243492888075,47.59629230474359]],[[0.3380368117840305,47.59584912041839],[0.33789342296004976,47.595888989475114],[0.3380368117840305,47.59584912041839],[0.3380368117840305,47.59584912041839]]],[[[2.176396074341323,47.087641932480835],[2.1751681585228493,47.087356271697324],[2.1743720816621757,47.08722031114806],[2.174007843759301,47.08723405083305],[2.135337793076195,47.07811644100249],[2.0583619296128584,47.0598674816564],[2.0186194968177964,47.05066775051926],[2.01611049469101,47.050517247591074],[2.0128369945274835,47.05090574652495],[2.008798996327218,47.05183324732089],[2.0066234957912004,47.05293224879204],[2.00631049291943,47.0542027509384],[2.0061342440062777,47.05493950013721],[2.006094749051743,47.05514249638849],[2.0061580018628273,47.05572199591475],[2.0063240024395306,47.05667799871598],[2.0084746169558083,47.06543891222967],[2.012609845411661,47.08200473645581],[2.014863847052591,47.09060668858905],[2.015236621878598,47.0912447686294],[2.055819765031341,47.09061904720533],[2.13661327651082,47.08872952431683],[2.176396074341323,47.087641932480835]],[[2.1320991121045108,47.17710327218442],[2.134185282702794,47.17596069408958],[2.136535064235473,47.174429837990225],[2.1320991121045108,47.17710327218442]],[[2.125832200673424,47.17191528470325],[2.1306970575659885,47.176499342760195],[2.125832200673424,47.17191528470325],[2.125832200673424,47.17191528470325]],[[2.0371281952513165,47.1045878731116],[2.037428817434896,47.10476711927097],[2.0371281952513165,47.1045878731116],[2.0371281952513165,47.1045878731116]],[[2.177152865268555,47.08829248011091],[2.1774385313045466,47.08930791458754],[2.177587460432026,47.09020037678385],[2.1775996526509918,47.09096986669983],[2.174704595738483,47.10250299927713],[2.1689022896945005,47.12479977451576],[2.165976689844486,47.13605713053593],[2.1659277961884404,47.13627506733763],[2.165818234086938,47.13676181545837],[2.165648003539979,47.13751737489815],[2.165450406641453,47.13816107100959],[2.1652254433913605,47.13869290379267],[2.1680872293873756,47.12616530585631],[2.1740357646294983,47.1005782772005],[2.177152865268555,47.08829248011091]],[[2.1374504775014778,47.173409576717724],[2.1377323505187187,47.17306040898619],[2.1416597998710234,47.168591599411876],[2.1492328255583923,47.16000314799479],[2.1556787806400024,47.152068497534025],[2.160997665115853,47.144787648029585],[2.1640210709569128,47.14060012250408],[2.1647489981631804,47.139505920957504],[2.15816210657295,47.147615155284036],[2.1442603961862217,47.16492782548367],[2.1374504775014778,47.173409576717724]],[[2.1373095409928573,47.17358416058349],[2.136535064235473,47.174429837990225],[2.1373095409928573,47.17358416058349],[2.1373095409928573,47.17358416058349]],[[2.1320991121045108,47.17710327218442],[2.1315352381404367,47.177212757408846],[2.1320991121045108,47.17710327218442],[2.1320991121045108,47.17710327218442]],[[2.1315352381404367,47.177212757408846],[2.1306970575659885,47.176499342760195],[2.1315352381404367,47.177212757408846],[2.1315352381404367,47.177212757408846]],[[2.125832200673424,47.17191528470325],[2.037428817434896,47.10476711927097],[2.125832200673424,47.17191528470325],[2.125832200673424,47.17191528470325]],[[2.0371281952513165,47.1045878731116],[2.015423009291602,47.091563808649575],[2.0371281952513165,47.1045878731116],[2.0371281952513165,47.1045878731116]]],[[[2.3476651650755507,46.54223982591776],[2.2572494136612464,46.543557338134846],[2.187329402222547,46.54074832000733],[2.137905130759452,46.53381277153524],[2.107553997861621,46.52984999698048],[2.096276003529054,46.52885999634305],[2.0902302553530494,46.52840174686601],[2.089416753333608,46.52847524854936],[2.088939001811771,46.52858674993617],[2.0887970007875385,46.528736251026416],[2.0886639999607253,46.529519252437325],[2.0885399993313305,46.530935754168866],[2.088515498771289,46.531920002320085],[2.0885904982806,46.53247199689098],[2.0886644992251853,46.532861996134656],[2.0887375016050447,46.53309000005111],[2.0888275011029585,46.53330000083946],[2.0889344977189257,46.533491998499706],[2.089112996692589,46.533805498386464],[2.089362998023947,46.534240500499735],[2.089952997091098,46.5346002520296],[2.0908829938940414,46.53488475297606],[2.1080759933668345,46.542743502870536],[2.141531995509477,46.55817650171304],[2.158778498587482,46.566057501217074],[2.1598155026008494,46.56638650138264],[2.218468763651326,46.56030851855138],[2.33473828173891,46.54782355272327],[2.3476651650755507,46.54223982591776]],[[2.4417984831974144,46.55594566554835],[2.4293046012131247,46.55639129104309],[2.4219547869535836,46.55648628326421],[2.4197490404187922,46.556230642211716],[2.381137340148517,46.55853736267302],[2.3061196861427584,46.56340644464813],[2.3134695004022987,46.56331145242701],[2.4031867829271394,46.558252386009656],[2.4417984831974144,46.55594566554835]],[[2.4480454241895595,46.55572285280098],[2.448227123554769,46.55503100268218],[2.44791574980919,46.553773382180275],[2.4480454241895595,46.55572285280098]],[[2.394167487033429,46.54149761368565],[2.3967563795348825,46.541330701438525],[2.3982830552889056,46.54127133789755],[2.3987475142954984,46.54131952306274],[2.4102747048902393,46.543872854036955],[2.4328646270731276,46.548931330820196],[2.4313379513191045,46.548990694361166],[2.40569467762817,46.54405094465987],[2.394167487033429,46.54149761368565]],[[2.170833996993218,46.56676100125292],[2.163690003065108,46.566698006007115],[2.160334004607533,46.56655100146543],[2.170833996993218,46.56676100125292]],[[2.4462083064988165,46.55246002893467],[2.4441595881645717,46.55146056921182],[2.4462083064988165,46.55246002893467],[2.4462083064988165,46.55246002893467]],[[2.170833996993218,46.56676100125292],[2.2686108591398786,46.56584098563569],[2.170833996993218,46.56676100125292],[2.170833996993218,46.56676100125292]],[[2.4462083064988165,46.55246002893467],[2.44791574980919,46.553773382180275],[2.4462083064988165,46.55246002893467],[2.4462083064988165,46.55246002893467]]],[[[2.4461165968725602,47.17583699141284],[2.4462874661708547,47.1764138603514],[2.446544170990045,47.1771081357803],[2.4468867113301314,47.17791981769952],[2.451711370274639,47.18475352447568],[2.4610181478235673,47.19760925610879],[2.4676888232675225,47.20550125350947],[2.471723396606504,47.20842951667771],[2.4822805736663476,47.21515300173354],[2.4993603544470537,47.22567170867694],[2.5088507133159506,47.23102513657284],[2.5107516502730385,47.23121328542122],[2.5122839946369684,47.231326309418186],[2.5134477464077403,47.23136420856376],[2.514682513877384,47.23140961472335],[2.5159882970458995,47.23146252789695],[2.5222660198706786,47.231798628839115],[2.5335156823517204,47.23241791754984],[2.556514557346788,47.23689976634972],[2.59126264485588,47.24524417523877],[2.6112160227360395,47.250453118708364],[2.616374690987267,47.252526596758514],[2.660723240670831,47.28414812007243],[2.7442616717867336,47.34531768865011],[2.794341681530384,47.41315223395122],[2.810963269901783,47.48765175597575],[2.793120056047557,47.55855476634689],[2.740812039967706,47.62586126506463],[2.7023663689912274,47.66336892415414],[2.67778304311812,47.67107774361543],[2.66407254572526,47.67524891843453],[2.661234876812647,47.67588244861144],[2.6595294918680508,47.676352631143466],[2.6589563908914715,47.67665946603061],[2.6586200327524816,47.67698404724807],[2.658520417451081,47.677326374795875],[2.6585739055209037,47.67779849182094],[2.658780496961949,47.67840039832328],[2.658996738207978,47.678838179062815],[2.6592226292589896,47.67911183403953],[2.6595705890816057,47.67925247312165],[2.6600406176758264,47.67926009630914],[2.6701088227938845,47.6765378170342],[2.68977520443578,47.67108563529685],[2.700359303453316,47.66812069023863],[2.7018611198464924,47.66764298185957],[2.703478937951192,47.667019528790256],[2.7052127577674154,47.66625033103069],[2.707042396235753,47.665401282148984],[2.708967853356206,47.66447238214514],[2.7106519584447684,47.663635072603896],[2.7120947115014387,47.66288935352524],[2.7616051413436313,47.63710515912141],[2.8591832479713455,47.58628248939242],[2.934482232592716,47.52900388903163],[2.987502095207743,47.465269358039045],[3.014115046446262,47.433097285344985],[3.0143210863082714,47.432487670949456],[3.0144357295118307,47.43214087753312],[3.0144589760569396,47.43205690509599],[3.0174516500531086,47.414333367938454],[3.0234137515003376,47.378970266060506],[3.026520209623373,47.36050994906943],[3.0267710244222137,47.35895241696523],[3.0170734447046073,47.334625199701165],[2.9974274704705532,47.28752829727724],[2.987164608699793,47.263851428625834],[2.9862848593923275,47.263594593746944],[2.9510524811338548,47.26983008572669],[2.881467473924374,47.28255790456507],[2.803947660867016,47.27531852286587],[2.718493041961781,47.24811194062908],[2.662981305435849,47.23200324523946],[2.63741245128922,47.226992436697],[2.591659544334521,47.2159736047809],[2.5257225845717515,47.19894674949114],[2.4822052252035363,47.18687813987355],[2.4611074662298753,47.17976777592813],[2.4502907176473525,47.176118385455304],[2.449754979455968,47.175929968455094],[2.44862312332606,47.17576395920213],[2.4468951492576285,47.17562035769641],[2.4461165968725602,47.17583699141284]],[[2.446031162223413,47.175548556943546],[2.4494871103602756,47.17583575995499],[2.446031162223413,47.175548556943546],[2.446031162223413,47.175548556943546]]],[[[3.093969109405325,45.96413112680918],[3.09403736620039,45.96425236659136],[3.0941874015549935,45.964491187625725],[3.094419215469136,45.96484758991227],[3.0982611576491887,45.967685644493464],[3.1057132280951514,45.97300535136932],[3.112077161132203,45.97593040717384],[3.1173529567603424,45.976460811907],[3.120264546263365,45.976715682475884],[3.1208119296412713,45.97669501888048],[3.1181512373005367,45.961116652436246],[3.11228246924116,45.929980583143205],[3.1115954834696957,45.90104694204278],[3.1160902799861416,45.87431572913499],[3.1624363856849165,45.83680751487281],[3.2506338005660202,45.78852229925623],[3.2949508039754027,45.76442007033234],[3.2953873959130657,45.76450082810117],[3.2968164253325836,45.76392585204806],[3.299237892233956,45.76269514217304],[3.306884271335173,45.75730709289935],[3.319755562636234,45.74776170422699],[3.326003964681906,45.7425435355446],[3.32562947747219,45.74165258685217],[3.3027450517375367,45.69920421420782],[3.257350687477947,45.61519841761154],[3.2346529514073508,45.57296612349441],[3.2346518435257474,45.57250733185644],[3.2299482493034373,45.543733978105315],[3.2205421687404203,45.48664606224102],[3.21571192054166,45.457934011280024],[3.2154575047071563,45.457597825222315],[3.2148022027379723,45.457064337055556],[3.213746014634108,45.456333546779746],[3.211872079135002,45.455438765845486],[3.209180396240655,45.45437999425276],[3.2070285465292434,45.453645642810315],[3.205416530000768,45.45323571151815],[3.1978994190649326,45.45192884985548],[3.1844772137217365,45.44972505782231],[3.1771371833395854,45.44868545036921],[3.1758793279184796,45.44881002749618],[3.172728191926761,45.453701998532395],[3.167683775364428,45.463361363477865],[3.1650940743105935,45.46836813161517],[3.164959088765256,45.46872230294433],[3.156697714586312,45.50716324936191],[3.140309951773763,45.58369097086793],[3.1232350641661246,45.641732319577514],[3.1054730517633966,45.68128729549067],[3.084475688575111,45.7437400086403],[3.060242974601267,45.8290904590264],[3.048135494046303,45.871892267152646],[3.0481532469102186,45.87214543301903],[3.048175999421791,45.872329574011395],[3.0482037515810196,45.87244469012975],[3.0596469659974233,45.89539431287122],[3.082505642671003,45.9411784422358],[3.093969109405325,45.96413112680918]]],[[[3.3094176531583708,46.497358222672204],[3.3097941219356466,46.49613600312654],[3.31011292695235,46.49509364757476],[3.3103740682084823,46.49423115601688],[3.3119300175494475,46.48725312649559],[3.3147807749752456,46.474159559010886],[3.316256919791048,46.46640047751282],[3.3163584519968543,46.46397588200138],[3.31650731816846,46.46046499253667],[3.3167035183058653,46.455867809118686],[3.3168133879579997,46.45327943797198],[3.316836927124862,46.45269987909653],[3.3168000408950116,46.4508054492301],[3.316702729268447,46.4475961483727],[3.320972232731692,46.41003015550061],[3.3296085512847466,46.33810747061382],[3.3338667649441405,46.30192483005316],[3.3337468737098734,46.301482233818625],[3.333301742363343,46.30087624938924],[3.332531370904549,46.30010687676499],[3.3318288158149896,46.299543490139925],[3.331194077094664,46.29918608951404],[3.3016553824298223,46.28321484054711],[3.243212731820463,46.25162974323916],[3.2118937837870343,46.234220730995766],[3.2076985383295353,46.23098780381692],[3.20498796767971,46.22917021499431],[3.2037620718375592,46.22876796452793],[3.2028384936424072,46.228573312917696],[3.202217233094254,46.22858626016362],[3.190696000475917,46.23322048313149],[3.1682747957873953,46.2424759818213],[3.1569399233892588,46.24736749583813],[3.1566913832815073,46.247895025181954],[3.1728440664767654,46.285413159741076],[3.2053979729750326,46.35992189951549],[3.2255661561951974,46.40808992055445],[3.2333486161372607,46.429917222857966],[3.2373552588389396,46.44094465512216],[3.2375860843002346,46.44117221734704],[3.249127097063421,46.45194903979821],[3.271978297128499,46.47327512247566],[3.289269333265287,46.48759490780465],[3.301000205473785,46.49490839578516],[3.307202916803936,46.49860790479201],[3.3078774672557403,46.49869343482521],[3.3084684115536653,46.498544482992614],[3.3089757496977104,46.498161049294225],[3.3094176531583708,46.497358222672204]]],[[[3.8827709576365512,46.121238710224446],[3.883199464789657,46.122026740525584],[3.8845840000815017,46.124004567055],[3.8869245635120864,46.12717218981271],[3.8881949818623154,46.128859437976416],[3.88839525513219,46.12906631154611],[3.889137265778597,46.1290811891876],[3.8904210138015376,46.12890407090087],[3.8910775180396113,46.128811565140225],[3.8911067784928184,46.128803671905686],[3.8921502492790028,46.12842507308279],[3.8942079303981645,46.12767576867155],[3.9016463654548095,46.120326310759694],[3.914465554448938,46.1063766993472],[3.9458590904946673,46.07092509444216],[3.9958269735919965,46.013971496044554],[4.0209133695257115,45.98536809230362],[4.0211182782958135,45.98511488321935],[4.019661965136375,45.948308604041856],[4.016544430047398,45.87494925477113],[4.023207279759788,45.801970300531444],[4.039650514273545,45.72937174132279],[4.062400107489509,45.65802138327048],[4.09145605940768,45.587919226374524],[4.104136293148598,45.55134592667017],[4.100440808712263,45.54830148415743],[4.093062995197551,45.547298971074895],[4.08200285260446,45.54833838742257],[4.075094522790533,45.54900946128174],[4.072338005755768,45.54931219265242],[4.070528628258011,45.54954276312129],[4.0696663902972645,45.54970117268835],[4.058503016551039,45.57113829978324],[4.037038507019335,45.61385414440596],[4.025650442404798,45.636255405659576],[4.0243388227074295,45.63834208354408],[4.0197883475879195,45.64586597273255],[4.011999017046268,45.658827073224984],[4.000433058813594,45.68265688453178],[3.9850904728898975,45.71735540665293],[3.977292244892321,45.73509736788185],[3.9770383748208658,45.735882768218545],[3.976832391694338,45.73661231726675],[3.9766742955127383,45.737286015026484],[3.9813586557557676,45.76170129557596],[3.9908854724234257,45.80985815891519],[3.983816430497492,45.86751947304445],[3.960151529977967,45.93468523796375],[3.9396715031100147,45.98545682916646],[3.9223763498936357,46.01983424665258],[3.904803545811726,46.055217661413465],[3.886953090864285,46.09160707344909],[3.8779913463564712,46.110090456710324],[3.8779183122882834,46.110667811197175],[3.879050522455642,46.11342854009891],[3.881387976858546,46.118372643415555],[3.8827709576365512,46.121238710224446]]]]}},{"type":"Feature","id":"burgundy","properties":{"name":"Burgundy","slug":"burgundy","parent_iso_a3":"FRA","source_name":"INAO Delimitation Parcellaire AOC Viticoles","source_url":"https://www.data.gouv.fr/fr/datasets/delimitation-parcellaire-des-aoc-viticoles-de-linao/","source_license":"Licence Ouverte 2.0"},"geometry":{"type":"MultiPolygon","coordinates":[[[[4.699616251403664,47.90632230063632],[4.697642719054717,47.90602753936801],[4.696064585048553,47.90586980738943],[4.694881849385175,47.90584910470056],[4.6750164579354765,47.905227621308555],[4.636468410699458,47.90400535721341],[4.616291616481178,47.903300750703764],[4.6144860752806345,47.903113801779625],[4.603749823101365,47.90294975242233],[4.58408285994337,47.90280860263186],[4.550390780919896,47.89773539226306],[4.502673586030943,47.88773012131593],[4.477718176501648,47.88247979612471],[4.475524552332013,47.881984416689406],[4.450837134901277,47.878203753732286],[4.40365592420944,47.87113780725336],[4.379528333884955,47.86759526793509],[4.378454363927822,47.86757613577746],[4.374776355933032,47.86762766144447],[4.368494309900586,47.86774984493612],[4.364860707112819,47.867973087536875],[4.363875547569731,47.868297389246734],[4.363005348453983,47.86859373037929],[4.3622501097655775,47.86886211093452],[4.36147908806451,47.869166968540824],[4.3606922833507795,47.8695083031982],[4.251087041540792,47.84873014285415],[4.032663362634547,47.806832487508686],[3.9230148781894165,47.785631002685335],[3.9221415882054007,47.78512568838408],[3.9207497093125,47.78454978982859],[3.918839241510714,47.783903307018875],[3.9165280071401956,47.78331810709409],[3.9138160062009457,47.78279419005426],[3.8745144022784204,47.74966915506872],[3.79862319537262,47.68394300213747],[3.7744622040340383,47.60407125490217],[3.8020314282626764,47.510053913362825],[3.815257608165079,47.461911711452906],[3.8141407437412473,47.45964464917242],[3.80000479241465,47.45540868372333],[3.7728497541852866,47.44920381510564],[3.7559994002350985,47.4454762756786],[3.7494537305640856,47.444226065442194],[3.738502087047179,47.44237227899268],[3.723144469684377,47.43991491633005],[3.7150807003574053,47.43870633792167],[3.714310779066264,47.438746543767536],[3.666697902217189,47.488738427259776],[3.572242069810181,47.58868198839839],[3.472482809815764,47.706994954624896],[3.3674201222339395,47.84367732593928],[3.3151709401399714,47.91368428643186],[3.3157352635338593,47.917015836102635],[3.319502588982848,47.923176197606395],[3.3264729164869373,47.932165370943146],[3.330146324082261,47.93687644782945],[3.33052281176882,47.937309428265316],[3.330982776786132,47.9377399071512],[3.331526219134197,47.9381678844871],[3.3482624360594806,47.95128203373339],[3.3811914275619817,47.97708235489007],[3.3996854513923216,47.990882006520316],[3.4037445075505017,47.992680988624116],[3.4065056403432266,47.99362350442883],[3.407968849770496,47.993709553934465],[3.409058701255598,47.99376070010147],[3.4097751947985317,47.99377694292985],[3.41456992265425,47.99247553381667],[3.423442884822754,47.98985647276194],[3.535526912365702,47.966875726596655],[3.7508220052830943,47.92353329532081],[3.8877375022598373,47.90705121613965],[3.9462734032959306,47.91742948905319],[4.071693092688777,47.92859485400084],[4.263996570438377,47.940547310982595],[4.402189272930665,47.95203327033527],[4.486271200165641,47.963052732058856],[4.565221255891687,47.966151762004316],[4.639039440108803,47.961330360171644],[4.682112153557555,47.9458071647591],[4.694439396237944,47.91958217576668],[4.699616251403664,47.90632230063632]],[[3.584848918312744,47.72437413466922],[3.5846997415322024,47.724602036791545],[3.5846997415320714,47.724602036790756],[3.584848918312352,47.72437413466687],[3.584873391033418,47.72223709176631],[3.58477315969527,47.71819090808908],[3.584773159695401,47.718190908089866],[3.58487339103381,47.72223709176866],[3.584848918312744,47.72437413466922]],[[3.9203165014526746,47.851691274866965],[3.9203164879266694,47.85169126597254],[3.920317309896329,47.85169162854569],[3.9203165014526746,47.851691274866965]],[[4.700603017578138,47.90646968127048],[4.7039545995280765,47.908472464385596],[4.700603017578138,47.90646968127048],[4.700603017578138,47.90646968127048]],[[4.7039545995280765,47.908472464385596],[4.7054190733224495,47.90952509945306],[4.7039545995280765,47.908472464385596],[4.7039545995280765,47.908472464385596]],[[4.7054190733224495,47.90952509945306],[4.701849528318324,47.92757953099272],[4.7054190733224495,47.90952509945306],[4.7054190733224495,47.90952509945306]],[[4.701780747614394,47.92780423051807],[4.675948532217361,47.9589196592553],[4.701780747614394,47.92780423051807],[4.701780747614394,47.92780423051807]],[[4.701849528318324,47.92757953099272],[4.701780747614394,47.92780423051807],[4.701849528318324,47.92757953099272],[4.701849528318324,47.92757953099272]]],[[[5.349985284149765,46.41151491325581],[5.348781476076996,46.434514939837776],[5.2376413446001955,46.46385545439704],[5.016564889719362,46.4995364569336],[4.905491690928947,46.51629766018699],[4.904421748228949,46.51413906415723],[4.896458242206445,46.49033294965225],[4.881601172861434,46.44487931667206],[4.874083866192277,46.42172134197737],[4.873906322198971,46.42085902556819],[4.873694105279801,46.420090751760206],[4.873447215434764,46.41941652055341],[4.869374442641026,46.40716312305152],[4.861475786898586,46.38333055925452],[4.857367625594014,46.37114829750408],[4.85704995872731,46.3706163378002],[4.838159586309305,46.33447073780383],[4.800696508340001,46.26271149751497],[4.781552144438244,46.22602905296804],[4.7807264946040355,46.22442340416304],[4.766185354111583,46.18968227541035],[4.737928722960884,46.12180566670994],[4.744659794946358,46.033163109769696],[4.786378570068005,45.923754604589604],[4.807211687652241,45.86783564050656],[4.807159147699064,45.86540621752057],[4.80676054485636,45.81626639255817],[4.806015879124126,45.720416165619355],[4.805970593551665,45.66534021408927],[4.806624688138976,45.65103853796792],[4.806943805921113,45.64358890178034],[4.806927946898076,45.642991305526536],[4.806821673927365,45.642424542042704],[4.806624987008979,45.641888611328845],[4.804698317511122,45.63670312576021],[4.8010416654337975,45.626868085336795],[4.798221682342276,45.62079830606389],[4.7962383682365575,45.61849378794149],[4.794501904946681,45.61664646328467],[4.793012292472645,45.61525633209343],[4.764783995302974,45.606865976859076],[4.709817013437667,45.591475397581604],[4.68177316608645,45.58371874027571],[4.680652453249324,45.58359600494137],[4.678980311442443,45.58393547128053],[4.676756740665807,45.5847371392932],[4.675523182554297,45.58523814863584],[4.6752796371079155,45.58543849930844],[4.662233131887891,45.5970668644136],[4.636383666894227,45.62012324395131],[4.599063147191828,45.66358128316778],[4.5502715727806935,45.727440982063],[4.520079372838236,45.768037142897654],[4.508486547364455,45.78536976567175],[4.492191917315237,45.811257752023145],[4.471195482690585,45.84570110195183],[4.460665025234005,45.8630723901502],[4.460600544945496,45.86337161661824],[4.457934843351819,45.879709023203574],[4.452667920452974,45.912084609906216],[4.447995493513588,45.94640588396716],[4.4439175625336595,45.982672845386425],[4.465239694501865,46.046258719985936],[4.511961889418204,46.13716350776569],[4.542368711152432,46.25334863325207],[4.556460159704549,46.39481409644507],[4.565851727140146,46.50222583595202],[4.570543413459225,46.575583851772926],[4.564659977424839,46.673470201655945],[4.548201419036987,46.79588488560107],[4.542770719950686,46.86274206204946],[4.548367880165932,46.874041731001114],[4.565203198461315,46.89956577401698],[4.593276674836835,46.93931419109706],[4.607677338089201,46.95954458836839],[4.608405188218414,46.96025696583096],[4.608870616314183,46.96070813464077],[4.60907362237651,46.96089809479782],[4.609814279813699,46.96155080543605],[4.611092588625753,46.96266626655546],[4.612107458276569,46.963411089565994],[4.612858888766148,46.96378527446766],[4.6387313869403775,46.98146153108728],[4.689724952799256,47.01643985942484],[4.739164421465385,47.10750780013311],[4.787049792938763,47.25466535321207],[4.9458911560531265,47.096186822304865],[5.215688510808476,46.632072207411504],[5.349985284149765,46.41151491325581]],[[4.907117291798484,46.59643503037578],[4.907418096300099,46.595581744895604],[4.907660607707944,46.594817607801815],[4.907844826022022,46.59414261909441],[4.9100688958084655,46.58129726513287],[4.914332817067274,46.55628154591718],[4.914090305659429,46.55704568301097],[4.909341361584928,46.583589676414235],[4.907117291798484,46.59643503037578]],[[5.888947592188403,46.95805809618788],[5.868423893695059,46.999919589002765],[5.8667888001676065,47.00102504346834],[5.888947592188403,46.95805809618788]],[[5.393641017542117,46.525335259376966],[5.398185444705149,46.534670538639574],[5.40206233027054,46.542626183126984],[5.405271674238287,46.54920219283921],[5.4101667800407105,46.55625912231226],[5.416747647677809,46.563796971546125],[5.444743748511941,46.61753886339902],[5.494155082543109,46.71748479787094],[5.51915093883165,46.76807668611888],[5.519731317377563,46.769314528142864],[5.530114159812814,46.7811531419738],[5.550299466137401,46.803592527611684],[5.561019821188275,46.8155708376341],[5.562275224965437,46.817088072041045],[5.568863505772414,46.825181417978854],[5.580784663609206,46.839850875447524],[5.58779207726874,46.84835277019766],[5.589885746751016,46.85068710222925],[5.606453423869628,46.86865546160465],[5.637495108624576,46.902257848323835],[5.660127561141503,46.92601012302995],[5.674350781420409,46.93991228572298],[5.608938994660047,46.840314430238536],[5.463892200860416,46.62721655657662],[5.393641017542117,46.525335259376966]],[[4.759760280197819,46.85249629715515],[4.8513161031478615,46.63779890700785],[4.759760280197819,46.85249629715515],[4.759760280197819,46.85249629715515]],[[4.875787853058485,47.040286319299724],[4.8283947965706036,46.994010903752894],[4.875787853058485,47.040286319299724],[4.875787853058485,47.040286319299724]],[[4.875787853058485,47.040286319299724],[4.8762874245247945,47.04072575680734],[4.949380200868609,47.10866067640659],[4.875787853058485,47.040286319299724]],[[4.950637949603005,47.10992056917149],[4.954454742613699,47.115754392443925],[4.967112740750287,47.13592982521104],[4.950637949603005,47.10992056917149]],[[5.008544439042019,47.35997565063858],[5.009143476018192,47.359792805299136],[5.0098096189100385,47.35949422583971],[5.010542867717559,47.35907991226029],[5.0112321502962125,47.358636950538624],[5.011877466645999,47.3581653406747],[5.011211323754153,47.358463920134135],[5.009233721620673,47.359532688916914],[5.008544439042019,47.35997565063858]],[[5.890618318692449,46.95135591670561],[5.893959771700539,46.93795155774107],[5.895304935809807,46.93057847923229],[5.894653811020253,46.92923668117925],[5.872454166362575,46.91718907626858],[5.828706001836774,46.89443566450027],[5.772143433495662,46.849528459072545],[5.7027664613392375,46.7824674599854],[5.6527177665590145,46.72247518329352],[5.6219973491549915,46.669551628996906],[5.60049668231656,46.6407212654463],[5.588215766043721,46.6359840926417],[5.562655295352074,46.622266502252316],[5.52381527024162,46.59956849427816],[5.504168165867044,46.588070021894865],[5.503713982228343,46.58777108510243],[5.470119633877677,46.54675997065468],[5.403385120815045,46.465036678551606],[5.3695611002394354,46.42317371790104],[5.368647572150846,46.42117108870299],[5.367261353274867,46.41885186572273],[5.365402443611497,46.416216048960266],[5.361795282018594,46.41076841612878],[5.356439868496159,46.402508967228265],[5.34916947347482,46.34482467613714],[5.339984096954578,46.23771554285539],[5.367386936033922,46.15967913243108],[5.431377990712853,46.11071544486422],[5.545724602573307,46.068818113354354],[5.710426771615282,46.03398713790148],[5.7934250662415,46.01675376942116],[5.794719486451962,46.01711800791339],[5.81523088424238,46.02095749143513],[5.8549592596127535,46.02827221998636],[5.8859526655671,46.02985148213325],[5.908211102105421,46.02569527787578],[5.919440793407379,46.02355295699098],[5.9196417394729774,46.023424519478866],[5.919966621958819,46.02319662891308],[5.920415440864904,46.02286928529364],[5.920693064971531,46.022439391061965],[5.920799494278701,46.021906946218074],[5.914515557465265,45.95075994644974],[5.901841254531224,45.80899839175696],[5.977182345668551,45.70168150825519],[6.140538830877247,45.62880929594444],[6.2240006065173015,45.59272438010634],[6.227567672588712,45.5934267607409],[6.229759459477571,45.59333572646843],[6.230575967183878,45.592451277288944],[6.215619950913662,45.58395396705585],[6.184891410666924,45.56784379576915],[6.150982221072885,45.55041246652973],[6.113892382131543,45.53165997933759],[6.066492652283861,45.50961930715848],[6.008783031529836,45.484290449992386],[5.979511663256189,45.47176386052757],[5.978678547462923,45.47203953876403],[5.970221970735524,45.477788933101415],[5.954141933073994,45.48901204353973],[5.859937885979893,45.54246052923246],[5.687609829453222,45.638134390179594],[5.601114401028803,45.68617703015054],[5.600451600706637,45.68658844914528],[5.5900074665580695,45.69469132848356],[5.569781998583101,45.71048566816535],[5.539063148965065,45.730691768810345],[5.49785091770396,45.75530963041854],[5.4518738411064085,45.796103032989635],[5.401131919172411,45.85307197652362],[5.372024602586259,45.88439417982476],[5.364551891347951,45.89006964289306],[5.356699603036541,45.89931805964685],[5.348467737652027,45.91213943008614],[5.344245854011138,45.91877907168244],[5.3440339521138736,45.91923698443574],[5.344396201950957,45.92250481969374],[5.34533260352239,45.92858257745644],[5.34018062142958,45.980248916509154],[5.328940255672528,46.07750383685192],[5.3230521304491205,46.127043759874155],[5.322516245759356,46.12886868557587],[5.322268074754843,46.12988247560191],[5.322307617435581,46.130085129952285],[5.322409874269988,46.13057406149799],[5.322574845258066,46.13134927023902],[5.324854665789623,46.14395548015523],[5.329249335864659,46.16839269124661],[5.331710146227913,46.18144328532854],[5.3322370968793855,46.183107262401016],[5.332627092269752,46.184336058141994],[5.332880132399013,46.18512967255147],[5.471991887394834,46.378659383864125],[5.749962357257214,46.764925192079964],[5.890618318692449,46.95135591670561]],[[4.795853680959848,46.41029355661383],[4.795853531443696,46.41029376162281],[4.795853348058408,46.41029392663338],[4.795853130803982,46.41029405164555],[4.795853206373358,46.41029387482093],[4.795853574766532,46.41029339615951],[4.7958537581518215,46.41029323114894],[4.7958537565292225,46.41029337978921],[4.795853680959848,46.41029355661383]],[[4.637831056318074,46.92036740140479],[4.638008415255722,46.91983517376362],[4.668731093543578,46.9223801017247],[4.729999091181642,46.92800218528801],[4.729999091181643,46.92800218528801],[4.668731093543579,46.9223801017247],[4.637870682175775,46.913634086048646],[4.63741785707823,46.90176413825985],[4.637417857078229,46.90176413825985],[4.637870682175774,46.913634086048646],[4.637886727831004,46.91696547874368],[4.637465994043919,46.91175831634496],[4.63746599404392,46.91175831634496],[4.637886727831005,46.91696547874368],[4.637914408888777,46.91750840543052],[4.637549037217237,46.913387096405486],[4.637549037217236,46.913387096405486],[4.6379144088887765,46.91750840543052],[4.637628029050736,46.917753539529535],[4.636689897703118,46.914122498702525],[4.636689897703118,46.914122498702525],[4.637628029050738,46.917753539529535],[4.638008415255724,46.91983517376362],[4.637831056318074,46.92036740140479],[4.637831056318074,46.92036740140479]],[[5.809092173109093,47.038764711614775],[5.806551547441153,47.03704875865202],[5.681462391559862,46.94686336706949],[5.809092173109093,47.038764711614775]],[[5.013179491540069,47.356488333967135],[5.012200124820893,47.35792953574275],[5.013179491540069,47.356488333967135],[5.013179491540069,47.356488333967135]],[[5.3502106997905425,46.45090220623155],[4.916464777696679,46.54377368630933],[5.3502106997905425,46.45090220623155],[5.3502106997905425,46.45090220623155]],[[5.35058718818615,46.40001489996482],[5.333006652463644,46.18552647975621],[5.35058718818615,46.40001489996482],[5.35058718818615,46.40001489996482]],[[5.809092173109093,47.038764711614775],[5.8667888001676065,47.00102504346834],[5.809092173109093,47.038764711614775],[5.809092173109093,47.038764711614775]],[[5.391368803960601,46.520667619745666],[5.3502106997905425,46.45090220623155],[5.391368803960601,46.520667619745666],[5.391368803960601,46.520667619745666]],[[4.906966889547678,46.596861673115875],[4.904632582409912,46.598162113064355],[4.906966889547678,46.596861673115875],[4.906966889547678,46.596861673115875]],[[4.904632582409912,46.598162113064355],[4.8513161031478615,46.63779890700785],[4.904632582409912,46.598162113064355],[4.904632582409912,46.598162113064355]],[[4.759760280197819,46.85249629715515],[4.8283947965706036,46.994010903752894],[4.759760280197819,46.85249629715515],[4.759760280197819,46.85249629715515]],[[4.950637949603005,47.10992056917149],[4.949380200868609,47.10866067640659],[4.950637949603005,47.10992056917149],[4.950637949603005,47.10992056917149]],[[4.9682875926754875,47.13808426452771],[4.967112740750287,47.13592982521104],[4.9682875926754875,47.13808426452771],[4.9682875926754875,47.13808426452771]],[[4.971761132430488,47.15214931063065],[4.9682875926754875,47.13808426452771],[4.971761132430488,47.15214931063065],[4.971761132430488,47.15214931063065]],[[4.995556334847213,47.22139412622552],[4.971761132430488,47.15214931063065],[4.995556334847213,47.22139412622552],[4.995556334847213,47.22139412622552]],[[4.996218244595944,47.22287602057394],[4.995556334847213,47.22139412622552],[4.996218244595944,47.22287602057394],[4.996218244595944,47.22287602057394]],[[4.998888132123181,47.23129680645202],[4.996218244595944,47.22287602057394],[4.998888132123181,47.23129680645202],[4.998888132123181,47.23129680645202]],[[5.003225369847128,47.274947519683536],[4.998888132123181,47.23129680645202],[5.003225369847128,47.274947519683536],[5.003225369847128,47.274947519683536]],[[5.008672444044548,47.30562747715146],[5.003225369847128,47.274947519683536],[5.008672444044548,47.30562747715146],[5.008672444044548,47.30562747715146]],[[5.013168460796441,47.35606726605057],[5.008672444044548,47.30562747715146],[5.013168460796441,47.35606726605057],[5.013168460796441,47.35606726605057]],[[5.013179491540069,47.356488333967135],[5.013168460796441,47.35606726605057],[5.013179491540069,47.356488333967135],[5.013179491540069,47.356488333967135]],[[5.008244920553932,47.3600670733083],[4.820892333333333,47.32982389793024],[5.008244920553932,47.3600670733083],[5.008244920553932,47.3600670733083]],[[4.820892333333333,47.32982389793024],[4.819494794537333,47.329949311884],[4.820892333333333,47.32982389793024],[4.820892333333333,47.32982389793024]],[[4.819494794537333,47.329949311884],[4.813630010859222,47.32920483513954],[4.819494794537333,47.329949311884],[4.819494794537333,47.329949311884]],[[4.811057559458286,47.32834781503726],[4.810992478675452,47.328244129751546],[4.811057559458286,47.32834781503726],[4.811057559458286,47.32834781503726]],[[4.812672949288596,47.328974273549015],[4.811057559458286,47.32834781503726],[4.812672949288596,47.328974273549015],[4.812672949288596,47.328974273549015]],[[4.813630010859222,47.32920483513954],[4.812672949288596,47.328974273549015],[4.813630010859222,47.32920483513954],[4.813630010859222,47.32920483513954]]],[[[6.3129930813944615,46.28588436259729],[6.3129230593740235,46.28611648113062],[6.3128661041653835,46.28641213283316],[6.31282221576854,46.28677131770492],[6.312789231320907,46.287091326984005],[6.312767150822487,46.28737216067043],[6.31267066437841,46.289426799129515],[6.312499771988677,46.29325524236127],[6.31467096567045,46.2982486987376],[6.319184245423726,46.304407168258514],[6.321517379174002,46.307553717114274],[6.321670366921277,46.307688345304875],[6.322017179827983,46.30791215586521],[6.32255781789412,46.30822514879528],[6.323155350993785,46.30856985631828],[6.323809779126978,46.30894627843421],[6.327396148977926,46.31075801786065],[6.333914460546631,46.31400507459759],[6.374561155761923,46.33535224627563],[6.449336234623803,46.37479953289479],[6.487665443620683,46.39508598992272],[6.4895487827525615,46.39621161735943],[6.491460151362904,46.397144607029354],[6.493399549451709,46.39788495893251],[6.496483328532529,46.39737827381961],[6.500711488605363,46.39562455169068],[6.506123032793707,46.38948339856367],[6.512717961097559,46.378954814438586],[6.499340659627852,46.300307204555594],[6.465991128384587,46.15354056891469],[6.449259460151382,46.07991225995697],[6.449145654928238,46.07942227768244],[6.44897087573151,46.078944121009314],[6.448735122561195,46.078477789937594],[6.448435757931392,46.07821537166171],[6.4480727818421,46.07815686618167],[6.441600506178327,46.07897986337461],[6.429018930940073,46.080684363240536],[6.4184888773490405,46.08322124524892],[6.410010345405231,46.086590509399784],[6.405623618362457,46.088468762441046],[6.405328696220717,46.088856004372694],[6.382324112052314,46.137890143770946],[6.336609865857246,46.235571180635795],[6.313571580170954,46.28475085013382],[6.313209254993438,46.28542915226502],[6.3129930813944615,46.28588436259729]]]]}},{"type":"Feature","id":"beaujolais","properties":{"name":"Beaujolais","slug":"beaujolais","parent_iso_a3":"FRA","source_name":"INAO Delimitation Parcellaire AOC Viticoles","source_url":"https://www.data.gouv.fr/fr/datasets/delimitation-parcellaire-des-aoc-viticoles-de-linao/","source_license":"Licence Ouverte 2.0"},"geometry":{"type":"Polygon","coordinates":[[[4.474505872724501,46.01668202540771],[4.496779720312299,46.02861544269146],[4.515272927098893,46.064703760377455],[4.529985493084283,46.12494697846568],[4.536784050364302,46.16189907353049],[4.53566859893895,46.175560045571906],[4.537546913361476,46.185345043540586],[4.542418993631881,46.19125406743654],[4.584565211727261,46.21315611776231],[4.663985567647616,46.2510511945179],[4.71589132654462,46.26842887483876],[4.740282488418272,46.26528915872488],[4.759361949081827,46.25743247978086],[4.773129708535286,46.24485883800671],[4.780273490035794,46.2349276845873],[4.780793293583351,46.22763901952264],[4.766739871477833,46.18996262808076],[4.738113223719241,46.121898510261644],[4.721664259870227,46.035168424755305],[4.717392979930793,45.92977237156174],[4.705703695617424,45.868309958882584],[4.686596406930121,45.85078118671784],[4.662169071395862,45.84102501903496],[4.632421689014649,45.83904145583394],[4.598345148897616,45.83906565595578],[4.559939451044766,45.84109761940046],[4.531236912432337,45.84625020940459],[4.512237533060328,45.85452342596816],[4.495107652743376,45.866712807391316],[4.479847271481478,45.88281835367407],[4.466883315042812,45.899876957364015],[4.4562157834273775,45.91788861846117],[4.448624160389918,45.94538027768916],[4.444108445930432,45.98235193504799],[4.4472301787581685,46.003307151987],[4.4579893588731245,46.00824592850622],[4.474505872724501,46.01668202540771]]]}},{"type":"Feature","id":"north-rhone","properties":{"name":"North Rhone","slug":"north-rhone","parent_iso_a3":"FRA","source_name":"INAO Delimitation Parcellaire AOC Viticoles","source_url":"https://www.data.gouv.fr/fr/datasets/delimitation-parcellaire-des-aoc-viticoles-de-linao/","source_license":"Licence Ouverte 2.0"},"geometry":{"type":"Polygon","coordinates":[[[4.315305114597846,44.54350403727635],[4.321299243710538,44.55331814484592],[4.325983065302459,44.55881784337537],[4.329356579373613,44.56000313286472],[4.3366517359182675,44.556844611030385],[4.347868534936422,44.54934227787236],[4.413329257344588,44.52295947329276],[4.533033903142764,44.47769619729158],[4.602943997334618,44.45668987001771],[4.623059539920153,44.459940491471144],[4.664216095696411,44.476176285731],[4.726413664663397,44.50539725279725],[4.766133401275606,44.522645193455126],[4.7833753055330375,44.52792010770462],[4.853636940666278,44.57911581593351],[4.976918306675329,44.676232318141814],[4.989117092555815,44.77311095277766],[4.890233298307737,44.869751719841034],[4.82847323939925,44.91804915117536],[4.803836915830354,44.91800324678062],[4.789509716064728,44.92180380579048],[4.785491640102371,44.92945082820495],[4.783783218225359,44.96793257540374],[4.784384450433695,45.03724904738686],[4.780842842327993,45.099406187820406],[4.773158393908254,45.154403996704374],[4.754450009603823,45.23148092617095],[4.7247176894147,45.33063697622013],[4.70945568531891,45.39000811149303],[4.708663997316455,45.40959433198968],[4.720163591227427,45.433566846372756],[4.743954467051827,45.46192565464226],[4.765283289695173,45.481341171299285],[4.784150059157466,45.49181339634383],[4.8085843569729905,45.50271967792136],[4.838586183141746,45.514060016031884],[4.854831870309654,45.51930670298391],[4.8573214184767135,45.518459738777445],[4.842586398311815,45.45922348589305],[4.810626809814961,45.34159794433072],[4.823533184758039,45.23555801338702],[4.881305523141051,45.141103693061936],[4.917953967253076,45.08660567047193],[4.933478517094113,45.07206394561702],[4.94352393542354,45.06032938132829],[4.9480902222413565,45.05140197760575],[4.999851317424558,44.98334382028308],[5.0988072209731445,44.856154909360285],[5.189233705043749,44.79316561746697],[5.271130769636371,44.79437594460313],[5.327875873501061,44.789634651558686],[5.359469016637821,44.778941738333614],[5.409379377323329,44.75282350618254],[5.4776069555575875,44.71127995510547],[5.508409338894023,44.68521850720295],[5.501786527332637,44.674639162475],[5.479507980960779,44.65313888127109],[5.441573699778448,44.62071766359122],[5.3836780677380816,44.61878184362867],[5.305821084839682,44.64733142138343],[5.213049591943798,44.619428317537995],[5.105363589050429,44.53507253209238],[5.061275596679418,44.454027872153844],[5.080785614830764,44.376294337722385],[5.0834774474316955,44.333124954735936],[5.069351094482216,44.32451972319452],[5.053824216065353,44.317389381709646],[5.036896812181107,44.31173393028131],[4.9921005620194565,44.3077268144136],[4.919435465580402,44.30536803410649],[4.8615879347586235,44.30465926226403],[4.8185579695541225,44.3056004988862],[4.709365015839334,44.29563921249379],[4.5340090736142615,44.2747754030868],[4.422041526180436,44.26670048117476],[4.373462373537858,44.271414446757674],[4.339956610422803,44.33997781803474],[4.321524236835268,44.472390595005955],[4.315305114597846,44.54350403727635]]]}},{"type":"Feature","id":"south-rhone","properties":{"name":"South Rhone","slug":"south-rhone","parent_iso_a3":"FRA","source_name":"INAO Delimitation Parcellaire AOC Viticoles","source_url":"https://www.data.gouv.fr/fr/datasets/delimitation-parcellaire-des-aoc-viticoles-de-linao/","source_license":"Licence Ouverte 2.0"},"geometry":{"type":"MultiPolygon","coordinates":[[[[5.501182710235049,43.6870494781111],[5.472718396546821,43.69514189553669],[5.380959283884138,43.71478149358483],[5.225905372247002,43.74596827225552],[5.092214174928346,43.79386041960114],[4.979885691928169,43.85845793562169],[4.841427296825184,43.86683514461836],[4.676838989619391,43.81899204659114],[4.549769318244837,43.757462944224955],[4.460218282701522,43.68224783751982],[4.372935957887281,43.638523454388064],[4.28792234380211,43.62628979482972],[4.251237821619383,43.64743129181781],[4.262882391339097,43.70194794535235],[4.284106098621897,43.73986009806978],[4.3149089434677785,43.76116774997008],[4.355165064487856,43.78428484759308],[4.40487446168213,43.809211390938785],[4.437967175560479,43.90102652750927],[4.454443206122903,44.05973025730455],[4.4628734239777454,44.1878871575247],[4.463257829125007,44.2854972281697],[4.464407084479675,44.33577414010924],[4.46632119004175,44.33871789334331],[4.500176599909441,44.353599818434375],[4.565973314082748,44.38041991538246],[4.603225301419921,44.3969608518759],[4.611932561920961,44.40322262791469],[4.624189413659308,44.4064179140239],[4.639995856634962,44.40654671020352],[4.725550668016468,44.41815000328486],[4.880853847803825,44.44122779326791],[4.9387068096949855,44.53015619846209],[4.899109553689951,44.68493521886737],[4.907163369571048,44.6862207847894],[4.962868257338279,44.53401289622815],[5.002006513821234,44.454992927477576],[5.024578139019914,44.449160878537676],[5.064206101288197,44.4277422973983],[5.120890400626083,44.39073718405945],[5.169443943648806,44.32702888039468],[5.209866730356366,44.236617386404],[5.281553609500523,44.13506206779643],[5.384504581081274,44.02236292457197],[5.469215828003264,43.95993786317972],[5.5356873502664925,43.94778688361967],[5.647045071865589,43.935113635669765],[5.803288992800557,43.921918119330016],[5.928039631362764,43.865419608565816],[6.021296987552212,43.76561810337715],[5.948638290918036,43.70397812489214],[5.710063541460237,43.680499673110766],[5.571935841818295,43.67232115276464],[5.534255191992207,43.67944256385375],[5.501182710235049,43.6870494781111]]],[[[4.780842842327993,45.099406187820406],[4.773158393908254,45.154403996704374],[4.75453810781364,45.23162368736975],[4.724981984044149,45.33106525981652],[4.710226619934381,45.390660817526445],[4.7102720154843345,45.410410360499526],[4.721606615354355,45.43427469843948],[4.744230419544444,45.46225383134632],[4.763693625441391,45.483488775723266],[4.779996233045198,45.49797953157034],[4.804908675890157,45.508786351222064],[4.838430953976269,45.51590923467843],[4.856025892004124,45.519147234356595],[4.857693489973722,45.51850035025655],[4.842557220610524,45.45932897454229],[4.81061708391453,45.3416331072138],[4.823533184758039,45.23555801338702],[4.881305523141051,45.141103693061936],[4.917953967253076,45.08660567047193],[4.933478517094113,45.07206394561702],[4.94352393542354,45.06032938132829],[4.9480902222413565,45.05140197760575],[4.947813024166322,45.040372869882596],[4.9426923411984385,45.02724205815882],[4.924926731207731,44.95608867149021],[4.894516194194199,44.82691270987675],[4.870477777539533,44.76371484241483],[4.852811481243734,44.76649506910445],[4.8069751325915755,44.76663043410793],[4.732968731583059,44.764120937425275],[4.7181454149435655,44.840126462657565],[4.762505182673097,44.9946470098048],[4.780842842327993,45.099406187820406]]]]}},{"type":"Feature","id":"alsace","properties":{"name":"Alsace","slug":"alsace","parent_iso_a3":"FRA","source_name":"INAO Delimitation Parcellaire AOC Viticoles","source_url":"https://www.data.gouv.fr/fr/datasets/delimitation-parcellaire-des-aoc-viticoles-de-linao/","source_license":"Licence Ouverte 2.0"},"geometry":{"type":"MultiPolygon","coordinates":[[[[5.839775715494541,48.69908137497095],[5.844594907797179,48.709866206850386],[5.848694017060923,48.71574493861669],[5.8520730432857775,48.716717570269864],[5.897922855564174,48.788264381390235],[5.986243453896114,48.9303853719778],[6.029416533542433,49.0043758874118],[6.027442094503131,49.01023592769222],[6.042463776684393,49.0615682310639],[6.074481580086218,49.158372797526816],[6.148737759675269,49.268013986203975],[6.265232315451545,49.39049179709538],[6.330511013207947,49.454952716753276],[6.3445738529444755,49.46139674517765],[6.355263631546648,49.463324248324184],[6.362580349014464,49.46073522619288],[6.366596076456631,49.45711859334609],[6.36731081387315,49.45247434978381],[6.364398453129857,49.44872190418373],[6.357858994226754,49.44586125654586],[6.292469204720904,49.38746827315559],[6.1682290846123085,49.27354295401291],[6.113671423265187,49.19660134437387],[6.12879622067954,49.15664344423844],[6.128102561781701,49.11246197862111],[6.11159044657167,49.064056947521905],[6.086018400232674,49.02977491191375],[6.051386422764712,49.00961587179664],[5.989638212485144,48.92651115900695],[5.90077376939397,48.780460773544675],[5.854679928578806,48.67339915535612],[5.851356690039651,48.60532630444126],[5.8463482143863,48.568433495123685],[5.839654501618753,48.562720727403374],[5.83557595455107,48.559918805614544],[5.834112573183251,48.56002772975719],[5.832492433395717,48.57550504973342],[5.830715535188469,48.60635076554325],[5.83171184439944,48.63975245734393],[5.835481361028628,48.67571012513547],[5.839775715494541,48.69908137497095]]],[[[7.197634285297379,48.075307364505825],[7.222233990659101,48.12876808137513],[7.252982475805929,48.20683720358306],[7.289879740737868,48.30951473112963],[7.334894551788248,48.41671992637776],[7.388026908957068,48.528452789327446],[7.415907188927157,48.58911233651521],[7.418535391698513,48.59869856794106],[7.463116377856724,48.626563422413184],[7.54965014740179,48.67270689993159],[7.595123675254944,48.69604219317935],[7.599536961416184,48.696569302156455],[7.5928054551346165,48.67345840833746],[7.574929156410242,48.62670951172237],[7.546036468555396,48.54430624000812],[7.506127391570077,48.42624859319473],[7.477274637635225,48.346019796037375],[7.459478206750839,48.303619848536066],[7.418031728425887,48.21670341083494],[7.352935202660366,48.08527048293399],[7.314305132107786,48.00504679742974],[7.302141516768145,47.97603235432217],[7.280100366495899,47.93871806487173],[7.2481816812910465,47.8931039290784],[7.218926579340973,47.85859015109612],[7.192335060645679,47.83517673092489],[7.173306636980438,47.82074714023637],[7.161841308345254,47.81530137903055],[7.145208619682984,47.812003454252604],[7.123408570993629,47.810853365902524],[7.110751207682435,47.811074481488504],[7.107236529749402,47.81266680101054],[7.125443001241294,47.87224147209647],[7.165370622158111,47.989798494746275],[7.197634285297379,48.075307364505825]]],[[[7.894948410804293,49.01317636308922],[7.921080504308499,49.03832345547549],[7.937084769205166,49.05177595614289],[7.942961205494294,49.05353386509142],[7.947556259726399,49.05240716224032],[7.950869931901481,49.0483958475896],[7.952486194079563,49.03562862030206],[7.95240504626064,49.0141054803777],[7.937794125424027,48.99993331156895],[7.9086534315697214,48.99311211387581],[7.8904196237532584,48.991802744021044],[7.88309270197464,48.99600520200467],[7.880042521827045,48.99873052747138],[7.881269083310475,48.99997872042118],[7.894948410804293,49.01317636308922]]]]}},{"type":"Feature","id":"bordeaux","properties":{"name":"Bordeaux","slug":"bordeaux","parent_iso_a3":"FRA","source_name":"INAO Delimitation Parcellaire AOC Viticoles","source_url":"https://www.data.gouv.fr/fr/datasets/delimitation-parcellaire-des-aoc-viticoles-de-linao/","source_license":"Licence Ouverte 2.0"},"geometry":{"type":"Polygon","coordinates":[[[-0.7184959386389922,44.82966038648946],[-0.792390151244142,44.96282358332609],[-0.8583151839667622,45.091726945969754],[-0.9162710368068525,45.21637047442045],[-0.9713554899585592,45.30713425306516],[-1.0235685434218822,45.36401828190388],[-1.0500180940558284,45.401013482507196],[-1.0507041418603975,45.4181198548751],[-1.0499527195920175,45.4294007699564],[-1.0477638272506888,45.43485622775111],[-1.0285856965763525,45.436195502808204],[-0.9924183275690086,45.43341859512768],[-0.8774024057169448,45.41003653986939],[-0.6835379310201611,45.36604933703332],[-0.5605682024415124,45.32912298363502],[-0.5084932199809987,45.29925747967449],[-0.4727683303949636,45.27221244036258],[-0.4533935336834071,45.2479878656993],[-0.3882565600604238,45.20345865149654],[-0.2773574095260136,45.13862479775429],[-0.1852822765953589,45.10649646077209],[-0.11203116126845959,45.10707364054994],[-0.048947348362014025,45.105725607917634],[0.003969162123977802,45.10245236287517],[0.12412023614173115,45.07450269812016],[0.311505873691246,45.02187661365262],[0.44131438955355806,44.97925440920759],[0.5135457837286672,44.94663608478508],[0.5853766509755121,44.91115137679732],[0.6568069912940926,44.87280028524432],[0.7281000979911807,44.81417099981026],[0.7992559710667766,44.73526352049515],[0.7913641357544552,44.694890830488234],[0.7044245920542163,44.693052929789516],[0.6377073266410452,44.68950641498211],[0.5912123395149418,44.684251286066036],[0.5382552314708514,44.6754770226696],[0.478836002508774,44.663183624792794],[0.4161061102326072,44.62811714362521],[0.350065554642351,44.57027757916684],[0.313210246414241,44.470902120770255],[0.30554018554827717,44.329990768435444],[0.3170807002423161,44.25013113986285],[0.3478317904963578,44.231323235052486],[0.38827365167289335,44.2186054337081],[0.4384062837719227,44.2119777358297],[0.47777784256704436,44.20259421342615],[0.5063883280582584,44.190454866497454],[0.5225279846569137,44.18259272585316],[0.5261968123630103,44.17900779149326],[0.5272851571229151,44.1728609157293],[0.5257930189366283,44.16415209856129],[0.5212363312956385,44.15349642181205],[0.513615094199946,44.140893885481596],[0.47777511267998546,44.12630795087822],[0.4137163867357571,44.10973861800192],[0.3627198135567151,44.10854558491587],[0.3247853931428595,44.12272885162009],[0.28407855047820574,44.1464969689968],[0.24059928556275384,44.17984993704601],[0.16348018975133952,44.24385448917087],[0.05272126304396273,44.33851062537139],[-0.031678943280896904,44.39464187447821],[-0.0897204292232394,44.41224823649134],[-0.1801318532077692,44.44355933932239],[-0.30291321523448633,44.48857518297138],[-0.4161280127624758,44.52619868000403],[-0.5197762457917376,44.55642983042033],[-0.5733623702559453,44.5727284864456],[-0.5768863861550988,44.57509464807986],[-0.604373503662611,44.622977993690526],[-0.6558237227784818,44.7163785232776],[-0.7184959386389922,44.82966038648946]]]}},{"type":"Feature","id":"provence","properties":{"name":"Provence","slug":"provence","parent_iso_a3":"FRA","source_name":"INAO Delimitation Parcellaire AOC Viticoles","source_url":"https://www.data.gouv.fr/fr/datasets/delimitation-parcellaire-des-aoc-viticoles-de-linao/","source_license":"Licence Ouverte 2.0"},"geometry":{"type":"Polygon","coordinates":[[[5.435540421878137,43.27164559014319],[5.283010358160599,43.34449596978507],[5.177070431154037,43.37411667516081],[5.117720640858453,43.36050770627042],[5.076100195431029,43.35675280262474],[5.052209094871766,43.36285196422377],[5.027518556563854,43.38182637209903],[5.002028580507296,43.413676026250485],[4.986578558162815,43.459801338812014],[4.981168489530413,43.5202023097836],[4.9184314744259225,43.59500378943295],[4.798367512849342,43.68420577776007],[4.735388061787651,43.732766942037195],[4.729493121240848,43.74068728226433],[4.731916894576671,43.75203591454289],[4.742659381795121,43.76681283887286],[4.752092661168784,43.7759102065763],[4.760216732697661,43.77932801765319],[4.817326144373856,43.78164883582828],[4.92342089619737,43.782872661101536],[5.0490567425822315,43.76869419984395],[5.194233683528441,43.73911345205552],[5.372094889606881,43.71260939423202],[5.582640360817553,43.68918202637343],[5.778772500755071,43.65886910334174],[5.960491309419435,43.62167062513695],[6.106911756903791,43.59758632873928],[6.21803384320814,43.586616214148734],[6.337259894255238,43.58377952542929],[6.464589910045087,43.589076262580974],[6.5604336326592465,43.59650438468047],[6.624791062097716,43.6060638917278],[6.670311155474771,43.60188570253403],[6.696993912790409,43.583969817099145],[6.737601833266194,43.54685891029618],[6.792134916902128,43.49055298212513],[6.826498334989674,43.45728080714497],[6.840692087528832,43.447042385355694],[6.795644316264578,43.37529060344942],[6.691355021196913,43.24202546142615],[6.634586285864276,43.17118375581902],[6.625338110266668,43.16276548662805],[6.548686668146598,43.143375635164126],[6.404631959504068,43.113014201427255],[6.309996127599579,43.073970587204606],[6.26477917243313,43.026244792496165],[6.233179087853463,42.99850640283003],[6.215195873860578,42.990755418206206],[6.105996397986043,43.0206233930481],[5.905580660229858,43.08811032735571],[5.7997147301015195,43.12181506775789],[5.788398607601028,43.12173761425466],[5.769876619649515,43.125263094772535],[5.744148766246981,43.1323915093115],[5.676414993093512,43.160771887516304],[5.566675300189108,43.21040422938694],[5.435540421878137,43.27164559014319]]]}},{"type":"Feature","id":"languedoc-roussillon","properties":{"name":"Languedoc-Roussillon","slug":"languedoc-roussillon","parent_iso_a3":"FRA","source_name":"INAO Delimitation Parcellaire AOC Viticoles","source_url":"https://www.data.gouv.fr/fr/datasets/delimitation-parcellaire-des-aoc-viticoles-de-linao/","source_license":"Licence Ouverte 2.0"},"geometry":{"type":"Polygon","coordinates":[[[2.1445341514549288,42.94073456721785],[2.096103106091568,43.008629299016114],[2.0601554745062995,43.06580474792386],[2.0366912566991227,43.11226091394111],[2.038645003802049,43.160254635698536],[2.0660167158150795,43.20978591319615],[2.1103409862540543,43.2560043337013],[2.1716178151189736,43.29890989721398],[2.2344616292057773,43.32518018565192],[2.2988724285144664,43.334815199015104],[2.396288886739134,43.3453211849794],[2.5267110038797798,43.35669814354481],[2.672838282890705,43.39693472276203],[2.83467072377191,43.46603092263106],[2.930179791751514,43.51467468040731],[2.9593654868295163,43.54286599609077],[3.0238286425415124,43.56558134978017],[3.123569258887502,43.582820741475494],[3.2018736168572484,43.639920681016754],[3.2587417164507526,43.73688116840393],[3.2952370858579454,43.78871408503767],[3.3113597250788267,43.79541943091797],[3.413465219810827,43.82486016517163],[3.601553570053945,43.87703628779867],[3.7129570289453087,43.914994521364065],[3.7476755964849184,43.938734865867815],[3.7996972710659174,43.951790921873496],[3.8690220526883063,43.95416268938111],[3.953763989131022,43.952829350174824],[4.053923080394063,43.947790904254646],[4.150341462352776,43.92246213208935],[4.243019135007158,43.87684303367895],[4.354421278291312,43.8306983038338],[4.484547892205239,43.78402794255389],[4.587438741250686,43.75369039343841],[4.663093825427655,43.739685656487346],[4.730785215382757,43.72593460246151],[4.79051291111599,43.7124372313609],[4.83797736565759,43.70024129268098],[4.873178579007558,43.68934678642174],[4.889699978713221,43.628426361717615],[4.887541564774582,43.517480018568584],[4.872632882183334,43.431034628867764],[4.844973930939478,43.36909019261516],[4.794940777278117,43.340301713853684],[4.722533421199252,43.344669192583325],[4.657868209472725,43.35136347660168],[4.600945142098537,43.36038456590875],[4.4848918794853265,43.38913264327443],[4.309708421633097,43.43760770869871],[4.207584467350591,43.46474636102196],[4.17852001663781,43.47054860024419],[4.056989296539102,43.46180494509596],[3.8429923070544696,43.43851539557727],[3.6936346936704454,43.4021522989783],[3.608916456387029,43.35271565529905],[3.4987626021802734,43.31167698024912],[3.3631731310501793,43.27903627382852],[3.2614352030279354,43.23691207545221],[3.1935488181135416,43.18530438512021],[3.13257313755297,43.09650419242455],[3.078508161346221,42.97051149736521],[3.0462631698875717,42.859672453058295],[3.0358381631770226,42.7639870595038],[3.06125289131539,42.65577285685215],[3.122507354302673,42.53502984510337],[3.155509212251872,42.46684310523388],[3.160258465162987,42.45121263724368],[3.1614962555874615,42.441686165330395],[3.1592225835252967,42.43826368949402],[3.0694883980519614,42.44535315539031],[2.8922936991674546,42.462954563019245],[2.779284280157631,42.47164239673485],[2.73046014102249,42.471416656537116],[2.6474632469589254,42.50142224208164],[2.530293597966937,42.561659153368424],[2.4597475440809577,42.62524136818226],[2.4358250853009866,42.692168886523156],[2.3600853104674027,42.770921284599886],[2.2325282195802068,42.86149856241245],[2.1445341514549288,42.94073456721785]],[[3.909107155342244,43.735496253351734],[3.909107160683885,43.73549625450756],[3.9091071009226956,43.73549639899127],[3.909107155342244,43.735496253351734]],[[3.9060217434419022,43.73400204099536],[3.9060216982080584,43.73400203108594],[3.906022053943527,43.73400176715406],[3.9060217434419022,43.73400204099536]],[[3.905578781444384,43.734732441751255],[3.9055791773500372,43.73473252747336],[3.905579023483036,43.734732835696256],[3.905578781444384,43.734732441751255]],[[3.9127528987294653,43.73249465948191],[3.91275269380595,43.73249464783145],[3.9127528429262246,43.73249427299106],[3.9127528987294653,43.73249465948191]],[[3.9114082035688145,43.735874263700275],[3.9114084379507745,43.73587434458838],[3.911407998083396,43.7358747802245],[3.9114082035688145,43.735874263700275]]]}},{"type":"Feature","id":"champagne","properties":{"name":"Champagne","slug":"champagne","parent_iso_a3":"FRA","source_name":"OpenStreetMap via Nominatim (Champagne-Ardenne historic boundary proxy)","source_url":"https://nominatim.openstreetmap.org/search?format=jsonv2&polygon_geojson=1&limit=1&q=Champagne-Ardenne%2C%20France","source_license":"ODbL 1.0"},"geometry":{"type":"Polygon","coordinates":[[[3.383639,48.4795762],[3.391132,48.4704269],[3.399677,48.4681039],[3.3943798,48.4627788],[3.407453,48.4492602],[3.401604,48.4357175],[3.3946596,48.4363763],[3.39734,48.4341225],[3.3916681,48.4232566],[3.4118595,48.4214189],[3.4032967,48.4147084],[3.4223572,48.4161945],[3.4128538,48.3782262],[3.4217181,48.3717649],[3.427514,48.3581866],[3.4529923,48.3745309],[3.4974521,48.369755],[3.5444416,48.3347056],[3.5439345,48.3198203],[3.563148,48.3214446],[3.5650003,48.3133882],[3.5610084,48.3119655],[3.5649293,48.308691],[3.5870179,48.3019094],[3.5872448,48.2925929],[3.5779254,48.2845741],[3.617776,48.2701528],[3.6243486,48.2544702],[3.5998499,48.2364794],[3.6051526,48.2300623],[3.6139639,48.2323712],[3.6219202,48.2255076],[3.5998053,48.2021291],[3.5747807,48.1888094],[3.5937358,48.1786298],[3.6218678,48.1922519],[3.6424613,48.1845471],[3.6608676,48.1588132],[3.6679384,48.1393197],[3.6915307,48.145527],[3.6925579,48.1555117],[3.7051347,48.1442778],[3.7200736,48.1541082],[3.721303,48.162152],[3.7143282,48.1746286],[3.7473189,48.1664839],[3.754817,48.1501395],[3.7424617,48.1427541],[3.7398228,48.1320718],[3.7569351,48.1253324],[3.767822,48.1340334],[3.777139,48.1286029],[3.779453,48.1211547],[3.7916122,48.1180134],[3.8053841,48.099811],[3.8000766,48.0971581],[3.7980639,48.0864996],[3.807003,48.0841375],[3.8048291,48.0818415],[3.8295835,48.0576112],[3.8240545,48.053166],[3.830302,48.0472674],[3.8218899,48.0440454],[3.8323064,48.0364431],[3.8430591,48.0361099],[3.8512566,48.0265913],[3.8704818,48.0168655],[3.8700365,48.0026982],[3.8626697,48.0067795],[3.8389496,48.0033043],[3.8495383,47.9837321],[3.8659492,47.9845492],[3.861811,47.9765398],[3.8799359,47.9791346],[3.8835612,47.9852809],[3.8775427,47.9871879],[3.8854678,47.9918813],[3.881638,48.000442],[3.8934513,48.0015257],[3.9123577,47.9800314],[3.9133413,47.9703079],[3.8989549,47.9407086],[3.9033153,47.9385712],[3.8941074,47.9291928],[3.9047037,47.924889],[3.9261282,47.9347408],[3.9454789,47.934867],[3.9484588,47.9310605],[3.9623796,47.9361181],[3.9810895,47.9300463],[4.0050558,47.9428988],[4.0164188,47.9293556],[4.0315828,47.9333413],[4.044832,47.9252525],[4.0589752,47.9317944],[4.0562976,47.9417621],[4.0607518,47.9458076],[4.0898562,47.945084],[4.0936864,47.9264119],[4.106869,47.9299553],[4.1096796,47.9257157],[4.1326228,47.9378177],[4.1417336,47.937236],[4.1399414,47.9428478],[4.1669294,47.9600509],[4.1840801,47.9560071],[4.1855095,47.9402828],[4.2027787,47.9417242],[4.2077774,47.9466026],[4.2033766,47.9594707],[4.2128283,47.9631418],[4.2031301,47.9599846],[4.1930719,47.964919],[4.2039134,47.973519],[4.2270029,47.9710233],[4.228257,47.9613565],[4.221828,47.9499949],[4.2447456,47.9301832],[4.2671327,47.9238831],[4.2927181,47.9258055],[4.3029005,47.9371119],[4.2982634,47.9496938],[4.3123849,47.9627532],[4.3436098,47.9557753],[4.3614529,47.9570406],[4.3685878,47.9619627],[4.3839369,47.9597365],[4.4172024,47.9688096],[4.447048,47.9562589],[4.4935246,47.9688781],[4.5541595,47.9674952],[4.5599224,47.9719357],[4.5568941,47.9823118],[4.5412526,47.9920165],[4.5357272,48.0064383],[4.5495099,48.0047431],[4.55584,48.0136939],[4.5835967,48.0297517],[4.6163553,48.0311785],[4.6220131,48.024345],[4.6477767,48.025705],[4.6559887,48.0169638],[4.6655768,48.0209469],[4.6701795,48.014514],[4.7003662,48.0240041],[4.7201983,48.0090669],[4.7404546,48.0046053],[4.7895151,48.0080747],[4.7931665,47.9968441],[4.810573,47.9886466],[4.7946296,47.9844837],[4.7854699,47.9715303],[4.7863262,47.9639052],[4.8115582,47.9593976],[4.8192066,47.9604069],[4.8194183,47.9645705],[4.8446399,47.9612789],[4.8655799,47.9406152],[4.8463431,47.9283816],[4.8466995,47.9211491],[4.839367,47.9231581],[4.8310454,47.9178815],[4.8334132,47.9071571],[4.8567465,47.8957853],[4.8710176,47.9185133],[4.9038349,47.9205478],[4.9165121,47.897895],[4.9278102,47.8886507],[4.9275723,47.8713727],[4.954156,47.8667369],[4.9635132,47.8521803],[4.960882,47.8391675],[4.9660215,47.8397309],[4.9685011,47.8320528],[4.9847695,47.8287977],[4.9858327,47.8225898],[4.9941983,47.8196263],[4.9886048,47.8182036],[4.9939487,47.8127411],[4.9823766,47.7998136],[4.9179496,47.7769357],[4.9245165,47.7739778],[4.9168004,47.7669846],[4.9265506,47.7645241],[4.9225477,47.7590493],[4.9457118,47.766454],[4.9593256,47.7619372],[4.9660158,47.7411523],[4.9564551,47.7326506],[4.9695299,47.7357027],[4.9713696,47.73012],[4.9635849,47.7227324],[4.9645358,47.7141943],[4.9536215,47.7031098],[4.9728109,47.6911742],[4.9694383,47.6854763],[4.9960626,47.6893314],[5.0037829,47.6935775],[5.0045074,47.7008938],[5.0295405,47.7099499],[5.0341769,47.701571],[5.0289763,47.6933897],[5.0607858,47.6948626],[5.0436337,47.6764813],[5.053824,47.6683545],[5.0665253,47.6688768],[5.0687141,47.6640863],[5.0679487,47.6682213],[5.071801,47.66432],[5.0791168,47.6681692],[5.078983,47.6599052],[5.1023063,47.6594219],[5.1091237,47.6496414],[5.116484,47.6518418],[5.1254593,47.646707],[5.1398028,47.651447],[5.1366983,47.6537628],[5.156442,47.668041],[5.161933,47.6804404],[5.1785822,47.6809548],[5.1744398,47.6523913],[5.2107059,47.642212],[5.229254,47.6303299],[5.2376284,47.6166402],[5.258849,47.6222954],[5.2382342,47.5966712],[5.2486278,47.5885535],[5.2532742,47.5769405],[5.2782586,47.5815741],[5.2808086,47.5926372],[5.2983219,47.6042928],[5.312979,47.6057441],[5.322513,47.6124286],[5.3396763,47.6099874],[5.3451926,47.6046531],[5.3415984,47.5947605],[5.3591723,47.5937403],[5.3668475,47.6049771],[5.3733135,47.6045205],[5.3724746,47.6182704],[5.3834337,47.6327211],[5.4053059,47.6465697],[5.3980742,47.6485148],[5.4063097,47.6733186],[5.4196995,47.6778781],[5.4477436,47.6709111],[5.4706108,47.6752514],[5.4824362,47.6847529],[5.5103276,47.6741639],[5.529859,47.6729963],[5.5673683,47.7071676],[5.5827384,47.7024908],[5.5843246,47.6906941],[5.5969647,47.6720624],[5.6308485,47.6771651],[5.6485684,47.6751119],[5.6608124,47.6848069],[5.6720176,47.6814581],[5.6808691,47.6866306],[5.6910252,47.6845856],[5.6936243,47.70464],[5.6838388,47.7119346],[5.6876698,47.7188171],[5.6843673,47.723112],[5.6957536,47.7252027],[5.6899956,47.7338674],[5.7097042,47.7449257],[5.7063697,47.7685758],[5.6799512,47.770144],[5.6820248,47.7755444],[5.6765235,47.7792634],[5.6817575,47.8092773],[5.6893715,47.8187705],[5.70015,47.8238649],[5.7308947,47.8175579],[5.7421418,47.8194935],[5.7511717,47.8289708],[5.7450835,47.8298083],[5.7479681,47.838377],[5.7441929,47.8488933],[5.7613205,47.8598568],[5.7674189,47.8556058],[5.7988082,47.8555646],[5.7957436,47.8467821],[5.8282566,47.8520027],[5.8288037,47.8573172],[5.817802,47.8524743],[5.8281224,47.8579993],[5.821048,47.8695188],[5.8387655,47.8853479],[5.8362656,47.8885801],[5.8483694,47.9042776],[5.882916,47.900065],[5.8909498,47.9106604],[5.881488,47.9328603],[5.8687415,47.9451152],[5.8569138,47.9451156],[5.8526817,47.9505667],[5.8544759,47.9553581],[5.8487462,47.9641671],[5.8539922,47.9688528],[5.8463236,47.9699581],[5.8460718,47.9762231],[5.8363162,47.9612549],[5.8111122,47.9554224],[5.8094804,47.9487409],[5.7871504,47.9524264],[5.7832746,47.9619493],[5.7866782,47.9643984],[5.7784512,47.9780692],[5.7933284,47.9871196],[5.7946357,47.9978917],[5.787324,48.0016189],[5.7857129,48.0123623],[5.7764339,48.022222],[5.776595,48.0334365],[5.764668,48.0298651],[5.7641101,48.0346361],[5.7403546,48.0502388],[5.7203954,48.0444566],[5.715944,48.0616232],[5.6987366,48.066709],[5.6965935,48.077717],[5.6892021,48.0753742],[5.6752861,48.082062],[5.6733667,48.0787325],[5.6577987,48.0861434],[5.6527763,48.0801585],[5.6614119,48.0719837],[5.6569122,48.0689854],[5.6290167,48.0844265],[5.6337869,48.0904022],[5.639229,48.0887819],[5.6374993,48.0975799],[5.6471912,48.1040017],[5.6714305,48.1083823],[5.6687324,48.1152749],[5.6563298,48.1206503],[5.6674282,48.1335586],[5.6757354,48.1358367],[5.6766018,48.144833],[5.6849471,48.1446086],[5.68535,48.1506294],[5.6807972,48.150765],[5.6863323,48.165045],[5.6798305,48.1792406],[5.7023118,48.190657],[5.7306208,48.1898223],[5.7297481,48.198377],[5.7183891,48.2145395],[5.6879552,48.2342988],[5.6766244,48.2290682],[5.6416197,48.2418277],[5.6539767,48.26846],[5.613639,48.2910472],[5.5886728,48.2737492],[5.5871103,48.279377],[5.5373218,48.3185388],[5.5242362,48.3342489],[5.522477,48.3408224],[5.5267681,48.3468303],[5.5230549,48.348853],[5.4805946,48.3567329],[5.4689173,48.3489896],[5.4618,48.3521844],[5.4452911,48.3374836],[5.4257978,48.3311438],[5.4169704,48.3429099],[5.4226001,48.3515905],[5.4184927,48.3610732],[5.4427988,48.379352],[5.4074439,48.38279],[5.3936095,48.3917667],[5.4197717,48.3951373],[5.4465316,48.4154408],[5.4700078,48.4211448],[5.4647124,48.4256594],[5.4506247,48.4229055],[5.4386799,48.4353437],[5.4327767,48.4320342],[5.4094646,48.4447484],[5.4033816,48.454282],[5.4064634,48.4650793],[5.3980897,48.4739261],[5.3810912,48.4712108],[5.3577999,48.4775824],[5.3287837,48.5028095],[5.3287024,48.5095168],[5.3167115,48.5082163],[5.3055851,48.5160491],[5.2961273,48.508523],[5.2862115,48.5157714],[5.270974,48.5140638],[5.2267837,48.5320724],[5.2218381,48.5265657],[5.2118776,48.5286224],[5.2086302,48.5386964],[5.1946391,48.5376062],[5.1967927,48.5466771],[5.1737357,48.5558396],[5.1678315,48.5649493],[5.1458823,48.5604591],[5.1285247,48.5746929],[5.1274019,48.5810249],[5.1178561,48.5847699],[5.1194615,48.5957782],[5.0707117,48.5958271],[5.0535204,48.6339927],[5.0328948,48.6133942],[5.0139496,48.6101534],[5.0007006,48.6137931],[4.9945063,48.6216317],[5.00538,48.6353417],[4.9945951,48.646325],[4.9928665,48.6581833],[5.0105985,48.6681115],[5.006732,48.6800967],[4.9883042,48.6843368],[4.9898887,48.6928138],[4.9950931,48.6913921],[5.0064607,48.69884],[4.9970068,48.7094811],[5.0125659,48.7065648],[5.0161678,48.7098638],[5.0111833,48.7180482],[5.0045065,48.7196005],[5.0091609,48.7413535],[4.9805681,48.7447011],[4.9785984,48.7523766],[4.9337569,48.7832643],[4.9379571,48.7851453],[4.9365222,48.7900469],[4.9325442,48.7892011],[4.9356685,48.7904644],[4.9208194,48.7898766],[4.8890982,48.7982561],[4.8907497,48.8055579],[4.8970086,48.8089472],[4.8890778,48.8177729],[4.914646,48.8352037],[4.9367529,48.8421109],[4.9373444,48.8482587],[4.9276649,48.8496822],[4.9302296,48.8560477],[4.9228381,48.857801],[4.9250283,48.8643728],[4.9116965,48.8684275],[4.9243274,48.891404],[4.9124073,48.8985764],[4.9505778,48.931071],[4.9590001,48.9261255],[5.0004037,48.9384691],[5.0131356,48.9368673],[5.013594,48.9459476],[5.03062,48.9544067],[5.0309756,48.962753],[5.039504,48.9743264],[4.99391,48.9843025],[5.0138821,48.995344],[5.0360628,48.9935138],[5.039376,48.9983583],[5.0323234,48.9985448],[5.0312457,49.0061551],[5.0381223,49.0106356],[5.0359515,49.0168113],[5.0398605,49.0195761],[5.033583,49.0209478],[5.0368186,49.0243951],[5.0097776,49.0354304],[4.9653987,49.0216512],[5.0054041,49.0604606],[4.9967669,49.0877368],[4.9956456,49.1087939],[4.9718693,49.1367772],[4.9520161,49.1745543],[4.939649,49.1851468],[4.9508206,49.193712],[4.9776342,49.1995532],[4.993278,49.2099853],[4.9780024,49.2188423],[4.9707828,49.2360077],[4.9507354,49.2369069],[4.9605232,49.2403135],[4.9644851,49.2475844],[4.9993225,49.2592608],[4.996505,49.2639638],[5.000141,49.2654044],[5.0271458,49.2746289],[5.0328207,49.2707211],[5.0511786,49.2741259],[5.0494091,49.2856076],[5.0592442,49.289984],[5.0566735,49.2938857],[5.0390589,49.2956955],[5.0427235,49.298613],[5.0358211,49.3073745],[5.0254474,49.3104083],[5.0377916,49.3161043],[5.0273173,49.3269943],[5.0262525,49.3365238],[5.0562208,49.3589038],[5.0534288,49.3657615],[5.0603492,49.3717284],[5.088902,49.370048],[5.101712,49.378496],[5.099041,49.385102],[5.1058845,49.3932434],[5.1004277,49.3918116],[5.0859801,49.3986892],[5.0883147,49.4023122],[5.0769923,49.4030814],[5.115764,49.4194867],[5.1058543,49.4249717],[5.1004275,49.4408719],[5.1003226,49.4447771],[5.1081558,49.4458758],[5.1073816,49.4547124],[5.1118051,49.457554],[5.10583,49.4615988],[5.0952606,49.4594977],[5.0829469,49.470599],[5.0838415,49.4841144],[5.0736492,49.4867414],[5.0687992,49.4957825],[5.0586105,49.5009883],[5.0592534,49.5059719],[5.0782946,49.5089495],[5.0989987,49.5308427],[5.1009868,49.5366835],[5.0898136,49.5351031],[5.088394,49.544916],[5.0973442,49.5579544],[5.1086337,49.555054],[5.11318,49.5605053],[5.1082476,49.5615623],[5.1125942,49.5686727],[5.1048096,49.5756697],[5.1132337,49.5923273],[5.1444245,49.5909211],[5.1626645,49.5617889],[5.1843002,49.5694667],[5.1975424,49.5667796],[5.2084019,49.5748427],[5.2174583,49.5734241],[5.2359061,49.5691746],[5.2349237,49.5618926],[5.2545144,49.5556806],[5.2601918,49.5429407],[5.2752435,49.5419668],[5.2848915,49.5530925],[5.3123995,49.559276],[5.3083672,49.562702],[5.3402561,49.5948493],[5.3519233,49.5885926],[5.376968,49.5921409],[5.381388,49.6052842],[5.3940681,49.6169347],[5.3475329,49.6312435],[5.3404354,49.616681],[5.3135095,49.6107783],[5.3050086,49.6302947],[5.3181403,49.6463982],[5.3322053,49.6544094],[5.2796683,49.6901178],[5.2685113,49.6965705],[5.2427526,49.6853674],[5.2430273,49.6891747],[5.2321047,49.6916028],[5.2181165,49.687651],[5.2057406,49.6963129],[5.1959394,49.691946],[5.1641752,49.6934521],[5.1660359,49.7117506],[5.1530885,49.71859],[5.143717,49.7091976],[5.1408742,49.7135886],[5.1258231,49.7124948],[5.1250485,49.7270886],[5.1188568,49.7385478],[5.0943894,49.7634562],[5.0880056,49.7663056],[5.0634342,49.7621699],[5.061612,49.7673583],[5.0085543,49.7820597],[4.9971958,49.7950062],[4.9976901,49.8000035],[4.9711712,49.801769],[4.9623036,49.7978237],[4.956807,49.8018539],[4.9471617,49.799099],[4.9428737,49.790493],[4.9389194,49.7930902],[4.9307847,49.7869981],[4.9056416,49.7855463],[4.8766865,49.7934353],[4.8636988,49.7887529],[4.8519966,49.7930478],[4.8630875,49.8017674],[4.8652699,49.8133047],[4.8763929,49.8192569],[4.8691772,49.8230435],[4.8671678,49.8420571],[4.8568037,49.8413795],[4.8475351,49.868087],[4.8625027,49.8668986],[4.8778571,49.8945289],[4.8876211,49.8985711],[4.8764085,49.9014402],[4.877741,49.9046458],[4.8901307,49.9089349],[4.8806194,49.9163566],[4.8815764,49.9220952],[4.8585483,49.9324122],[4.8489664,49.9482408],[4.7911711,49.9580026],[4.790334,49.969829],[4.794969,49.975791],[4.793253,49.981861],[4.806814,49.98418],[4.819173,49.995216],[4.815912,50.001064],[4.821062,50.011764],[4.81677,50.015075],[4.822435,50.022022],[4.820032,50.025882],[4.841489,50.039665],[4.840631,50.046062],[4.82707,50.050029],[4.829301,50.057304],[4.819685,50.060783],[4.819384,50.065927],[4.838133,50.06724],[4.842951,50.07779],[4.8405912,50.0829959],[4.8469612,50.083562],[4.8374127,50.0932051],[4.8496841,50.101159],[4.8596487,50.0992593],[4.860457,50.0930082],[4.8724173,50.0877837],[4.875778,50.0942706],[4.8669529,50.0970494],[4.8733731,50.1096423],[4.8670574,50.1188107],[4.8785068,50.1272473],[4.8784141,50.1317769],[4.8868196,50.130788],[4.8971111,50.1379186],[4.8814073,50.1412081],[4.877572,50.1537301],[4.8324337,50.1531657],[4.8241055,50.1611437],[4.8249624,50.1692248],[4.8064561,50.1526527],[4.7621672,50.1364474],[4.7561025,50.1215935],[4.7481925,50.1223228],[4.751785,50.1119912],[4.7021057,50.0955571],[4.688526,50.072703],[4.679764,50.06805],[4.6860116,50.0574338],[4.697051,50.059212],[4.70004,50.053005],[4.6847467,50.0272762],[4.6888444,50.011252],[4.6849878,50.0065975],[4.6939852,49.9955639],[4.6710317,49.9971779],[4.633744,49.987326],[4.58179,49.983575],[4.5645211,49.9704567],[4.5410646,49.9695228],[4.5235754,49.9502646],[4.5112169,49.946515],[4.4811742,49.9481331],[4.4455089,49.9372154],[4.4165557,49.9476622],[4.3906614,49.9476931],[4.3812166,49.954441],[4.3509827,49.9522263],[4.335646,49.963536],[4.309527,49.969556],[4.233012,49.957656],[4.2298602,49.9461683],[4.2207183,49.9372119],[4.2168626,49.9140942],[4.2332371,49.909361],[4.234935,49.9039778],[4.2557496,49.9040039],[4.2507064,49.8895196],[4.2527177,49.8696362],[4.248726,49.8567841],[4.2326195,49.8481841],[4.2296875,49.8360658],[4.223561,49.8341009],[4.2142086,49.8061166],[4.2216956,49.8045303],[4.218948,49.8002778],[4.226608,49.7930363],[4.2058851,49.7781867],[4.2138923,49.7711152],[4.2285725,49.7731042],[4.2427809,49.7671446],[4.241743,49.7619257],[4.2495809,49.7570406],[4.2290681,49.7458811],[4.2256962,49.7326803],[4.2324431,49.7306072],[4.1914049,49.7160282],[4.1931402,49.7117919],[4.1843118,49.7033662],[4.1851366,49.6988627],[4.1440435,49.6886941],[4.1486801,49.6778751],[4.1270084,49.6779386],[4.1220755,49.6582027],[4.1255061,49.6510721],[4.1157346,49.632907],[4.0863078,49.6292657],[4.0689207,49.6375151],[4.0539786,49.6372258],[4.0555952,49.6343459],[4.04106,49.6383416],[4.0434038,49.6314511],[4.0378901,49.6229433],[4.0246048,49.6212629],[4.0473173,49.5995011],[4.0662566,49.59446],[4.0580264,49.5915189],[4.0622904,49.5860809],[4.0595108,49.5759119],[4.0654222,49.574092],[4.0633406,49.5712136],[4.0767755,49.5706655],[4.062759,49.5609827],[4.0585759,49.5525751],[4.0502092,49.5509445],[4.0487012,49.5453797],[4.075247,49.5415583],[4.075749,49.5184008],[4.0719285,49.5164679],[4.065331,49.5236082],[4.0564676,49.5210923],[4.0618714,49.5127345],[4.0571999,49.5082189],[4.0401873,49.5063247],[4.0413369,49.468237],[4.0684393,49.4456158],[4.0520932,49.4438661],[4.0493537,49.4477097],[4.0372928,49.4381079],[4.0437533,49.4289158],[4.0423272,49.4167727],[4.0484347,49.4168262],[4.0501174,49.4122573],[4.0358418,49.3832636],[4.0358282,49.3603572],[4.0126384,49.3584625],[4.0071964,49.3696907],[3.9965402,49.3714089],[3.9950646,49.3781641],[3.9614838,49.3774998],[3.9423767,49.3888477],[3.9248934,49.407418],[3.9146218,49.403484],[3.9103853,49.3948287],[3.8563455,49.381108],[3.8598647,49.3730541],[3.8529822,49.3670771],[3.8561529,49.3642334],[3.8478667,49.3645669],[3.8588054,49.3542115],[3.8528152,49.3449751],[3.8239569,49.3573477],[3.8019853,49.35891],[3.7795729,49.3519181],[3.7776764,49.3559216],[3.7576244,49.3477766],[3.7409222,49.3476062],[3.7429759,49.3369637],[3.6990079,49.3324712],[3.6689115,49.3249228],[3.6442259,49.3129034],[3.6436534,49.3036433],[3.6386261,49.3012138],[3.6573976,49.290883],[3.6524739,49.2782476],[3.6651199,49.2693601],[3.6586224,49.2672817],[3.6529461,49.2545925],[3.6603836,49.2601709],[3.6684612,49.2412405],[3.6782895,49.235086],[3.6686549,49.231678],[3.6703052,49.2280646],[3.6649567,49.2237239],[3.6691355,49.222193],[3.6514493,49.2214737],[3.6572676,49.2186257],[3.6525109,49.2149671],[3.6816156,49.2052696],[3.6761126,49.2008551],[3.6817885,49.1973384],[3.6973097,49.206875],[3.7053319,49.1992298],[3.6966853,49.1940938],[3.6969285,49.1879375],[3.7069623,49.1855994],[3.7047562,49.1812717],[3.7114357,49.1784757],[3.725592,49.1736409],[3.7299591,49.1782737],[3.7512784,49.1777896],[3.7492287,49.1571955],[3.7029377,49.1414683],[3.6985969,49.1494207],[3.6836551,49.1549252],[3.6554104,49.1484389],[3.6221069,49.1507199],[3.6201427,49.1390131],[3.6097919,49.1349736],[3.6119479,49.128678],[3.5995876,49.1206822],[3.6030543,49.1146319],[3.6118137,49.1182031],[3.6389378,49.0776129],[3.6249956,49.07088],[3.6098106,49.0732734],[3.6017422,49.0626941],[3.5887795,49.0595772],[3.5851124,49.0389395],[3.5877273,49.0339149],[3.6158169,49.0332121],[3.629842,49.0395381],[3.6426838,49.0369109],[3.65014,49.0428955],[3.6639381,49.0374899],[3.6791855,49.0184002],[3.6777934,49.0139263],[3.6607812,49.0044431],[3.6400786,49.0043028],[3.6236265,48.9829305],[3.6267463,48.9810243],[3.6208859,48.9660662],[3.6010895,48.9665252],[3.591438,48.9605644],[3.6020487,48.9531921],[3.599233,48.9508455],[3.6031457,48.9435979],[3.5747745,48.9392599],[3.5728,48.9253677],[3.576166,48.9235097],[3.5642289,48.9119294],[3.559855,48.9169074],[3.5291407,48.9126237],[3.508342,48.890478],[3.5029826,48.8713297],[3.481438,48.866347],[3.4913166,48.8346344],[3.485203,48.8252349],[3.4870443,48.8151399],[3.480824,48.8121803],[3.4699276,48.8210831],[3.4480718,48.8110204],[3.4163717,48.8179586],[3.4045315,48.8091994],[3.4230624,48.800701],[3.4420672,48.803751],[3.4435526,48.7908876],[3.441737,48.7820548],[3.4371555,48.7850666],[3.4296471,48.7794522],[3.4243906,48.7848819],[3.4082159,48.7841687],[3.3958932,48.759078],[3.3990588,48.7549484],[3.4235502,48.7539871],[3.4285188,48.7584548],[3.4365166,48.7532984],[3.4384938,48.7391046],[3.469686,48.7378969],[3.4638825,48.7072653],[3.4778491,48.6979185],[3.4725089,48.6978309],[3.4714307,48.6857104],[3.4476276,48.6771715],[3.4426702,48.6723698],[3.4462848,48.6669127],[3.4404614,48.6636719],[3.4605757,48.6530344],[3.4509033,48.6346446],[3.4761435,48.6370712],[3.4924367,48.6474769],[3.5131586,48.6434965],[3.5336167,48.6465171],[3.5176093,48.6370291],[3.5193256,48.6330069],[3.5385487,48.6316106],[3.5592208,48.617439],[3.5029622,48.6046707],[3.5162334,48.589798],[3.4934192,48.5900451],[3.4853143,48.5803691],[3.4653733,48.570502],[3.4739791,48.5646194],[3.4765439,48.551799],[3.4862168,48.5469916],[3.479519,48.5453653],[3.4817349,48.5414103],[3.456959,48.5295984],[3.4388322,48.5281101],[3.4142279,48.5334592],[3.4053765,48.5278311],[3.423926,48.5142534],[3.4352476,48.496875],[3.4343056,48.4902715],[3.4210511,48.4919692],[3.383639,48.4795762]]]}}]}
