{"type":"FeatureCollection","features":[{"type":"Feature","id":"champagne","properties":{"name":"Champagne","slug":"champagne","parent_iso_a3":"FRA","source_name":"OpenStreetMap via Nominatim","source_url":"https://nominatim.openstreetmap.org/","source_license":"ODbL 1.0","source_queries":"Champagne-Ardenne, France => Champagne-Ardenne, France métropolitaine, France"},"geometry":{"type":"Polygon","coordinates":[[[3.383639,48.4795762],[3.3885206,48.4771844],[3.391132,48.4704269],[3.399677,48.4681039],[3.3943798,48.4627788],[3.400752,48.459794],[3.407453,48.4492602],[3.401604,48.4357175],[3.3946596,48.4363763],[3.39734,48.4341225],[3.3916681,48.4232566],[3.4118595,48.4214189],[3.4076812,48.4155289],[3.4023692,48.4176601],[3.4032967,48.4147084],[3.4223572,48.4161945],[3.4128538,48.3782262],[3.4217181,48.3717649],[3.427514,48.3581866],[3.4483319,48.3684429],[3.4472243,48.3729202],[3.4529923,48.3745309],[3.4671359,48.3736904],[3.4668511,48.375903],[3.4751811,48.3692726],[3.4974521,48.369755],[3.5129556,48.3604811],[3.5336918,48.3389951],[3.5444416,48.3347056],[3.5439345,48.3198203],[3.563148,48.3214446],[3.5650003,48.3133882],[3.5610084,48.3119655],[3.5649293,48.308691],[3.5798486,48.3059158],[3.5809818,48.3010511],[3.5870179,48.3019094],[3.5872448,48.2925929],[3.5779254,48.2845741],[3.5876728,48.2799246],[3.600403,48.2793193],[3.601941,48.2758306],[3.6121571,48.2747054],[3.617776,48.2701528],[3.6243486,48.2544702],[3.6149584,48.2507979],[3.5998499,48.2364794],[3.6051526,48.2300623],[3.6139639,48.2323712],[3.6219202,48.2255076],[3.5998053,48.2021291],[3.5747807,48.1888094],[3.5937358,48.1786298],[3.6218678,48.1922519],[3.6424613,48.1845471],[3.6508723,48.1685729],[3.6608676,48.1588132],[3.6679384,48.1393197],[3.6915307,48.145527],[3.6925579,48.1555117],[3.700332,48.1452693],[3.7051347,48.1442778],[3.7200736,48.1541082],[3.721303,48.162152],[3.7143282,48.1746286],[3.7473189,48.1664839],[3.7522669,48.160993],[3.754817,48.1501395],[3.7424617,48.1427541],[3.7398228,48.1320718],[3.7569351,48.1253324],[3.767822,48.1340334],[3.777139,48.1286029],[3.779453,48.1211547],[3.7916122,48.1180134],[3.8053841,48.099811],[3.8000766,48.0971581],[3.7980639,48.0864996],[3.807003,48.0841375],[3.8048291,48.0818415],[3.8295835,48.0576112],[3.8240545,48.053166],[3.830302,48.0472674],[3.8218899,48.0440454],[3.8323064,48.0364431],[3.8430591,48.0361099],[3.8512566,48.0265913],[3.8704818,48.0168655],[3.8700365,48.0026982],[3.8626697,48.0067795],[3.8389496,48.0033043],[3.8412598,47.9958594],[3.8470128,47.9945717],[3.8495383,47.9837321],[3.8659492,47.9845492],[3.861811,47.9765398],[3.8799359,47.9791346],[3.8835612,47.9852809],[3.8775427,47.9871879],[3.8854678,47.9918813],[3.881638,48.000442],[3.8934513,48.0015257],[3.9006368,47.997292],[3.9123577,47.9800314],[3.9133413,47.9703079],[3.9078106,47.9642651],[3.9022868,47.9506252],[3.9038549,47.9460827],[3.8989549,47.9407086],[3.9033153,47.9385712],[3.8941074,47.9291928],[3.9047037,47.924889],[3.9115146,47.9302021],[3.9182411,47.9281589],[3.9261282,47.9347408],[3.9342574,47.9320201],[3.9454789,47.934867],[3.9484588,47.9310605],[3.9623796,47.9361181],[3.9810895,47.9300463],[3.9914759,47.9323524],[3.993451,47.9367323],[4.0050558,47.9428988],[4.0137217,47.9368702],[4.0124895,47.9329854],[4.0164188,47.9293556],[4.0254147,47.9287017],[4.0315828,47.9333413],[4.044832,47.9252525],[4.0589752,47.9317944],[4.0562976,47.9417621],[4.0607518,47.9458076],[4.0759923,47.9429315],[4.0898562,47.945084],[4.0929832,47.9430355],[4.0899703,47.9363127],[4.0937344,47.9342779],[4.0936864,47.9264119],[4.106869,47.9299553],[4.1096796,47.9257157],[4.1326228,47.9378177],[4.1417336,47.937236],[4.1399414,47.9428478],[4.155512,47.9556293],[4.1669294,47.9600509],[4.1840801,47.9560071],[4.1855095,47.9402828],[4.2027787,47.9417242],[4.2077774,47.9466026],[4.2033766,47.9594707],[4.2128283,47.9631418],[4.2031301,47.9599846],[4.1930719,47.964919],[4.2039134,47.973519],[4.2270029,47.9710233],[4.228257,47.9613565],[4.221828,47.9499949],[4.2369218,47.9407915],[4.2447456,47.9301832],[4.2671327,47.9238831],[4.2927181,47.9258055],[4.3029005,47.9371119],[4.2982634,47.9496938],[4.3123849,47.9627532],[4.3436098,47.9557753],[4.3614529,47.9570406],[4.3685878,47.9619627],[4.3839369,47.9597365],[4.4172024,47.9688096],[4.447048,47.9562589],[4.4831861,47.9631013],[4.4935246,47.9688781],[4.5541595,47.9674952],[4.5599224,47.9719357],[4.5568941,47.9823118],[4.5412526,47.9920165],[4.5357272,48.0064383],[4.5495099,48.0047431],[4.55584,48.0136939],[4.5639939,48.0156557],[4.5712417,48.0246069],[4.5835967,48.0297517],[4.6080687,48.0283864],[4.6163553,48.0311785],[4.6220131,48.024345],[4.6477767,48.025705],[4.6547036,48.0216076],[4.6559887,48.0169638],[4.6655768,48.0209469],[4.6701795,48.014514],[4.7003662,48.0240041],[4.71663,48.0111787],[4.7227996,48.01013],[4.7201983,48.0090669],[4.7404546,48.0046053],[4.7895151,48.0080747],[4.7931867,48.0060968],[4.7931665,47.9968441],[4.810573,47.9886466],[4.7946296,47.9844837],[4.7854699,47.9715303],[4.7863262,47.9639052],[4.7915949,47.9655884],[4.7931423,47.9624077],[4.8115582,47.9593976],[4.8192066,47.9604069],[4.8194183,47.9645705],[4.827339,47.9613145],[4.8446399,47.9612789],[4.8573495,47.9521216],[4.8655799,47.9406152],[4.8463431,47.9283816],[4.8466995,47.9211491],[4.839367,47.9231581],[4.8310454,47.9178815],[4.828939,47.9144412],[4.8334132,47.9071571],[4.8567465,47.8957853],[4.8603191,47.8966584],[4.8592999,47.9021103],[4.8710176,47.9185133],[4.8946927,47.9229607],[4.9038349,47.9205478],[4.9146529,47.9058276],[4.9165121,47.897895],[4.9278102,47.8886507],[4.9301821,47.8748814],[4.9275723,47.8713727],[4.954156,47.8667369],[4.9635132,47.8521803],[4.960882,47.8391675],[4.9660215,47.8397309],[4.9685011,47.8320528],[4.9847695,47.8287977],[4.9858327,47.8225898],[4.9941983,47.8196263],[4.9886048,47.8182036],[4.9939487,47.8127411],[4.9823766,47.7998136],[4.9179496,47.7769357],[4.9245165,47.7739778],[4.920973,47.7732832],[4.9208791,47.7671254],[4.9168004,47.7669846],[4.9265506,47.7645241],[4.9225477,47.7590493],[4.9424731,47.7629354],[4.9457118,47.766454],[4.9593256,47.7619372],[4.9600258,47.7520372],[4.9660158,47.7411523],[4.9564551,47.7326506],[4.9695299,47.7357027],[4.9713696,47.73012],[4.9635849,47.7227324],[4.9645358,47.7141943],[4.9539927,47.7073505],[4.9536215,47.7031098],[4.9728109,47.6911742],[4.9694383,47.6854763],[4.9960626,47.6893314],[5.0037829,47.6935775],[5.0045074,47.7008938],[5.0111877,47.7008537],[5.0141091,47.7058107],[5.0182256,47.7045337],[5.0295405,47.7099499],[5.0335048,47.707956],[5.0341769,47.701571],[5.0287648,47.6974122],[5.0289763,47.6933897],[5.0536855,47.6940953],[5.055534,47.6974801],[5.0607858,47.6948626],[5.0529626,47.6884561],[5.0501884,47.6798153],[5.0436337,47.6764813],[5.053824,47.6683545],[5.0665253,47.6688768],[5.0687141,47.6640863],[5.0679487,47.6682213],[5.071801,47.66432],[5.0791168,47.6681692],[5.0767286,47.6639058],[5.078983,47.6599052],[5.0832704,47.6609576],[5.0865508,47.6569238],[5.1023063,47.6594219],[5.1067329,47.6535495],[5.1024736,47.6550281],[5.1091237,47.6496414],[5.116484,47.6518418],[5.1254593,47.646707],[5.1398028,47.651447],[5.1366983,47.6537628],[5.1437184,47.6560802],[5.156442,47.668041],[5.161933,47.6804404],[5.1785822,47.6809548],[5.1744095,47.6713947],[5.1744398,47.6523913],[5.2107059,47.642212],[5.2204727,47.632909],[5.229254,47.6303299],[5.2293526,47.6259539],[5.2378072,47.6208162],[5.2376284,47.6166402],[5.258849,47.6222954],[5.2382342,47.5966712],[5.2486278,47.5885535],[5.2532742,47.5769405],[5.2782586,47.5815741],[5.2776966,47.5901404],[5.2808086,47.5926372],[5.2939255,47.5978963],[5.2983219,47.6042928],[5.3063158,47.6073556],[5.312979,47.6057441],[5.322513,47.6124286],[5.3396763,47.6099874],[5.3451926,47.6046531],[5.3415984,47.5947605],[5.3549938,47.5914611],[5.3591723,47.5937403],[5.3668475,47.6049771],[5.3733135,47.6045205],[5.3724746,47.6182704],[5.3834337,47.6327211],[5.4053059,47.6465697],[5.3980742,47.6485148],[5.4063097,47.6733186],[5.4196995,47.6778781],[5.4345016,47.6713028],[5.4477436,47.6709111],[5.4706108,47.6752514],[5.4824362,47.6847529],[5.5103276,47.6741639],[5.529859,47.6729963],[5.5673683,47.7071676],[5.5827384,47.7024908],[5.5843246,47.6906941],[5.5924165,47.6832402],[5.5969647,47.6720624],[5.6018632,47.6751403],[5.617004,47.6733815],[5.6308485,47.6771651],[5.6485684,47.6751119],[5.6608124,47.6848069],[5.6678691,47.6855877],[5.6720176,47.6814581],[5.6808691,47.6866306],[5.685711,47.6829381],[5.6880963,47.6861504],[5.6910252,47.6845856],[5.6952196,47.693842],[5.6936243,47.70464],[5.6838388,47.7119346],[5.6834489,47.7173111],[5.6876698,47.7188171],[5.6843673,47.723112],[5.6957536,47.7252027],[5.6899956,47.7338674],[5.7097042,47.7449257],[5.7062079,47.7511481],[5.7089319,47.7573077],[5.7063697,47.7685758],[5.6799512,47.770144],[5.6820248,47.7755444],[5.6765235,47.7792634],[5.6817575,47.8092773],[5.6893715,47.8187705],[5.70015,47.8238649],[5.7308947,47.8175579],[5.7421418,47.8194935],[5.7454566,47.8269457],[5.7511717,47.8289708],[5.7450835,47.8298083],[5.7479681,47.838377],[5.7433218,47.8427271],[5.7441929,47.8488933],[5.7540742,47.8518363],[5.7613205,47.8598568],[5.7674189,47.8556058],[5.7748667,47.8583888],[5.7988082,47.8555646],[5.7957436,47.8467821],[5.8282566,47.8520027],[5.8288037,47.8573172],[5.817802,47.8524743],[5.8252991,47.8557914],[5.8225644,47.857779],[5.8281224,47.8579993],[5.8247682,47.8586501],[5.821048,47.8695188],[5.8387655,47.8853479],[5.8362656,47.8885801],[5.8486429,47.9009438],[5.8483694,47.9042776],[5.882916,47.900065],[5.8909498,47.9106604],[5.8862095,47.9158705],[5.8893092,47.9205762],[5.8840589,47.9210746],[5.8845372,47.9294564],[5.881488,47.9328603],[5.8705157,47.9394126],[5.8687415,47.9451152],[5.8569138,47.9451156],[5.8526817,47.9505667],[5.8544759,47.9553581],[5.8487462,47.9641671],[5.854467,47.9657419],[5.8539922,47.9688528],[5.8463236,47.9699581],[5.8460718,47.9762231],[5.8363162,47.9612549],[5.8297379,47.9571872],[5.8111122,47.9554224],[5.8094804,47.9487409],[5.8051522,47.9470488],[5.8032718,47.9500793],[5.7871504,47.9524264],[5.7832746,47.9619493],[5.7866782,47.9643984],[5.7784512,47.9780692],[5.7933284,47.9871196],[5.7946357,47.9978917],[5.787324,48.0016189],[5.7857129,48.0123623],[5.7764339,48.022222],[5.776595,48.0334365],[5.764668,48.0298651],[5.7641101,48.0346361],[5.7403546,48.0502388],[5.7203954,48.0444566],[5.721035,48.0525643],[5.715944,48.0616232],[5.6987366,48.066709],[5.6965935,48.077717],[5.6892021,48.0753742],[5.6752861,48.082062],[5.6733667,48.0787325],[5.6577987,48.0861434],[5.6532861,48.0841992],[5.6527763,48.0801585],[5.6614119,48.0719837],[5.6569122,48.0689854],[5.646581,48.0729118],[5.6439807,48.0795704],[5.6290167,48.0844265],[5.6337869,48.0904022],[5.639229,48.0887819],[5.6374993,48.0975799],[5.6471912,48.1040017],[5.6714305,48.1083823],[5.6687324,48.1152749],[5.6618562,48.1151137],[5.6563298,48.1206503],[5.6674282,48.1335586],[5.6757354,48.1358367],[5.6766018,48.144833],[5.6849471,48.1446086],[5.68535,48.1506294],[5.6807972,48.150765],[5.6845701,48.1537648],[5.6863323,48.165045],[5.6798305,48.1792406],[5.6870198,48.1803111],[5.7023118,48.190657],[5.7306208,48.1898223],[5.7297481,48.198377],[5.7183891,48.2145395],[5.6879552,48.2342988],[5.6766244,48.2290682],[5.6416197,48.2418277],[5.6516377,48.2574781],[5.6539767,48.26846],[5.613639,48.2910472],[5.5987809,48.2839535],[5.5886728,48.2737492],[5.5871103,48.279377],[5.5373218,48.3185388],[5.5242362,48.3342489],[5.5255698,48.3377984],[5.522477,48.3408224],[5.5267681,48.3468303],[5.5230549,48.348853],[5.4805946,48.3567329],[5.4689173,48.3489896],[5.4618,48.3521844],[5.4452911,48.3374836],[5.4257978,48.3311438],[5.4169704,48.3429099],[5.4226001,48.3515905],[5.4174778,48.3572111],[5.4184927,48.3610732],[5.4427988,48.379352],[5.4074439,48.38279],[5.3936095,48.3917667],[5.4197717,48.3951373],[5.4465316,48.4154408],[5.4594963,48.416304],[5.4700078,48.4211448],[5.4647124,48.4256594],[5.4506247,48.4229055],[5.4386799,48.4353437],[5.4327767,48.4320342],[5.4094646,48.4447484],[5.4033816,48.454282],[5.4064634,48.4650793],[5.3980897,48.4739261],[5.3810912,48.4712108],[5.3577999,48.4775824],[5.3479467,48.4830336],[5.3415655,48.4940979],[5.3287837,48.5028095],[5.3287024,48.5095168],[5.3167115,48.5082163],[5.3055851,48.5160491],[5.2961273,48.508523],[5.2862115,48.5157714],[5.270974,48.5140638],[5.2639863,48.5198752],[5.2382066,48.5258196],[5.2267837,48.5320724],[5.2218381,48.5265657],[5.2118776,48.5286224],[5.212209,48.5322747],[5.2064869,48.5361476],[5.2086302,48.5386964],[5.1946391,48.5376062],[5.1967927,48.5466771],[5.1737357,48.5558396],[5.1678315,48.5649493],[5.1458823,48.5604591],[5.1285247,48.5746929],[5.125103,48.5794551],[5.1274019,48.5810249],[5.1178561,48.5847699],[5.121656,48.5925522],[5.1194615,48.5957782],[5.0952174,48.5928969],[5.0707117,48.5958271],[5.0639211,48.6110649],[5.0594291,48.6136318],[5.057897,48.6304458],[5.0535204,48.6339927],[5.0328948,48.6133942],[5.0139496,48.6101534],[5.0007006,48.6137931],[4.9945063,48.6216317],[5.00538,48.6353417],[4.9945951,48.646325],[4.9928665,48.6581833],[5.0105985,48.6681115],[5.0074507,48.6694645],[5.006732,48.6800967],[4.9883042,48.6843368],[4.9912898,48.6868451],[4.9898887,48.6928138],[4.9950931,48.6913921],[5.0064607,48.69884],[4.9970068,48.7094811],[5.0125659,48.7065648],[5.0161678,48.7098638],[5.0111833,48.7180482],[5.0045065,48.7196005],[5.0095237,48.7292436],[5.0056795,48.7349207],[5.0091609,48.7413535],[4.9805681,48.7447011],[4.9785984,48.7523766],[4.9499159,48.7686927],[4.9429867,48.7787027],[4.9337569,48.7832643],[4.9379571,48.7851453],[4.9365222,48.7900469],[4.9325442,48.7892011],[4.9356685,48.7904644],[4.9250035,48.792604],[4.9208194,48.7898766],[4.9210927,48.7926804],[4.8890982,48.7982561],[4.892892,48.8037618],[4.8907497,48.8055579],[4.8970086,48.8089472],[4.8890778,48.8177729],[4.914646,48.8352037],[4.9367529,48.8421109],[4.9373444,48.8482587],[4.9276649,48.8496822],[4.9302296,48.8560477],[4.9228381,48.857801],[4.92143,48.8605786],[4.9250283,48.8643728],[4.9116965,48.8684275],[4.9243274,48.891404],[4.9124073,48.8985764],[4.9190244,48.9058559],[4.9331156,48.9128151],[4.9377118,48.9236728],[4.9505778,48.931071],[4.9590001,48.9261255],[4.9841084,48.9308376],[5.0004037,48.9384691],[5.0131356,48.9368673],[5.0163229,48.9429359],[5.013594,48.9459476],[5.0214919,48.9471147],[5.0221789,48.9512598],[5.03062,48.9544067],[5.0309756,48.962753],[5.039504,48.9743264],[5.0290999,48.9796543],[5.0177988,48.9777063],[5.0164006,48.9817601],[5.007388,48.9788862],[5.0041304,48.9837918],[4.99391,48.9843025],[5.002198,48.9873311],[5.0008403,48.9904027],[5.0045728,48.9931269],[5.0138821,48.995344],[5.0360628,48.9935138],[5.039376,48.9983583],[5.0323234,48.9985448],[5.0312457,49.0061551],[5.0381223,49.0106356],[5.0359515,49.0168113],[5.0398605,49.0195761],[5.033583,49.0209478],[5.0368186,49.0243951],[5.0097776,49.0354304],[4.9653987,49.0216512],[5.0030342,49.0548122],[5.0001213,49.0561486],[5.0054041,49.0604606],[4.9967669,49.0877368],[4.9956456,49.1087939],[4.9718693,49.1367772],[4.9520161,49.1745543],[4.939649,49.1851468],[4.9508206,49.193712],[4.9659827,49.1994717],[4.9776342,49.1995532],[4.993278,49.2099853],[4.9780024,49.2188423],[4.9707828,49.2360077],[4.9507354,49.2369069],[4.9605232,49.2403135],[4.9644851,49.2475844],[4.9993225,49.2592608],[4.996505,49.2639638],[5.000141,49.2654044],[5.0271458,49.2746289],[5.0328207,49.2707211],[5.0511786,49.2741259],[5.0494091,49.2856076],[5.0592442,49.289984],[5.0566735,49.2938857],[5.0390589,49.2956955],[5.0427235,49.298613],[5.0358211,49.3073745],[5.0254474,49.3104083],[5.0377916,49.3161043],[5.0273173,49.3269943],[5.0291692,49.3308812],[5.0262525,49.3365238],[5.0371701,49.341859],[5.0562208,49.3589038],[5.0534288,49.3657615],[5.0603492,49.3717284],[5.088902,49.370048],[5.101712,49.378496],[5.099041,49.385102],[5.104102,49.389329],[5.1018371,49.391987],[5.1058845,49.3932434],[5.1004277,49.3918116],[5.0859801,49.3986892],[5.0902037,49.4009644],[5.0883147,49.4023122],[5.0769923,49.4030814],[5.0910835,49.4073463],[5.0973673,49.4146928],[5.1099343,49.4156252],[5.115764,49.4194867],[5.1162425,49.4219753],[5.1058543,49.4249717],[5.1063048,49.4310778],[5.1004275,49.4408719],[5.1003226,49.4447771],[5.1081558,49.4458758],[5.1073816,49.4547124],[5.1118051,49.457554],[5.10583,49.4615988],[5.0952606,49.4594977],[5.0829469,49.470599],[5.0838415,49.4841144],[5.0736492,49.4867414],[5.0687992,49.4957825],[5.0586105,49.5009883],[5.0592534,49.5059719],[5.0782946,49.5089495],[5.0908025,49.5256903],[5.0989987,49.5308427],[5.0972415,49.533878],[5.1009868,49.5366835],[5.0898136,49.5351031],[5.088394,49.544916],[5.0945711,49.5498357],[5.0973442,49.5579544],[5.1086337,49.555054],[5.11318,49.5605053],[5.1082476,49.5615623],[5.1125942,49.5686727],[5.1048096,49.5756697],[5.1132337,49.5923273],[5.1444245,49.5909211],[5.1512529,49.5853901],[5.1526069,49.5773097],[5.1598155,49.5714681],[5.1626645,49.5617889],[5.1843002,49.5694667],[5.1975424,49.5667796],[5.2084019,49.5748427],[5.2174583,49.5734241],[5.2359061,49.5691746],[5.2349237,49.5618926],[5.2545144,49.5556806],[5.2601918,49.5429407],[5.276481,49.5443394],[5.2752435,49.5419668],[5.2848915,49.5530925],[5.3123995,49.559276],[5.3083672,49.562702],[5.3167674,49.567647],[5.3184484,49.5741457],[5.3289021,49.579893],[5.3402561,49.5948493],[5.3519233,49.5885926],[5.3654363,49.5927402],[5.376968,49.5921409],[5.381388,49.6052842],[5.387537185736907,49.61093408355201],[5.344121251383148,49.62395603059665],[5.3379506,49.6182372],[5.3404354,49.616681],[5.3135095,49.6107783],[5.297898,49.613252],[5.293041,49.617179],[5.290664,49.626378],[5.293764,49.640537],[5.306373,49.647513],[5.299449,49.662499],[5.259244,49.691335],[5.251666793824615,49.691208011637244],[5.2427526,49.6853674],[5.2430273,49.6891747],[5.236151511565653,49.690703191558555],[5.192478,49.682808],[5.169431,49.687201],[5.1258231,49.7124948],[5.093776,49.745337],[5.081891,49.752727],[5.046234,49.759393],[5.026287,49.766731],[4.98908,49.790554],[4.970993,49.797065],[4.94527366998612,49.79530973080703],[4.9428737,49.790493],[4.9389194,49.7930902],[4.9307847,49.7869981],[4.9202054,49.7887065],[4.884177,49.784146],[4.858029,49.786575],[4.849037,49.794171],[4.849244,49.831585],[4.834878,49.85303],[4.836738,49.859128],[4.848934,49.871066],[4.859372,49.891684],[4.861956,49.900314],[4.860199,49.913337],[4.844593,49.931734],[4.797257,49.944291],[4.783925,49.958295],[4.788265,49.974263],[4.826713,50.036017],[4.826505227490615,50.05831549049087],[4.819685,50.060783],[4.822212,50.064436],[4.819384,50.065927],[4.829013294240605,50.066601343343],[4.844230718101785,50.088130305185416],[4.8374127,50.0932051],[4.8496841,50.101159],[4.8596487,50.0992593],[4.860457,50.0930082],[4.86385292282943,50.09152479249163],[4.871878,50.139783],[4.862679,50.147586],[4.831364,50.1434],[4.820098,50.146449],[4.815679329980159,50.16091195709376],[4.8064561,50.1526527],[4.762017500589909,50.136080750360684],[4.7561025,50.1215935],[4.7481925,50.1223228],[4.7532955,50.1164934],[4.751785,50.1119912],[4.7021057,50.0955571],[4.690324,50.081304],[4.688526,50.072703],[4.679764,50.06805],[4.6860116,50.0574338],[4.697051,50.059212],[4.70004,50.053005],[4.6882234,50.0286425],[4.6847467,50.0272762],[4.6888444,50.011252],[4.6849878,50.0065975],[4.6939852,49.9955639],[4.6710317,49.9971779],[4.645845,49.984495],[4.604194,49.980206],[4.528892399347826,49.95611940392701],[4.5235754,49.9502646],[4.518671,49.9516798],[4.5112169,49.946515],[4.500646195214447,49.94708433822238],[4.464771,49.935609],[4.435109,49.93225],[4.277599,49.960156],[4.232545336955711,49.95595510366969],[4.2298602,49.9461683],[4.2207183,49.9372119],[4.2168626,49.9140942],[4.2332371,49.909361],[4.234935,49.9039778],[4.2557496,49.9040039],[4.2507064,49.8895196],[4.2539009,49.887011],[4.2527177,49.8696362],[4.248726,49.8567841],[4.2326195,49.8481841],[4.2296875,49.8360658],[4.223561,49.8341009],[4.2198378,49.8143566],[4.2142086,49.8061166],[4.2216956,49.8045303],[4.218948,49.8002778],[4.226608,49.7930363],[4.2223239,49.7872105],[4.2058851,49.7781867],[4.2138923,49.7711152],[4.2285725,49.7731042],[4.2427809,49.7671446],[4.241743,49.7619257],[4.2495809,49.7570406],[4.2290681,49.7458811],[4.2256962,49.7326803],[4.2324431,49.7306072],[4.2049709,49.7233296],[4.1914049,49.7160282],[4.1931402,49.7117919],[4.1843118,49.7033662],[4.1851366,49.6988627],[4.1440435,49.6886941],[4.1419927,49.6870558],[4.1486801,49.6778751],[4.1270084,49.6779386],[4.1220755,49.6582027],[4.1255061,49.6510721],[4.1167076,49.6408313],[4.1190192,49.6385205],[4.1157346,49.632907],[4.1021964,49.6326346],[4.0991136,49.6283807],[4.0863078,49.6292657],[4.0689207,49.6375151],[4.0539786,49.6372258],[4.0555952,49.6343459],[4.04106,49.6383416],[4.0434038,49.6314511],[4.0380192,49.6282443],[4.0378901,49.6229433],[4.0246048,49.6212629],[4.0473173,49.5995011],[4.0522682,49.5999841],[4.0540524,49.5952658],[4.0662566,49.59446],[4.0580264,49.5915189],[4.0622904,49.5860809],[4.0595108,49.5759119],[4.0654222,49.574092],[4.0633406,49.5712136],[4.0702633,49.5734024],[4.0767755,49.5706655],[4.0747478,49.565741],[4.062759,49.5609827],[4.0585759,49.5525751],[4.0502092,49.5509445],[4.0487012,49.5453797],[4.075247,49.5415583],[4.0774864,49.5282857],[4.0731135,49.5233374],[4.075749,49.5184008],[4.0719285,49.5164679],[4.065331,49.5236082],[4.0564676,49.5210923],[4.0618714,49.5127345],[4.0571999,49.5082189],[4.0401873,49.5063247],[4.0413369,49.468237],[4.0548262,49.4593625],[4.0578525,49.4511389],[4.0684393,49.4456158],[4.0600276,49.4473086],[4.0520932,49.4438661],[4.0493537,49.4477097],[4.0372928,49.4381079],[4.0400678,49.4300063],[4.0437533,49.4289158],[4.0423272,49.4167727],[4.0484347,49.4168262],[4.0501174,49.4122573],[4.0478634,49.4043021],[4.0400265,49.3973392],[4.0358418,49.3832636],[4.0358282,49.3603572],[4.0126384,49.3584625],[4.0071964,49.3696907],[3.9965402,49.3714089],[3.9950646,49.3781641],[3.9614838,49.3774998],[3.9423767,49.3888477],[3.9314643,49.4007719],[3.9337682,49.4018915],[3.9248934,49.407418],[3.9146218,49.403484],[3.9152149,49.3996429],[3.9103853,49.3948287],[3.8563455,49.381108],[3.8598647,49.3730541],[3.8529822,49.3670771],[3.8561529,49.3642334],[3.8478667,49.3645669],[3.8588054,49.3542115],[3.8528152,49.3449751],[3.8329037,49.3502539],[3.8239992,49.3541061],[3.8239569,49.3573477],[3.8019853,49.35891],[3.7795729,49.3519181],[3.7776764,49.3559216],[3.7576244,49.3477766],[3.7409222,49.3476062],[3.7429759,49.3369637],[3.6990079,49.3324712],[3.6896655,49.3271047],[3.6689115,49.3249228],[3.6645652,49.319795],[3.6442259,49.3129034],[3.6436534,49.3036433],[3.6386261,49.3012138],[3.6433062,49.2955204],[3.6573976,49.290883],[3.6524739,49.2782476],[3.6651199,49.2693601],[3.6586224,49.2672817],[3.6529461,49.2545925],[3.6603836,49.2601709],[3.6657874,49.2466393],[3.6704809,49.2435964],[3.6684612,49.2412405],[3.6749592,49.2401166],[3.6782895,49.235086],[3.6686549,49.231678],[3.6703052,49.2280646],[3.6649567,49.2237239],[3.6691355,49.222193],[3.6514493,49.2214737],[3.6572676,49.2186257],[3.6525109,49.2149671],[3.6618652,49.2092208],[3.6663699,49.2106297],[3.6816156,49.2052696],[3.6761126,49.2008551],[3.6817885,49.1973384],[3.6973097,49.206875],[3.7053319,49.1992298],[3.7021367,49.1946929],[3.6966853,49.1940938],[3.6969285,49.1879375],[3.7069623,49.1855994],[3.7047562,49.1812717],[3.7114357,49.1784757],[3.725592,49.1736409],[3.7299591,49.1782737],[3.7512784,49.1777896],[3.7492287,49.1571955],[3.7395275,49.1569982],[3.706342,49.1455165],[3.7075981,49.1431124],[3.7029377,49.1414683],[3.6985969,49.1494207],[3.6836551,49.1549252],[3.6554104,49.1484389],[3.6221069,49.1507199],[3.6188302,49.1446999],[3.6201427,49.1390131],[3.6097919,49.1349736],[3.6119479,49.128678],[3.5995876,49.1206822],[3.6030543,49.1146319],[3.6118137,49.1182031],[3.6389378,49.0776129],[3.6249956,49.07088],[3.6098106,49.0732734],[3.60403,49.0694343],[3.6017422,49.0626941],[3.5887795,49.0595772],[3.5851124,49.0389395],[3.5877273,49.0339149],[3.6158169,49.0332121],[3.6167257,49.0363334],[3.629842,49.0395381],[3.6426838,49.0369109],[3.65014,49.0428955],[3.6639381,49.0374899],[3.6791855,49.0184002],[3.6777934,49.0139263],[3.6607812,49.0044431],[3.6400786,49.0043028],[3.6236265,48.9829305],[3.6267463,48.9810243],[3.6208859,48.9660662],[3.6102035,48.967136],[3.6048723,48.9641168],[3.6010895,48.9665252],[3.591438,48.9605644],[3.6020487,48.9531921],[3.599233,48.9508455],[3.6031457,48.9435979],[3.5904951,48.9443676],[3.5747745,48.9392599],[3.5728,48.9253677],[3.576166,48.9235097],[3.5642289,48.9119294],[3.559855,48.9169074],[3.549283,48.9129863],[3.5478264,48.9159514],[3.5431129,48.9154786],[3.532461,48.9105344],[3.5291407,48.9126237],[3.508342,48.890478],[3.5029826,48.8713297],[3.481438,48.866347],[3.486281,48.858339],[3.4850423,48.8518407],[3.4913166,48.8346344],[3.485203,48.8252349],[3.4870443,48.8151399],[3.480824,48.8121803],[3.4699276,48.8210831],[3.4480718,48.8110204],[3.4310088,48.8124813],[3.4163717,48.8179586],[3.4045315,48.8091994],[3.4105397,48.8039252],[3.4182813,48.8044673],[3.4230624,48.800701],[3.4420672,48.803751],[3.4398828,48.7980804],[3.4435526,48.7908876],[3.441737,48.7820548],[3.4371555,48.7850666],[3.4296471,48.7794522],[3.4243906,48.7848819],[3.4082159,48.7841687],[3.3958932,48.759078],[3.3990588,48.7549484],[3.4082422,48.7523438],[3.4235502,48.7539871],[3.4285188,48.7584548],[3.4365166,48.7532984],[3.4384938,48.7391046],[3.4518108,48.7361262],[3.469686,48.7378969],[3.4668045,48.7088694],[3.4638825,48.7072653],[3.4778491,48.6979185],[3.4725089,48.6978309],[3.4714307,48.6857104],[3.4623661,48.685392],[3.4476276,48.6771715],[3.4494768,48.6757647],[3.4426702,48.6723698],[3.4462848,48.6669127],[3.4404614,48.6636719],[3.4605757,48.6530344],[3.4509033,48.6346446],[3.4761435,48.6370712],[3.4924367,48.6474769],[3.5131586,48.6434965],[3.5336167,48.6465171],[3.5176093,48.6370291],[3.5193256,48.6330069],[3.5385487,48.6316106],[3.5592208,48.617439],[3.5405543,48.6162159],[3.535165,48.6103072],[3.5029622,48.6046707],[3.5162334,48.589798],[3.4934192,48.5900451],[3.4853143,48.5803691],[3.4653733,48.570502],[3.4739791,48.5646194],[3.4765439,48.551799],[3.4862168,48.5469916],[3.479519,48.5453653],[3.4817349,48.5414103],[3.4734799,48.5404811],[3.456959,48.5295984],[3.4388322,48.5281101],[3.4142279,48.5334592],[3.4053765,48.5278311],[3.423926,48.5142534],[3.4352476,48.496875],[3.4343056,48.4902715],[3.4210511,48.4919692],[3.4144518,48.487104],[3.399267,48.4871185],[3.4000177,48.4836727],[3.383639,48.4795762]]]}},{"type":"Feature","id":"loire","properties":{"name":"Loire","slug":"loire","parent_iso_a3":"FRA","source_name":"OpenStreetMap via Nominatim","source_url":"https://nominatim.openstreetmap.org/","source_license":"ODbL 1.0","source_queries":"Val de Loire, France => Val de Loire, Pays de la Loire, France métropolitaine, France | Loire Valley, France => Val de Loire, Pays de la Loire, France métropolitaine, France | Centre-Val de Loire, France => Centre-Val de Loire, France métropolitaine, France"},"geometry":{"type":"Polygon","coordinates":[[[-1.4810947,47.2342568],[-1.4790348,47.2125724],[-1.4316562,47.2272628],[-1.4004139,47.2526698],[-1.3791278,47.2556992],[-1.3702015,47.248475],[-1.3478855,47.2878465],[-1.3190464,47.3148539],[-1.2850574,47.3339369],[-1.1343387,47.3497567],[-1.061211,47.3616184],[-0.9664539,47.3611532],[-0.8998493,47.3723149],[-0.8744434,47.3867284],[-0.8552173,47.3851013],[-0.8026889,47.3639439],[-0.7618335,47.3523153],[-0.7120517,47.3295158],[-0.564423,47.2915725],[-0.4562763,47.2498733],[-0.3982551,47.1523697],[-0.3501899,47.0949034],[-0.2856452,47.0836832],[-0.270539,47.0509441],[-0.2581794,47.0013296],[-0.2032478,47.0064804],[-0.1352699,46.9928999],[-0.0542457,47.0135034],[-0.0260932,47.0092897],[0.0638573,47.0504763],[0.08583,47.0892936],[0.1627343,47.0883585],[0.1854782529337935,47.10198328864506],[0.2010577,47.0912987],[0.174807,47.0721729],[0.1757124,47.060764],[0.1884599,47.0604657],[0.1922674,47.0654399],[0.2079666,47.0533628],[0.2138867,47.0541002],[0.2335534,47.064302],[0.2351177,47.069208],[0.2391055,47.0677141],[0.2441974,47.0715011],[0.2678382,47.0677143],[0.2597566,47.0555117],[0.2651023,47.05498],[0.2668579,47.0487455],[0.2639222,47.0462976],[0.2682158,47.0424132],[0.2717419,47.0464673],[0.2790595,47.0458966],[0.2927276,47.0531634],[0.3053669,47.0526794],[0.3094679,47.0445764],[0.3057364,47.0383342],[0.3101806,47.0257056],[0.2985138,47.0195772],[0.306737,47.010593],[0.3042758,47.0032545],[0.3125735,46.9982413],[0.3039474,46.9906815],[0.2912888,46.9903663],[0.2981546,46.9836998],[0.3055989,46.9864263],[0.3029896,46.9820833],[0.3082678,46.9778275],[0.2980243,46.9712713],[0.3085423,46.963541],[0.3013245,46.9558156],[0.3057315,46.9536015],[0.3111325,46.9380941],[0.3250736,46.930431],[0.3479149,46.9365957],[0.3607094,46.9484117],[0.3664979,46.9497998],[0.4052904,46.9361057],[0.4191412,46.9377081],[0.4388131,46.9293976],[0.4448617,46.9413773],[0.5052343,46.9600447],[0.5138334,46.9554978],[0.5211191,46.9585062],[0.5278645,46.9556215],[0.5422542,46.9603837],[0.565237,46.9555308],[0.599668,46.9564679],[0.6010496,46.9733779],[0.5745299,46.9827434],[0.5745237,46.9942219],[0.5673026,47.0006524],[0.5677537,47.0064171],[0.61738,47.0082025],[0.623904,47.0036933],[0.6215801,46.9959989],[0.6320603,46.9875285],[0.637884,46.9854827],[0.6480434,46.9884181],[0.6562522,46.9857512],[0.6617442,46.9782157],[0.693056,46.9738604],[0.6962369,46.956482],[0.7061348,46.9374457],[0.7030369,46.9269295],[0.7089426,46.9173889],[0.7040668,46.9110066],[0.7049882,46.9026853],[0.726468,46.8868149],[0.7339438,46.8758293],[0.7466533,46.8699037],[0.7528567,46.8600793],[0.770037,46.8650916],[0.7723743,46.8618874],[0.766212,46.8562642],[0.767428,46.8515172],[0.795827,46.8502363],[0.7965255,46.847045],[0.7877971,46.8446137],[0.7868357,46.8403113],[0.7947898,46.8329402],[0.8092168,46.8278791],[0.8098568,46.8088994],[0.8168982,46.8042209],[0.8117084,46.7973019],[0.8151907,46.7883841],[0.8282208,46.7867468],[0.8281128,46.7770439],[0.8468663,46.761376],[0.8587344,46.760564],[0.8697502,46.7458718],[0.8778625,46.7422291],[0.877152,46.7384264],[0.9017422,46.7363024],[0.9030696,46.7306243],[0.9132283,46.7256375],[0.9079532,46.7190599],[0.9143113,46.7159204],[0.9132714,46.7106227],[0.9249874,46.7000372],[0.9278562,46.6926796],[0.9185072,46.690971],[0.9027172,46.6797254],[0.9107589,46.6772395],[0.9117915,46.6712273],[0.9068755,46.665671],[0.9177568,46.6508413],[0.9064522,46.6485981],[0.9082413,46.6440196],[0.9013796,46.640074],[0.8938011,46.6278972],[0.9002751,46.6241223],[0.9014941,46.6193664],[0.9068805,46.6200363],[0.9043798,46.6144228],[0.9085884,46.6140523],[0.9105483,46.6019075],[0.9223365,46.5946301],[0.9377025,46.5945716],[0.934503,46.5878078],[0.9412631,46.5809775],[0.9573699,46.5780956],[0.9638246,46.5716182],[0.9819413,46.5735895],[0.9855491,46.5700931],[0.9835321,46.5669937],[0.9891843,46.5651807],[1.0141235,46.5680798],[1.0248099,46.5495192],[1.0197016,46.5404131],[1.0225162,46.5361076],[1.0505948,46.5360815],[1.0654851,46.5397856],[1.0781371,46.5351107],[1.0909343,46.5379134],[1.1080099,46.5317569],[1.1460245,46.5057817],[1.1488166,46.5021033],[1.1401249,46.4971646],[1.1334281,46.4974673],[1.1415084,46.4841181],[1.1576863,46.4695534],[1.1350647,46.471111],[1.1511211,46.4488513],[1.1863743,46.4411322],[1.1836025,46.4293719],[1.1869091,46.4281886],[1.2006036,46.4309794],[1.2031715,46.4346327],[1.2131909,46.4331061],[1.193418,46.4097015],[1.1920926,46.4056305],[1.196924,46.4014751],[1.1771453,46.3839911],[1.1823138,46.3760061],[1.192421,46.3767447],[1.191934,46.380198],[1.20999,46.389848],[1.2158074,46.3861969],[1.2163617,46.3827859],[1.2114604,46.3789637],[1.2189454,46.365657],[1.2231316,46.3692294],[1.2383611,46.3661047],[1.2465927,46.3746204],[1.2603792,46.3789176],[1.2797813,46.3765126],[1.2826341,46.3714597],[1.2914937,46.3751284],[1.3036527,46.3711153],[1.3160588,46.3742513],[1.3068335,46.3796638],[1.3110569,46.3836522],[1.3205922,46.3815468],[1.3228667,46.3852157],[1.3189925,46.3925755],[1.3126169,46.3929159],[1.3141476,46.3953328],[1.3442312,46.4014538],[1.3563961,46.4001132],[1.383614,46.3750201],[1.3912922,46.370943],[1.3963321,46.3720119],[1.3948509,46.3676772],[1.409313,46.3612859],[1.410773,46.3503149],[1.4167283,46.3471572],[1.423176,46.3523603],[1.4402419,46.3564072],[1.4347021,46.3648991],[1.4431465,46.3650256],[1.4451015,46.3744456],[1.4665834,46.3754822],[1.4685761,46.3787315],[1.4660863,46.3808627],[1.4728717,46.3834561],[1.4781335,46.3941107],[1.4933542,46.3983863],[1.497509,46.3945542],[1.5010389,46.4008044],[1.4996263,46.4057547],[1.5092634,46.4120662],[1.5108073,46.4203828],[1.5228639,46.4268176],[1.534461,46.4264591],[1.5358231,46.4207167],[1.5441863,46.4189913],[1.5462494,46.393273],[1.553915,46.3943645],[1.5787501,46.4105542],[1.5880131,46.4071655],[1.5955498,46.4085578],[1.5988626,46.419582],[1.6095784,46.4230688],[1.6198363,46.4218955],[1.6232551,46.4180321],[1.6144568,46.4062043],[1.6145653,46.3989189],[1.6266826,46.3946377],[1.6270041,46.3884491],[1.6338385,46.3889748],[1.6412188,46.3844106],[1.6627981,46.4056867],[1.683748,46.4181362],[1.6920328,46.4088502],[1.6987169,46.4068004],[1.7008986,46.4033592],[1.6979144,46.4013688],[1.7027624,46.3968719],[1.7111826,46.3920864],[1.7264164,46.3904417],[1.7504708,46.4053189],[1.7484401,46.4128374],[1.7600856,46.4270031],[1.7545493,46.4381444],[1.7589708,46.4404382],[1.7477176,46.4503187],[1.7848935,46.4553387],[1.7983105,46.4548233],[1.8034021,46.4467651],[1.81755,46.4398976],[1.8193402,46.4300025],[1.8396203,46.4258598],[1.8461977,46.4284413],[1.8457767,46.4318814],[1.8545409,46.4339243],[1.8837183,46.4327291],[1.8868421,46.4341403],[1.8850317,46.4410528],[1.8916432,46.4415798],[1.8978144,46.4360463],[1.9095581,46.4437218],[1.9213878,46.4399793],[1.9210627,46.4340886],[1.9249065,46.4318869],[1.9786353,46.4417048],[1.9945782,46.4306238],[2.0198013,46.4297477],[2.0455651,46.4211737],[2.0740329,46.4198762],[2.0790202,46.4128772],[2.0889885,46.4090596],[2.1030493,46.4096906],[2.1153584,46.4222321],[2.1268333,46.4193734],[2.1458275,46.4246624],[2.1771116,46.4223064],[2.1976893,46.4283489],[2.2136379,46.4233082],[2.2283683,46.4249434],[2.2335923,46.4223829],[2.2498817,46.4263103],[2.2553593,46.4227625],[2.2811442,46.4204558],[2.2768415,46.4249143],[2.2847629,46.4404312],[2.2833311,46.4494675],[2.296898,46.4636076],[2.2998731,46.4712849],[2.3053759,46.4755029],[2.3170695,46.468559],[2.3229083,46.4697379],[2.3313914,46.4793792],[2.3238068,46.4899679],[2.3287539,46.4920375],[2.3339027,46.5009429],[2.3652006,46.5180583],[2.4171364,46.5206476],[2.4208339,46.5253988],[2.4292271,46.5263822],[2.449968,46.520579],[2.4827301,46.5326864],[2.4967682,46.5334768],[2.497171,46.5214227],[2.5124588,46.523761],[2.5123359,46.5280769],[2.5202525,46.5310112],[2.5309433,46.5296092],[2.5293572,46.5231374],[2.5365548,46.5197989],[2.545806,46.5262884],[2.5728032,46.5343435],[2.5798632,46.5410955],[2.6147595,46.5531378],[2.6143402,46.5563034],[2.6091887,46.5569335],[2.6106513,46.5619786],[2.6029299,46.5647115],[2.6091155,46.5712526],[2.6016386,46.5816642],[2.6031942,46.5874899],[2.5963623,46.5939154],[2.6042321,46.5955215],[2.5939835,46.5973204],[2.5919498,46.5936728],[2.5815304,46.5932119],[2.5777224,46.6077632],[2.5684846,46.6091358],[2.5881768,46.6153451],[2.5842394,46.6262068],[2.5934138,46.6318459],[2.5952912,46.6416446],[2.5916936,46.6473932],[2.5666253,46.6533482],[2.573908,46.6608759],[2.5943314,46.666889],[2.5974537,46.6647859],[2.6061407,46.6714852],[2.6071369,46.6606308],[2.6172133,46.6610499],[2.6233407,46.6567734],[2.6280079,46.6589447],[2.6335334,46.6753664],[2.6246347,46.6730859],[2.6197723,46.6797498],[2.6231424,46.6896195],[2.6395015,46.6917027],[2.6454864,46.6873498],[2.6550483,46.696813],[2.6777147,46.7047089],[2.6717348,46.7085784],[2.686208,46.7144782],[2.6856848,46.722612],[2.6915407,46.7197936],[2.696148,46.7233677],[2.7021551,46.7182192],[2.7066055,46.7255086],[2.7009991,46.7284533],[2.7055671,46.7329098],[2.7049159,46.7393591],[2.7150857,46.7451867],[2.7184082,46.741932],[2.7286387,46.7490565],[2.7335598,46.7471051],[2.7400056,46.7416409],[2.7363388,46.7379825],[2.7440196,46.7288862],[2.7562687,46.724823],[2.7547658,46.719342],[2.7588676,46.7174316],[2.770387,46.7231455],[2.7733389,46.7180276],[2.7856599,46.7224905],[2.7852237,46.7272027],[2.7930378,46.7345872],[2.8274054,46.7354185],[2.8348851,46.7279797],[2.8454334,46.7267295],[2.8443325,46.7424161],[2.8769254,46.7612535],[2.8763361,46.7685822],[2.9111465,46.7798391],[2.9081691,46.787783],[2.9132666,46.791059],[2.9375627,46.7957296],[2.9525345,46.7911236],[2.9596776,46.8041547],[2.9795078,46.8035678],[2.9920394,46.7969057],[3.0181015,46.799833],[3.028518,46.7933362],[3.0422334,46.8129845],[3.0583231,46.8252673],[3.0555671,46.8404674],[3.0695437,46.8512272],[3.0652657,46.8649247],[3.0681848,46.8774482],[3.0606884,46.8977531],[3.0499119,46.9101266],[3.0791601,46.9576199],[3.0617266,46.9802923],[3.0660011,47.0026086],[3.0737069,47.0115609],[3.0746731,47.0300416],[3.0772904,47.0309328],[3.0642231,47.0520171],[3.0636581,47.0465843],[3.0591237,47.0461332],[3.0453035,47.0529786],[3.0449247,47.0577276],[3.0314778,47.0578474],[3.0312545,47.0616293],[3.0255674,47.0612943],[3.0197045,47.0671543],[3.0201845,47.0762156],[3.0318874,47.0933452],[3.0305519,47.1221549],[3.0165297,47.1414693],[3.0200135,47.1537511],[3.0099099,47.1787687],[2.9786019,47.2296994],[2.9773143,47.2362293],[2.9823056,47.2538451],[2.9788531,47.2619189],[2.9732001,47.2684047],[2.9389236,47.2868251],[2.9136516,47.3080895],[2.8855626,47.3158382],[2.8766106,47.3219328],[2.872468,47.3323186],[2.8746081,47.3348972],[2.8696109,47.3382521],[2.871797,47.3468589],[2.8908076,47.3657295],[2.9038574,47.3913486],[2.9193792,47.4063224],[2.9198702,47.4214421],[2.9301726,47.4318012],[2.9315248,47.4389445],[2.9149658,47.4701153],[2.8982998,47.4823154],[2.8909437,47.5060774],[2.8504183,47.5349729],[2.8444817,47.5448761],[2.8600103,47.5542413],[2.8607068,47.5472355],[2.873067,47.5452202],[2.8741294,47.5533041],[2.8901491,47.552599],[2.9045106,47.556218],[2.9143395,47.5660441],[2.9587715,47.5574751],[2.963466,47.5640114],[2.9762231,47.5699375],[2.9747367,47.5735989],[2.9630151,47.5759166],[2.9620002,47.5860233],[2.9551579,47.5902397],[2.9501155,47.5886768],[2.943514,47.5930185],[2.9419346,47.5989243],[2.9362471,47.5994315],[2.945225,47.6084129],[2.9342655,47.6206885],[2.9356535,47.6265819],[2.9320557,47.6271812],[2.9361979,47.6365398],[2.9539237,47.6459933],[2.9419032,47.6536676],[2.9411859,47.658112],[2.9264833,47.6590543],[2.9181578,47.6696874],[2.9266427,47.6820129],[2.9188083,47.6843801],[2.9147703,47.6908824],[2.9078421,47.6909414],[2.9038052,47.6968159],[2.8787729,47.7039239],[2.8839701,47.7077298],[2.8846407,47.713591],[2.8785828,47.7203999],[2.8607085,47.7102154],[2.8485337,47.7169495],[2.8524629,47.7216821],[2.8484902,47.7260301],[2.8533912,47.7290332],[2.8495602,47.7325233],[2.8585324,47.746983],[2.8518744,47.7577644],[2.8563751,47.7618301],[2.8625141,47.7608198],[2.8700026,47.7649829],[2.8987004,47.7628828],[2.9001184,47.7663929],[2.9144102,47.7694072],[2.9305872,47.7621997],[2.9371131,47.7662764],[2.949635,47.765656],[2.954674,47.7753818],[2.9789165,47.7803727],[2.9875771,47.7859838],[3.0249201,47.7871951],[3.0280748,47.8012835],[3.0244937,47.813132],[3.0149287,47.8134465],[3.021978,47.817692],[3.0141694,47.8222635],[3.0121898,47.8341234],[3.0293594,47.8348692],[3.0337366,47.8435639],[3.0248283,47.8562746],[3.0294281,47.8568361],[2.9946433,47.8673573],[3.0123601,47.8740104],[3.011587,47.8810294],[3.0069409,47.883954],[3.009903,47.889628],[3.0074698,47.89558],[3.0170181,47.898997],[3.0093029,47.9055682],[3.0179041,47.9080671],[3.0246768,47.9055455],[3.0360772,47.9117675],[3.0374008,47.9067494],[3.0505441,47.9107812],[3.0508704,47.9241923],[3.0617488,47.926053],[3.0649142,47.9303943],[3.0784544,47.9314747],[3.0841053,47.9425849],[3.0982993,47.9486061],[3.1052988,47.946806],[3.1116448,47.9578888],[3.1092207,47.961979],[3.1267795,47.9681447],[3.1286127,47.9833903],[3.1197951,47.9865292],[3.1268934,47.9913872],[3.1224559,47.9912237],[3.1206957,47.9961376],[3.1229742,48.0011248],[3.1203401,48.0030174],[3.1240241,48.0068594],[3.1153232,48.0129705],[3.1042995,48.0131055],[3.0993425,48.02088],[3.1166907,48.0281447],[3.1203811,48.0257752],[3.1200968,48.029118],[3.1247063,48.0302067],[3.0947355,48.0402696],[3.0953177,48.0444271],[3.0897002,48.0491237],[3.0954089,48.0540655],[3.0884245,48.0538393],[3.0783895,48.0612346],[3.0609156,48.0644547],[3.0508257,48.0722763],[3.0503299,48.0916355],[3.0383066,48.0985472],[3.0352053,48.1162337],[3.0158463,48.1159275],[3.0294172,48.1335522],[3.0217136,48.1352933],[3.0099581,48.1459541],[2.9981333,48.1399397],[2.9909825,48.1469263],[2.9906928,48.1525326],[2.9799758,48.1540385],[2.9816755,48.1496017],[2.9636751,48.1529997],[2.9545553,48.1597179],[2.9531484,48.1651705],[2.8677698,48.1566565],[2.8538922,48.1433608],[2.8362748,48.1340064],[2.8240302,48.1340124],[2.8209585,48.1297588],[2.8007972,48.1316496],[2.796835,48.1418403],[2.8011466,48.1495842],[2.7979545,48.1509217],[2.8114304,48.1637704],[2.808328,48.1661974],[2.8015126,48.1643585],[2.7953196,48.169095],[2.7921028,48.1645274],[2.7799103,48.1676404],[2.7715203,48.161643],[2.7675001,48.1650351],[2.7552485,48.1601853],[2.7365278,48.166202],[2.7407149,48.1598347],[2.7535442,48.1532308],[2.7555367,48.1458567],[2.7205955,48.1369615],[2.7054834,48.1231239],[2.6769845,48.1258156],[2.6644402,48.1201456],[2.6395649,48.1389637],[2.6028425,48.1315537],[2.574718,48.1312978],[2.5706009,48.1409106],[2.5593258,48.141744],[2.5379935,48.1406733],[2.5196566,48.1269386],[2.5211297,48.1250202],[2.4762569,48.1298094],[2.4648301,48.1293089],[2.4542881,48.1224131],[2.4489293,48.1257146],[2.4417189,48.1247483],[2.4440102,48.1315441],[2.4600802,48.1369019],[2.4674267,48.1482524],[2.4746028,48.1490018],[2.4717586,48.1545764],[2.4784189,48.1550227],[2.4831756,48.1645922],[2.5059158,48.1565094],[2.5168831,48.1666722],[2.5121459,48.1707436],[2.5155831,48.1745595],[2.507148,48.1797609],[2.5179129,48.1902694],[2.5127951,48.193093],[2.5229928,48.1948645],[2.5227663,48.2004449],[2.518594,48.2012483],[2.5210255,48.2065744],[2.5169163,48.2100067],[2.5175182,48.2144255],[2.5140165,48.2144784],[2.5133037,48.224494],[2.5185108,48.2282843],[2.5066058,48.2257852],[2.5062522,48.2386299],[2.4841418,48.23891],[2.4760892,48.2446384],[2.478776,48.2498251],[2.4687302,48.2553028],[2.4501168,48.2499233],[2.4462396,48.2552989],[2.4323519,48.2548533],[2.4233466,48.2603823],[2.4175801,48.2783713],[2.4233757,48.2945756],[2.4042498,48.3149562],[2.4029341,48.3206881],[2.3984815,48.3187919],[2.4001471,48.3159074],[2.397189,48.3132494],[2.3696726,48.3087572],[2.3665459,48.3119107],[2.3579413,48.3083369],[2.3486767,48.3165383],[2.3417529,48.31609],[2.3350393,48.3275183],[2.3280789,48.3264579],[2.3292665,48.3327793],[2.3264112,48.3296892],[2.3171311,48.3316954],[2.3127509,48.3305825],[2.2956159,48.3078454],[2.266858,48.314699],[2.262546,48.310248],[2.264027,48.307622],[2.245197,48.298211],[2.2463,48.30844],[2.252363,48.316642],[2.238145,48.316244],[2.2461071,48.3313309],[2.2377072,48.3321281],[2.2317751,48.3276262],[2.2238971,48.3364798],[2.2156651,48.3341922],[2.2126037,48.3405693],[2.2037596,48.3448583],[2.202879,48.3387763],[2.1879591,48.3324075],[2.1881054,48.3279604],[2.1820361,48.3240944],[2.1850797,48.3216575],[2.1809044,48.3115619],[2.1714882,48.3160391],[2.169215,48.312722],[2.152062,48.316077],[2.1556366,48.3040597],[2.160924,48.3046043],[2.1638753,48.2983707],[2.1103618,48.2970107],[2.1136518,48.3072498],[2.1052858,48.3076801],[2.0908061,48.2991523],[2.089445,48.2947746],[2.0525915,48.295466],[2.0518672,48.2903289],[2.0407181,48.2845851],[2.0376246,48.2882894],[2.0247604,48.2892192],[2.0113658,48.2848956],[1.9726709,48.288343],[1.974241,48.2930325],[1.9822048,48.2951321],[1.9653289,48.2954157],[1.9624244,48.3054766],[1.9589105,48.3066214],[1.9734959,48.3159562],[1.974174,48.3128392],[1.9789367,48.312854],[1.980856,48.3187363],[1.9743124,48.3233523],[1.9823567,48.3284593],[1.9684448,48.341426],[1.9748735,48.344802],[1.9730954,48.3559685],[1.9890756,48.3636046],[1.9840651,48.3684298],[1.9776464,48.3688373],[1.9817558,48.3739465],[1.9799795,48.3784681],[1.9664317,48.3816965],[1.9736519,48.3888106],[1.9727909,48.3948898],[1.9782366,48.4018087],[1.952066,48.4063078],[1.9320944,48.4034058],[1.9283285,48.4061318],[1.9327303,48.4108909],[1.9258531,48.4127388],[1.9275048,48.4165669],[1.9321042,48.4164494],[1.9322194,48.4205443],[1.9397496,48.4198488],[1.9406947,48.4257799],[1.9368282,48.4279065],[1.9394136,48.4342008],[1.9364019,48.4345423],[1.9427495,48.4411306],[1.9330182,48.4420805],[1.9326392,48.449415],[1.9277417,48.4545102],[1.9295546,48.4571459],[1.9220711,48.4577412],[1.9209806,48.4479789],[1.906441,48.4456464],[1.904245,48.4386012],[1.871124,48.4397836],[1.8574682,48.4468905],[1.8448096,48.4461532],[1.844361,48.4519342],[1.8396843,48.452249],[1.8365795,48.4671081],[1.801281,48.4660006],[1.8034195,48.4725272],[1.7912352,48.4810575],[1.7963101,48.4844311],[1.7854151,48.4901346],[1.7904701,48.4971169],[1.7890587,48.5001624],[1.782931,48.5002809],[1.7757353,48.5139911],[1.7783586,48.5177779],[1.775354,48.5272844],[1.7874337,48.5538354],[1.7779138,48.5526448],[1.7684972,48.5585703],[1.7625392,48.5650634],[1.765279,48.5693664],[1.7575358,48.5750873],[1.7459592,48.5760861],[1.7436024,48.5724178],[1.7367417,48.5723435],[1.7318835,48.5756284],[1.7271494,48.5726081],[1.7092729,48.5780232],[1.7100096,48.5814726],[1.7020576,48.5850026],[1.718664,48.6057877],[1.7148788,48.6146524],[1.7030627,48.6117711],[1.691572,48.6146793],[1.6868231,48.6112233],[1.6823442,48.6156262],[1.6909173,48.6171464],[1.6857746,48.6203191],[1.6735014,48.6135576],[1.6674335,48.6170709],[1.6664676,48.6135605],[1.655037,48.622587],[1.6583412,48.6278616],[1.6492999,48.6322969],[1.6511872,48.6382053],[1.6384756,48.6451852],[1.6438753,48.6481602],[1.6430801,48.6513144],[1.6212421,48.6496969],[1.6033559,48.6624401],[1.6011363,48.6682874],[1.607991,48.6725286],[1.60432,48.6754086],[1.6117833,48.6893526],[1.5944062,48.6950379],[1.5910768,48.6927373],[1.582209,48.696152],[1.5852642,48.6993417],[1.576503,48.7025916],[1.5941797,48.7086338],[1.5870752,48.7102293],[1.6160699,48.736321],[1.6204673,48.7360928],[1.6266357,48.7480626],[1.608345,48.7606437],[1.5819175,48.7618027],[1.5878466,48.773712],[1.5767421,48.7828621],[1.5753815,48.7908856],[1.5811681,48.7936575],[1.57778,48.7952947],[1.5800376,48.7998959],[1.5770877,48.8050484],[1.5838381,48.8069307],[1.5804668,48.8106173],[1.5912424,48.8147955],[1.5788595,48.8296685],[1.5938532,48.8340019],[1.5982716,48.8388292],[1.577508,48.8445966],[1.5837853,48.860693],[1.5603086,48.867647],[1.558961,48.8637995],[1.5455432,48.8701481],[1.5483717,48.8759819],[1.5513472,48.8750371],[1.5595363,48.8818608],[1.563524,48.8901999],[1.5535635,48.8935187],[1.5388693,48.9048968],[1.5381726,48.908526],[1.5452765,48.9120552],[1.5383947,48.9225449],[1.5206638,48.9256274],[1.5143434,48.9218977],[1.5071398,48.9281516],[1.511995,48.934819],[1.5013958,48.9410263],[1.4914128,48.9361192],[1.4803619,48.9405013],[1.4610742,48.9376016],[1.4595238,48.9279911],[1.4478038,48.924421],[1.4595058,48.9145531],[1.4552369,48.9133351],[1.460372,48.9100453],[1.4610591,48.9000688],[1.4717041,48.8972578],[1.4664205,48.8888032],[1.4651327,48.8771702],[1.4407911,48.8647504],[1.4314114,48.8664621],[1.4238296,48.8612785],[1.4043266,48.8607703],[1.3897487,48.8461898],[1.3612403,48.8337479],[1.3594212,48.8205329],[1.3558244,48.8167864],[1.3768624,48.7920884],[1.37474,48.7812702],[1.3649793,48.7840048],[1.3597559,48.7794764],[1.3532672,48.7792123],[1.329742,48.7610084],[1.319465,48.7608169],[1.2969874,48.7682396],[1.2709192,48.7627053],[1.2701514,48.7574807],[1.2604144,48.7577471],[1.2545364,48.7585035],[1.2565437,48.7657066],[1.2430637,48.7697139],[1.2230271,48.7674056],[1.224663,48.7631437],[1.2329855,48.7630058],[1.2230677,48.7579312],[1.1874619,48.7729843],[1.1576849,48.7693994],[1.1612379,48.7701444],[1.1492875,48.7768673],[1.1517918,48.7859276],[1.1357928,48.7852587],[1.1214058,48.7892255],[1.1174296,48.7845209],[1.1229803,48.7707379],[1.1204217,48.770664],[1.1279018,48.7655134],[1.1210618,48.7672118],[1.1170773,48.7645548],[1.1195115,48.7558503],[1.1126704,48.7518216],[1.1139042,48.7460826],[1.1093062,48.7504335],[1.1036699,48.7491033],[1.1014433,48.7536001],[1.0959952,48.7486457],[1.0923698,48.7499449],[1.0865111,48.7572966],[1.0823944,48.7518817],[1.0701958,48.7486296],[1.068136,48.7577359],[1.0640528,48.7594728],[1.0478154,48.7491842],[1.0454702,48.7438559],[1.0346752,48.7405272],[1.0338497,48.7339579],[1.0377607,48.7322232],[1.0341024,48.7286999],[1.0220842,48.7348631],[1.0168288,48.7284087],[0.9905875,48.7256119],[0.9780689,48.7309442],[0.9614084,48.7257294],[0.9559773,48.7172894],[0.9472797,48.713553],[0.921262,48.7091621],[0.920076,48.712531],[0.899413,48.7105022],[0.8902629,48.7204263],[0.8729948,48.7136857],[0.8666714,48.703807],[0.8686156,48.6989337],[0.8603948,48.6927548],[0.86403,48.6878033],[0.8406178,48.6786847],[0.8273378,48.6807684],[0.8108969,48.6669125],[0.8094456,48.6632268],[0.8178689,48.6592351],[0.8181455,48.6540982],[0.824475,48.649891],[0.821858,48.635772],[0.8313451,48.6336028],[0.8195501,48.6201787],[0.8170036,48.614936],[0.8192176,48.6096382],[0.8469006,48.6096638],[0.8517407,48.5820021],[0.868722,48.5728714],[0.8935905,48.5720253],[0.9238375,48.5579957],[0.9261743,48.5597969],[0.9393297,48.5492201],[0.9225603,48.5376537],[0.9522643,48.5261572],[0.9675718,48.5238808],[0.9546589,48.5041452],[0.9414883,48.4988463],[0.9553384,48.4928832],[0.9562218,48.4823287],[0.9357579,48.4753417],[0.9392507,48.4604491],[0.9476709,48.455826],[0.9555088,48.4447717],[0.9766111,48.4410733],[0.969008,48.432855],[0.956654,48.427477],[0.950095,48.418731],[0.945003,48.418249],[0.943703,48.409916],[0.95035,48.399239],[0.941498,48.398432],[0.92927,48.39105],[0.9178452,48.3772861],[0.9142612,48.3792699],[0.9162204,48.3746112],[0.9069375,48.3700527],[0.9003569,48.3739644],[0.8833317,48.356328],[0.875397,48.3553241],[0.8713917,48.3595999],[0.8589742,48.3495793],[0.8398585,48.3526579],[0.8436662,48.3510512],[0.8422891,48.3465251],[0.8281063,48.3423784],[0.8134545,48.3497675],[0.8067101,48.3442471],[0.7864629,48.3409706],[0.7843798,48.3336197],[0.7691226,48.3223647],[0.7704641,48.3145418],[0.7625179,48.3105753],[0.7628936,48.3070106],[0.7556539,48.2998962],[0.7628564,48.2982226],[0.7786728,48.3034854],[0.7936337,48.2929497],[0.8080812,48.2899499],[0.7934468,48.2845377],[0.7860253,48.2712741],[0.7917483,48.2650477],[0.7873479,48.2614384],[0.8013944,48.2510571],[0.8018356,48.2449828],[0.825681,48.2210246],[0.8305891,48.210763],[0.8057351,48.2055757],[0.8086298,48.1975144],[0.7981806,48.1948363],[0.7956786,48.1879285],[0.8110856,48.1858628],[0.8130938,48.1807694],[0.8238649,48.1793545],[0.8293158,48.1714086],[0.8412669,48.1652943],[0.8597883,48.1677445],[0.8692669,48.1629339],[0.8871167,48.1615765],[0.9107881,48.1495163],[0.9092734,48.1440806],[0.9165988,48.1389661],[0.91379,48.1349861],[0.8502069,48.1333046],[0.8552696,48.1228236],[0.8411257,48.1030119],[0.8326714,48.0984521],[0.8144234,48.0988274],[0.8122328,48.0950316],[0.8383007,48.088905],[0.8409816,48.0899129],[0.8387665,48.0943554],[0.8482027,48.0946679],[0.8487068,48.0892533],[0.8439738,48.0881591],[0.84621,48.0848318],[0.8436285,48.0729163],[0.8340071,48.0687848],[0.793927,48.0696832],[0.7989847,48.0638293],[0.7937854,48.0481309],[0.7972408,48.0373042],[0.8078857,48.0374208],[0.8081088,48.0317132],[0.8265357,48.0298185],[0.8366473,48.0345738],[0.8424353,48.0301449],[0.8386091,48.0235709],[0.8419243,48.0191267],[0.8371745,48.0159103],[0.8368296,48.0087296],[0.8315746,48.0063422],[0.8324447,47.9970822],[0.8186201,47.9870309],[0.8277526,47.9724449],[0.8377584,47.9681771],[0.8375924,47.9633896],[0.84534,47.9540021],[0.8451195,47.9478104],[0.8493966,47.9471978],[0.8488647,47.9413459],[0.8134128,47.9318334],[0.8137136,47.9221453],[0.8083048,47.9161623],[0.8166708,47.9132078],[0.8071647,47.9077486],[0.8151357,47.9042521],[0.8121786,47.9004858],[0.817197,47.8970868],[0.8144467,47.8948971],[0.8177747,47.8925355],[0.8121696,47.8886553],[0.7941325,47.9001403],[0.7948799,47.9058012],[0.7899814,47.9121041],[0.7754534,47.9088688],[0.7702479,47.902006],[0.759784,47.8994417],[0.7574805,47.8850212],[0.7646549,47.8665093],[0.7591288,47.8593095],[0.7740306,47.8511909],[0.7718016,47.8455328],[0.7747771,47.8396036],[0.7680292,47.8312571],[0.7599585,47.8341754],[0.7467719,47.8275835],[0.7380354,47.8162021],[0.74081,47.8111837],[0.731769,47.8077037],[0.7197406,47.7926995],[0.7145893,47.7937939],[0.7119372,47.7871346],[0.7007085,47.790237],[0.6914232,47.7835748],[0.6893382,47.7799495],[0.6999428,47.7743932],[0.7026757,47.7669826],[0.6914206,47.7638348],[0.6768165,47.7695811],[0.6462841,47.7531482],[0.6263693,47.7516848],[0.6209169,47.7482655],[0.6203858,47.7391536],[0.610524,47.7321768],[0.6124301,47.7287361],[0.6090478,47.7254074],[0.5950018,47.7234512],[0.5805543,47.7128978],[0.5929602,47.7035637],[0.5921584,47.6946064],[0.5956374,47.6881323],[0.6044199,47.6857047],[0.6144856,47.6946191],[0.619523,47.6924391],[0.6145426,47.6827066],[0.6042743,47.6806858],[0.605535,47.6785652],[0.5966387,47.6728818],[0.5790253,47.668189],[0.5583626,47.6710096],[0.5593699,47.666302],[0.5513239,47.6590189],[0.5229326,47.6531167],[0.5163132,47.6568011],[0.4982369,47.6444543],[0.4786589,47.6433794],[0.4761027,47.6480019],[0.464008,47.645622],[0.453046,47.6336704],[0.4570258,47.6284586],[0.4499582,47.6194286],[0.4247838,47.6178017],[0.4097118,47.626477],[0.4087314,47.6324401],[0.3960026,47.6410243],[0.382645,47.643414],[0.3648985,47.6265399],[0.3647216,47.6201993],[0.3747284,47.6120178],[0.3833931,47.6101862],[0.3904632,47.5977474],[0.3968205,47.5938633],[0.3958514,47.5868482],[0.4024479,47.5784141],[0.3928721,47.5772278],[0.3784366,47.5683942],[0.3389039,47.5795867],[0.3392475,47.5841469],[0.3210638,47.5955343],[0.2778715,47.5974331],[0.2679045,47.6025766],[0.2676705,47.6087179],[0.2593328,47.6123918],[0.2304566,47.6109021],[0.2342834,47.5898179],[0.2295085,47.5847737],[0.2344382,47.5782152],[0.2152165,47.5732772],[0.2060988,47.5611705],[0.2089107,47.5576535],[0.2034318,47.5472443],[0.1930892,47.5381991],[0.2056017,47.5347618],[0.2028628,47.5282258],[0.2141582,47.5237641],[0.2175161,47.5293445],[0.225881,47.5264261],[0.2198729,47.5197117],[0.2200165,47.5018989],[0.1980435,47.4815007],[0.198764,47.4764823],[0.194903,47.4751528],[0.1905192,47.4613047],[0.1811454,47.4534743],[0.1853237,47.4248443],[0.1808967,47.4163759],[0.1746036,47.4150664],[0.1661519,47.4039227],[0.1604369,47.404409],[0.1534509,47.3987385],[0.1691957,47.3959052],[0.1672191,47.3854595],[0.1791612,47.3844302],[0.1833144,47.3807478],[0.1535734,47.3635594],[0.1403437,47.3619944],[0.1473403,47.3458927],[0.1379335,47.3359214],[0.1174518,47.3323164],[0.1183599,47.3260607],[0.1134658,47.3178765],[0.0993411,47.3087815],[0.0992965,47.303255],[0.0955189,47.3041499],[0.07948461737101196,47.28497009515373],[-0.11982,47.3590602],[-0.1369861,47.399279],[-0.2736286,47.4647723],[-0.3313068,47.4773042],[-0.4332737,47.4561838],[-0.5015949,47.4357516],[-0.5956653,47.4185638],[-0.6481937,47.3841715],[-0.6928257,47.3702222],[-0.7862094,47.390215],[-0.8267215,47.4055532],[-0.9094623,47.4125236],[-0.9290317,47.4011381],[-0.9980396,47.3837066],[-1.114426,47.3785922],[-1.3018802,47.3434759],[-1.3691715,47.3041457],[-1.41655,47.2859835],[-1.4810947,47.2342568]]]}},{"type":"Feature","id":"burgundy","properties":{"name":"Burgundy","slug":"burgundy","parent_iso_a3":"FRA","source_name":"OpenStreetMap via Nominatim","source_url":"https://nominatim.openstreetmap.org/","source_license":"ODbL 1.0","source_queries":"Bourgogne, France => Bourgogne, France métropolitaine, France"},"geometry":{"type":"Polygon","coordinates":[[[2.8444817,47.5448761],[2.8504183,47.5349729],[2.8909437,47.5060774],[2.8982998,47.4823154],[2.9149658,47.4701153],[2.9315248,47.4389445],[2.9301726,47.4318012],[2.9198702,47.4214421],[2.9193792,47.4063224],[2.9038574,47.3913486],[2.8908076,47.3657295],[2.871797,47.3468589],[2.8696109,47.3382521],[2.8746081,47.3348972],[2.872468,47.3323186],[2.8766106,47.3219328],[2.8855626,47.3158382],[2.9136516,47.3080895],[2.9389236,47.2868251],[2.9732001,47.2684047],[2.9788531,47.2619189],[2.9823056,47.2538451],[2.9773143,47.2362293],[2.9786019,47.2296994],[3.0099099,47.1787687],[3.0200135,47.1537511],[3.0165297,47.1414693],[3.0305519,47.1221549],[3.0318874,47.0933452],[3.0201845,47.0762156],[3.0197045,47.0671543],[3.0255674,47.0612943],[3.0312545,47.0616293],[3.0314778,47.0578474],[3.0449247,47.0577276],[3.0453035,47.0529786],[3.0591237,47.0461332],[3.0636581,47.0465843],[3.0642231,47.0520171],[3.0772904,47.0309328],[3.077013347852672,47.0308384627541],[3.0775699,47.0299169],[3.0746731,47.0300416],[3.0737069,47.0115609],[3.066227017887836,47.00287106265245],[3.0617266,46.9802923],[3.0791601,46.9576199],[3.0499119,46.9101266],[3.0606884,46.8977531],[3.0680799,46.8777633],[3.0680756410214496,46.87774387020751],[3.0681848,46.8774482],[3.0652657,46.8649247],[3.0695437,46.8512272],[3.056187277452651,46.840944839817624],[3.0586136,46.8258294],[3.058270032187572,46.82555998361963],[3.0583231,46.8252673],[3.0422334,46.8129845],[3.0331854431679672,46.800022649071636],[3.0320304,46.7946594],[3.0358951,46.7880241],[3.0371136,46.7731337],[3.0470212,46.7592561],[3.0875419,46.7359697],[3.1296702,46.7270932],[3.1647353,46.6937998],[3.2042964,46.679298],[3.2221836,46.685154],[3.2277539,46.6900912],[3.2283151,46.696227],[3.2595525,46.707771],[3.2692982,46.7166496],[3.2861894,46.7138249],[3.3007322,46.7162107],[3.3027433,46.7036262],[3.313514,46.688981],[3.3467924,46.6846086],[3.3656332,46.6896987],[3.3761805,46.7012931],[3.3786017,46.7127128],[3.3893653,46.7149179],[3.417212,46.7104826],[3.4205241,46.7139584],[3.4344005,46.712339],[3.428546,46.7008543],[3.4331509,46.6934008],[3.4531571,46.6897231],[3.4552545,46.6823287],[3.4517588,46.6792989],[3.4547313,46.6753997],[3.4454682,46.670809],[3.4483865,46.6684435],[3.4471766,46.6636853],[3.4420306,46.6620566],[3.4518457,46.6585028],[3.4571568,46.6517686],[3.4748008,46.6541343],[3.4816285,46.6510237],[3.4862197,46.652589],[3.4862353,46.6608695],[3.4930176,46.6623281],[3.5133208,46.6774097],[3.5107927,46.6800041],[3.5168771,46.6816002],[3.5141287,46.6835523],[3.5303837,46.6891949],[3.5369212,46.6866432],[3.5396637,46.6799275],[3.546848,46.6782044],[3.561096,46.6888952],[3.548078,46.7062867],[3.5504462,46.7156355],[3.5477243,46.7226343],[3.5686726,46.7155109],[3.5735136,46.7165042],[3.5714518,46.7208258],[3.5766736,46.7236847],[3.5771928,46.7149675],[3.5975179,46.7239377],[3.5978135,46.7278425],[3.5844334,46.7398135],[3.5849992,46.7444515],[3.5758439,46.7496096],[3.5838298,46.7534727],[3.5884999,46.7613072],[3.5916132,46.7621827],[3.6005651,46.7513347],[3.6207118,46.7547162],[3.6300446,46.751326],[3.6223625,46.7400726],[3.6371901,46.7253916],[3.6380488,46.7065282],[3.654244,46.7068815],[3.6514602,46.7003451],[3.6555344,46.6870431],[3.6728185,46.6824614],[3.6708981,46.6725571],[3.6955154,46.662025],[3.7089091,46.635248],[3.7238478,46.6265593],[3.7225107,46.6201222],[3.7134741,46.6131401],[3.7137551,46.6087081],[3.737828,46.6009007],[3.7341582,46.594691],[3.74313,46.566194],[3.7317537,46.5494103],[3.7390471,46.5412081],[3.754392,46.5361434],[3.7732085,46.5385178],[3.7775346,46.5363761],[3.779666,46.5287783],[3.7957437,46.5270305],[3.8035033,46.5195554],[3.8372538,46.5318522],[3.8463412,46.5239914],[3.8402821,46.5189925],[3.8424707,46.5135205],[3.8577149,46.5153227],[3.8643693,46.5119226],[3.8610184,46.4945341],[3.8699408,46.4879105],[3.8935447,46.4812028],[3.9010665,46.4912529],[3.9098311,46.4956948],[3.9316685,46.4912849],[3.9544364,46.49192],[3.9579537,46.4907187],[3.9526216,46.4781521],[3.9753222,46.4795772],[3.9782948,46.47453],[3.9991709,46.4643765],[4.0015356,46.4587872],[3.9976065,46.4513839],[4.0055547,46.4427282],[3.9887594,46.4370694],[3.9957786,46.4258513],[3.9842438,46.4197545],[3.988826,46.4095224],[3.9774236,46.3989498],[3.9843181,46.3789411],[3.9917267,46.371697],[3.9848599,46.3298903],[3.9881243,46.3272117],[4.0044213,46.3277022],[3.9892747,46.3229174],[3.9876041,46.3147276],[3.9750263,46.321061],[3.9589187,46.318954],[3.9457387,46.3213841],[3.9493952,46.312934],[3.9451062,46.3004958],[3.8972152,46.2925727],[3.8993838,46.2890747],[3.8914504,46.2854738],[3.893244,46.2804689],[3.9050337,46.2728865],[3.9092768,46.2571843],[3.9049621,46.2522126],[3.9100606,46.2477712],[3.9050988,46.2379778],[3.8978178,46.2396078],[3.8986696,46.2255952],[3.8901494,46.214361],[3.9132099,46.2070838],[3.9172924,46.2026318],[3.9344732,46.2063597],[3.9727425,46.2026516],[3.9713388,46.1892343],[3.9730887,46.185976],[3.9783682,46.1862348],[3.9794766,46.178203],[3.9841296,46.1772625],[3.9849221,46.1720986],[3.9901136,46.1688321],[3.993695,46.1729313],[4.0311515,46.1691192],[4.0319952,46.1724373],[4.0517731,46.1812976],[4.0592441,46.1885543],[4.0706333,46.1867042],[4.103677,46.1984958],[4.133306,46.1805505],[4.1333084,46.17731],[4.1643668,46.1731562],[4.1869239,46.1744322],[4.18351,46.1875872],[4.2078257,46.1949586],[4.2249613,46.1777572],[4.2367034,46.1815653],[4.2420973,46.1887113],[4.2547863,46.1879585],[4.2633459,46.1754598],[4.2528976,46.1669686],[4.2485844,46.1671446],[4.2497957,46.1584228],[4.2810599,46.1560658],[4.2872975,46.1604898],[4.2887584,46.1699546],[4.2926956,46.1728031],[4.3065458,46.17475],[4.3165997,46.170619],[4.3267425,46.1850156],[4.336653,46.181125],[4.345972,46.188006],[4.360931,46.181745],[4.3741572,46.1868574],[4.369585,46.19339],[4.362248,46.195365],[4.362803,46.199943],[4.3738371,46.2045842],[4.375127,46.211206],[4.388915,46.213248],[4.3856204,46.22601],[4.387276,46.2330988],[4.3923092,46.2358293],[4.3842232,46.2464479],[4.3924723,46.2512307],[4.3893633,46.2582765],[4.397048,46.266816],[4.3972743,46.2830795],[4.4041636,46.287794],[4.4060802,46.2962035],[4.4225831,46.2948624],[4.4271177,46.3028253],[4.4382004,46.2979341],[4.4399027,46.2930513],[4.458611,46.2971058],[4.4759688,46.2842271],[4.4885581,46.2879594],[4.5039698,46.2671388],[4.5374274,46.2699862],[4.5463346,46.2741419],[4.5477588,46.2851249],[4.5533698,46.2856795],[4.5531387,46.2906634],[4.5602232,46.2952366],[4.5697783,46.2933739],[4.5727793,46.2759886],[4.5830065,46.2696494],[4.6183116,46.2648746],[4.6221055,46.2708452],[4.6162866,46.2822695],[4.6360579,46.2902101],[4.6352378,46.3001899],[4.6527296,46.3042608],[4.6640008,46.2952175],[4.6781746,46.3001728],[4.6761788,46.3041705],[4.6797565,46.3064984],[4.6832123,46.3028378],[4.6934946,46.3024997],[4.694772,46.2920516],[4.7046731,46.282916],[4.7076416,46.2848443],[4.7100931,46.2783987],[4.7077014,46.2696293],[4.7042638,46.2711444],[4.7006649,46.2674383],[4.6935439,46.2716243],[4.6874225,46.2655635],[4.6799192,46.2679049],[4.6791776,46.2590198],[4.6838431,46.2534995],[4.6887171,46.2542692],[4.6882916,46.2493029],[4.6932024,46.2484164],[4.6983112,46.2529501],[4.7052945,46.2511],[4.7200392,46.2453245],[4.7206705,46.2402983],[4.7244576,46.2419059],[4.7368346,46.2324427],[4.7323762,46.2266837],[4.7192391,46.2276019],[4.7224438,46.2260783],[4.7205257,46.2216456],[4.731189,46.2189197],[4.7290566,46.2141915],[4.7357674,46.2118828],[4.7345018,46.2064602],[4.7263721,46.2083083],[4.7207595,46.2009282],[4.7245462,46.1842357],[4.7295777,46.1826284],[4.7274185,46.1794776],[4.758388,46.1720397],[4.7611711,46.1762402],[4.7802556,46.176746],[4.7799107,46.1888383],[4.7940881,46.2028798],[4.7943611,46.2181094],[4.809002,46.2388823],[4.8117746,46.2608457],[4.8248066,46.2731886],[4.8326898,46.2998247],[4.8530102,46.3287187],[4.8519646,46.3569711],[4.8880684,46.4024617],[4.8918136,46.4403931],[4.914448,46.4623219],[4.9147445,46.4868458],[4.9261258,46.4976907],[4.9337272,46.5129715],[4.9422833,46.5126608],[4.9413012,46.5196736],[4.942982,46.5149588],[4.9538608,46.5134573],[4.9438649,46.510714],[4.9440233,46.5050508],[4.9509664,46.5002164],[4.9603305,46.5081728],[4.9704366,46.5059622],[4.9627754,46.5124871],[4.9840261,46.5154322],[5.0102545,46.5110681],[5.0126772,46.5013495],[5.0291208,46.4919006],[5.0405657,46.4914449],[5.0563326,46.4837697],[5.0763789,46.4858462],[5.0761253,46.4887015],[5.0855684,46.4904344],[5.0971661,46.4996758],[5.1070189,46.491838],[5.113472,46.4923072],[5.1301631,46.502886],[5.1369285,46.5022052],[5.1354757,46.5093261],[5.156301,46.5075313],[5.1664583,46.5030699],[5.1671085,46.5188224],[5.1823843,46.5093402],[5.2020411,46.5081206],[5.2035542,46.5048246],[5.1990689,46.5030661],[5.2045594,46.4944974],[5.2105299,46.4924567],[5.2051175,46.487961],[5.2141336,46.4837059],[5.2098837,46.4789843],[5.2164785,46.4743888],[5.2150332,46.4685126],[5.2243017,46.46879],[5.2369326,46.4572341],[5.241493,46.4611297],[5.2474962,46.4593243],[5.2547233,46.4559224],[5.2563842,46.4500956],[5.2654119,46.4512959],[5.2839879,46.4456988],[5.289061,46.4498944],[5.3061776,46.4455519],[5.3128191,46.4475027],[5.3124035,46.4530649],[5.3218797,46.453234],[5.3235244,46.4625986],[5.346796,46.4608293],[5.3584136,46.4644229],[5.3738499,46.4604309],[5.3837706,46.471414],[5.3978123,46.4664776],[5.4152791,46.4730661],[5.4200341,46.4804259],[5.4215227,46.487648],[5.4175647,46.4894936],[5.4207721,46.5014909],[5.4075975,46.5001079],[5.4022877,46.5055868],[5.3934665,46.5066262],[5.3884099,46.5143467],[5.358196,46.5197464],[5.3626303,46.5516449],[5.3563078,46.5628658],[5.3642438,46.562472],[5.3676099,46.5666884],[5.3622153,46.577412],[5.3679556,46.5800051],[5.3836532,46.5816857],[5.3910617,46.5786491],[5.4057319,46.5816614],[5.4063958,46.5909233],[5.4144002,46.6004591],[5.4085638,46.602318],[5.4041906,46.6104372],[5.3962815,46.611232],[5.4188609,46.6162556],[5.4373887,46.6293094],[5.4418229,46.6375241],[5.4131271,46.6543563],[5.4271702,46.6602009],[5.4268135,46.663737],[5.418386,46.6678557],[5.4222337,46.6730706],[5.3952495,46.6852081],[5.4086164,46.6984893],[5.4072781,46.703693],[5.394458,46.7084787],[5.3970355,46.7181162],[5.3956515,46.7224098],[5.3900766,46.723058],[5.394244,46.7290098],[5.3609861,46.7312996],[5.3666362,46.7521279],[5.3725263,46.7503187],[5.3733174,46.7541077],[5.3892405,46.7655118],[5.3900695,46.7705706],[5.3826015,46.7761694],[5.3700465,46.7772027],[5.3733343,46.7831769],[5.3712741,46.7862392],[5.3686513,46.7865638],[5.3687635,46.7825063],[5.3641911,46.7830406],[5.353797,46.7926621],[5.3490052,46.7933684],[5.3488081,46.7896943],[5.3400092,46.7908006],[5.3368889,46.7956876],[5.3329169,46.7956189],[5.3334957,46.8050759],[5.3271033,46.8152421],[5.3362167,46.8184298],[5.3378366,46.8227995],[5.3423926,46.8201686],[5.3393674,46.825763],[5.347508,46.8190501],[5.3454068,46.8159182],[5.3515968,46.8138324],[5.3692801,46.8260317],[5.3864329,46.8261139],[5.3903357,46.8303201],[5.4078055,46.8332966],[5.4123061,46.8282016],[5.4296171,46.8259792],[5.444196,46.8290346],[5.447919,46.8254213],[5.4551487,46.8303888],[5.4627591,46.8273724],[5.4567447,46.8309499],[5.4653574,46.8405538],[5.4567532,46.8457075],[5.4612402,46.8547016],[5.4467958,46.8602002],[5.4333211,46.8609225],[5.439141761402699,46.8551367325742],[5.4337778,46.85508],[5.4309568,46.8611728],[5.4155681,46.8605622],[5.403933,46.8672285],[5.4074084,46.8681948],[5.401455,46.8703814],[5.4055832,46.8724129],[5.4019749,46.8763251],[5.4057285,46.8794516],[5.4002463,46.8813423],[5.4038336,46.8891654],[5.3993865,46.8925582],[5.3897851,46.8947339],[5.3623663,46.8827728],[5.3500111,46.8934842],[5.3391361,46.8903108],[5.3349042,46.8849156],[5.3287853,46.8876658],[5.3282145,46.8977854],[5.3163421,46.9039243],[5.3108178,46.9205285],[5.3067534,46.9229214],[5.3093857,46.9277541],[5.3058826,46.933305],[5.3073284,46.938841],[5.2970996,46.9361345],[5.29329,46.9367428],[5.2936288,46.9403316],[5.2871948,46.9409321],[5.2697516,46.9279171],[5.2620311,46.9272148],[5.2643057,46.93726],[5.2520162,46.9445097],[5.254619,46.9478387],[5.2609712,46.9461541],[5.2650106,46.9584813],[5.2630063,46.9646573],[5.256552,46.9672649],[5.2588929,46.9685041],[5.2545108,46.9709459],[5.2563252,46.9766403],[5.2532816,46.9785972],[5.2747437,46.9915086],[5.2719267,46.9930739],[5.2757697,46.9961985],[5.2741645,46.9982079],[5.3003002,47.0018806],[5.3045689,47.0056959],[5.303455,47.012225],[5.3182183,47.0127331],[5.3166105,47.0159834],[5.2753696,47.0272651],[5.2839786,47.0480936],[5.2955897,47.0534032],[5.295894,47.0578021],[5.3054598,47.0631731],[5.3116989,47.0581105],[5.3133795,47.064937],[5.3214072,47.072224],[5.3355003,47.0782238],[5.3455391,47.0764789],[5.3592108,47.0805871],[5.3696793,47.0774965],[5.3848839,47.0812021],[5.3989553,47.0957942],[5.3988178,47.1058404],[5.4111394,47.1148579],[5.4123423,47.1201994],[5.409351,47.1205365],[5.4084936,47.1268472],[5.4150877,47.1299044],[5.414515,47.1331634],[5.4392312,47.1430245],[5.4376795,47.1528783],[5.450724,47.1618414],[5.4592055,47.1830468],[5.4559326,47.1923617],[5.4450412,47.1999639],[5.4647554,47.2068355],[5.4743306,47.212889],[5.4734016,47.2156278],[5.4803796,47.2173055],[5.473955,47.2310836],[5.4846232,47.2380735],[5.486332,47.2434107],[5.4831843,47.2459979],[5.4861673,47.2504712],[5.4780628,47.256202],[5.4880625,47.2663996],[5.4883721,47.2890835],[5.5054883,47.2831656],[5.5085382,47.293061],[5.5188415,47.3028697],[5.5139545,47.307702],[5.5057387,47.3081354],[5.5048633,47.312901],[5.4985664,47.3153159],[5.4811305,47.3168017],[5.480432,47.3132814],[5.4697321,47.3166234],[5.476397,47.3215661],[5.4735497,47.3245193],[5.4778483,47.3269116],[5.4769335,47.3312623],[5.4868372,47.3265904],[5.4940224,47.3343002],[5.4951346,47.3445578],[5.4881302,47.3621732],[5.4890617,47.3702393],[5.4949666,47.3761583],[5.4933268,47.3830185],[5.4971282,47.3901849],[5.4779192,47.3954505],[5.4529391,47.3832428],[5.4388181,47.3923719],[5.4324504,47.3925387],[5.4358517,47.4027661],[5.4452767,47.404345],[5.4304102,47.4215072],[5.4331392,47.4311518],[5.4311831,47.4365671],[5.4410641,47.4461915],[5.4400163,47.4495735],[5.4181048,47.4491523],[5.4129534,47.4558802],[5.4160163,47.4582029],[5.4065722,47.4620313],[5.3795523,47.4505004],[5.3860627,47.4591217],[5.3784572,47.4586249],[5.3669519,47.4649748],[5.3822776,47.4658175],[5.4075308,47.4775904],[5.3869905,47.4804982],[5.3992946,47.4992822],[5.4273316,47.4956442],[5.4313312,47.4982838],[5.4347634,47.4944605],[5.4290333,47.4925076],[5.4369287,47.4908096],[5.447321,47.4960986],[5.4713944,47.5277782],[5.4865255,47.5271317],[5.4969917,47.5443203],[5.4967352,47.5549369],[5.4908311,47.5635476],[5.4799594,47.5643273],[5.4868104,47.5695317],[5.4851185,47.5721549],[5.4885337,47.5770592],[5.4841973,47.5822362],[5.4776303,47.6086858],[5.4709244,47.6080214],[5.4411164,47.6303765],[5.425377,47.6317001],[5.3956756,47.5948565],[5.3899447,47.5943201],[5.387668,47.6003107],[5.3739814,47.6059466],[5.373232699536009,47.60584485129315],[5.3733135,47.6045205],[5.3668475,47.6049771],[5.3591723,47.5937403],[5.3549938,47.5914611],[5.354949077905419,47.591472115429085],[5.3549488,47.5914718],[5.354934297058032,47.59147575607646],[5.3415984,47.5947605],[5.341715084524859,47.59508166001631],[5.3410162,47.5952723],[5.3451926,47.6046531],[5.3396763,47.6099874],[5.322513,47.6124286],[5.312979,47.6057441],[5.3063158,47.6073556],[5.2983219,47.6042928],[5.2939255,47.5978963],[5.2808086,47.5926372],[5.2776966,47.5901404],[5.2782586,47.5815741],[5.2532742,47.5769405],[5.2486278,47.5885535],[5.2382342,47.5966712],[5.258849,47.6222954],[5.2376284,47.6166402],[5.2378072,47.6208162],[5.2293526,47.6259539],[5.229254,47.6303299],[5.2204727,47.632909],[5.2107059,47.642212],[5.1744398,47.6523913],[5.1744095,47.6713947],[5.1785822,47.6809548],[5.161933,47.6804404],[5.156442,47.668041],[5.1437184,47.6560802],[5.1366983,47.6537628],[5.1398028,47.651447],[5.1254593,47.646707],[5.116484,47.6518418],[5.1091237,47.6496414],[5.1024736,47.6550281],[5.1067329,47.6535495],[5.1023063,47.6594219],[5.0865508,47.6569238],[5.0832704,47.6609576],[5.078983,47.6599052],[5.0767286,47.6639058],[5.0791168,47.6681692],[5.071801,47.66432],[5.0679487,47.6682213],[5.0687141,47.6640863],[5.0665253,47.6688768],[5.053824,47.6683545],[5.0436337,47.6764813],[5.0501884,47.6798153],[5.0529626,47.6884561],[5.0607858,47.6948626],[5.055534,47.6974801],[5.0536855,47.6940953],[5.0289763,47.6933897],[5.0287648,47.6974122],[5.0341769,47.701571],[5.0335048,47.707956],[5.0295405,47.7099499],[5.0182256,47.7045337],[5.0141091,47.7058107],[5.0111877,47.7008537],[5.0045074,47.7008938],[5.0037829,47.6935775],[4.9960626,47.6893314],[4.9694383,47.6854763],[4.9728109,47.6911742],[4.9536215,47.7031098],[4.9539927,47.7073505],[4.9645358,47.7141943],[4.9635849,47.7227324],[4.9713696,47.73012],[4.9695299,47.7357027],[4.9564551,47.7326506],[4.9660158,47.7411523],[4.9600258,47.7520372],[4.9593256,47.7619372],[4.9457118,47.766454],[4.9424731,47.7629354],[4.9225477,47.7590493],[4.9265506,47.7645241],[4.9168004,47.7669846],[4.9208791,47.7671254],[4.920973,47.7732832],[4.9245165,47.7739778],[4.9179496,47.7769357],[4.9823766,47.7998136],[4.9939487,47.8127411],[4.9886048,47.8182036],[4.9941983,47.8196263],[4.9858327,47.8225898],[4.9847695,47.8287977],[4.9685011,47.8320528],[4.9660215,47.8397309],[4.960882,47.8391675],[4.9635132,47.8521803],[4.954156,47.8667369],[4.9275723,47.8713727],[4.9301821,47.8748814],[4.9278102,47.8886507],[4.9165121,47.897895],[4.9146529,47.9058276],[4.9038349,47.9205478],[4.8946927,47.9229607],[4.8710176,47.9185133],[4.8592999,47.9021103],[4.8603191,47.8966584],[4.8567465,47.8957853],[4.8334132,47.9071571],[4.828939,47.9144412],[4.8310454,47.9178815],[4.839367,47.9231581],[4.8466995,47.9211491],[4.8463431,47.9283816],[4.8655799,47.9406152],[4.8573495,47.9521216],[4.8446399,47.9612789],[4.827339,47.9613145],[4.8194183,47.9645705],[4.8192066,47.9604069],[4.8115582,47.9593976],[4.7931423,47.9624077],[4.7915949,47.9655884],[4.7863262,47.9639052],[4.7854699,47.9715303],[4.7946296,47.9844837],[4.810573,47.9886466],[4.7931665,47.9968441],[4.7931867,48.0060968],[4.7895151,48.0080747],[4.7404546,48.0046053],[4.7201983,48.0090669],[4.7227996,48.01013],[4.71663,48.0111787],[4.7003662,48.0240041],[4.6701795,48.014514],[4.6655768,48.0209469],[4.6559887,48.0169638],[4.6547036,48.0216076],[4.6477767,48.025705],[4.6220131,48.024345],[4.6163553,48.0311785],[4.6080687,48.0283864],[4.5835967,48.0297517],[4.5712417,48.0246069],[4.5639939,48.0156557],[4.55584,48.0136939],[4.5495099,48.0047431],[4.5357272,48.0064383],[4.5412526,47.9920165],[4.5568941,47.9823118],[4.5599224,47.9719357],[4.5541595,47.9674952],[4.4935246,47.9688781],[4.4831861,47.9631013],[4.447048,47.9562589],[4.4172024,47.9688096],[4.3839369,47.9597365],[4.3685878,47.9619627],[4.3614529,47.9570406],[4.3436098,47.9557753],[4.3123849,47.9627532],[4.2982634,47.9496938],[4.3029005,47.9371119],[4.2927181,47.9258055],[4.2671327,47.9238831],[4.2447456,47.9301832],[4.2369218,47.9407915],[4.221828,47.9499949],[4.228257,47.9613565],[4.2270029,47.9710233],[4.2039134,47.973519],[4.1930719,47.964919],[4.2031301,47.9599846],[4.2128283,47.9631418],[4.2033766,47.9594707],[4.2077774,47.9466026],[4.2027787,47.9417242],[4.1855095,47.9402828],[4.1840801,47.9560071],[4.1669294,47.9600509],[4.155512,47.9556293],[4.1399414,47.9428478],[4.1417336,47.937236],[4.1326228,47.9378177],[4.1096796,47.9257157],[4.106869,47.9299553],[4.0936864,47.9264119],[4.0937344,47.9342779],[4.0899703,47.9363127],[4.0929832,47.9430355],[4.0898562,47.945084],[4.0759923,47.9429315],[4.0607518,47.9458076],[4.0562976,47.9417621],[4.0589752,47.9317944],[4.044832,47.9252525],[4.0315828,47.9333413],[4.0254147,47.9287017],[4.0164188,47.9293556],[4.0124895,47.9329854],[4.0137217,47.9368702],[4.0050558,47.9428988],[3.992673508047428,47.93500816603055],[3.9914759,47.9323524],[3.9869178703345596,47.93134037733464],[3.9858163,47.9306384],[3.9848128873498547,47.930873006420654],[3.9810895,47.9300463],[3.9623796,47.9361181],[3.9484588,47.9310605],[3.9454789,47.934867],[3.9342574,47.9320201],[3.9261282,47.9347408],[3.9182411,47.9281589],[3.9115146,47.9302021],[3.9047037,47.924889],[3.904612084292159,47.92492621069462],[3.9045774,47.9248997],[3.8941074,47.9291928],[3.9033153,47.9385712],[3.8989549,47.9407086],[3.9038549,47.9460827],[3.9022868,47.9506252],[3.9078106,47.9642651],[3.9133413,47.9703079],[3.9123577,47.9800314],[3.9006368,47.997292],[3.8934513,48.0015257],[3.881638,48.000442],[3.8854678,47.9918813],[3.8775427,47.9871879],[3.8835612,47.9852809],[3.8799359,47.9791346],[3.861811,47.9765398],[3.8659492,47.9845492],[3.8495383,47.9837321],[3.8470128,47.9945717],[3.8412598,47.9958594],[3.8389496,48.0033043],[3.8626697,48.0067795],[3.8700365,48.0026982],[3.8704818,48.0168655],[3.8512566,48.0265913],[3.8430591,48.0361099],[3.8323064,48.0364431],[3.8218899,48.0440454],[3.830302,48.0472674],[3.8240545,48.053166],[3.8295835,48.0576112],[3.8048291,48.0818415],[3.807003,48.0841375],[3.7980639,48.0864996],[3.8000766,48.0971581],[3.8053841,48.099811],[3.7916122,48.1180134],[3.779453,48.1211547],[3.777139,48.1286029],[3.767822,48.1340334],[3.7569351,48.1253324],[3.7398228,48.1320718],[3.7424617,48.1427541],[3.754817,48.1501395],[3.7522669,48.160993],[3.7473189,48.1664839],[3.7143282,48.1746286],[3.721303,48.162152],[3.7200736,48.1541082],[3.7051347,48.1442778],[3.700332,48.1452693],[3.6925579,48.1555117],[3.6915307,48.145527],[3.6679384,48.1393197],[3.6608676,48.1588132],[3.6508723,48.1685729],[3.6424613,48.1845471],[3.6218678,48.1922519],[3.5937358,48.1786298],[3.5747807,48.1888094],[3.5998053,48.2021291],[3.6219202,48.2255076],[3.6139639,48.2323712],[3.6051526,48.2300623],[3.5998499,48.2364794],[3.6149584,48.2507979],[3.6243486,48.2544702],[3.620625257903365,48.26335430747112],[3.612296861933091,48.27459216072246],[3.612175338802021,48.274690622379815],[3.6121037765711095,48.27471127303591],[3.601941,48.2758306],[3.6010250649229865,48.27790824805148],[3.5952933045560607,48.27956225758528],[3.5876728,48.2799246],[3.5779254,48.2845741],[3.5872448,48.2925929],[3.5870179,48.3019094],[3.5809818,48.3010511],[3.5798486,48.3059158],[3.5649293,48.308691],[3.5610084,48.3119655],[3.5650003,48.3133882],[3.563148,48.3214446],[3.5439345,48.3198203],[3.5444416,48.3347056],[3.5336918,48.3389951],[3.5129556,48.3604811],[3.4974521,48.369755],[3.4751811,48.3692726],[3.4668511,48.375903],[3.4671359,48.3736904],[3.4529923,48.3745309],[3.4472243,48.3729202],[3.4483319,48.3684429],[3.427514,48.3581866],[3.4217181,48.3717649],[3.4129891,48.3778601],[3.413023199228843,48.378102722766904],[3.4128538,48.3782262],[3.4132796978524977,48.37992776127628],[3.4147209,48.3901822],[3.4020072,48.3896305],[3.3833193,48.4000537],[3.3755018,48.3986101],[3.3735437,48.393433],[3.3672236,48.3942933],[3.3627892,48.3821817],[3.3651514,48.3722841],[3.356721,48.3709765],[3.3567079,48.3784961],[3.3511394,48.378742],[3.3483378,48.3733228],[3.3364791,48.3731561],[3.3355426,48.3702126],[3.3123669,48.3772621],[3.3093508,48.3770122],[3.3109993,48.3729599],[3.305198,48.3729401],[3.2995259,48.3756238],[3.2996294,48.378957],[3.2896429,48.3758203],[3.2912886,48.3800424],[3.2826531,48.3816197],[3.2825538,48.377395],[3.268032,48.3778306],[3.267187,48.3735888],[3.2610193,48.3730327],[3.2617839,48.3683439],[3.2545081,48.3651201],[3.2232664,48.3704663],[3.2001957,48.3636423],[3.1905025,48.370977],[3.1846329,48.3680779],[3.1750038,48.377464],[3.1661765,48.3705988],[3.1480645,48.3700567],[3.146583,48.3655845],[3.1378643,48.3722775],[3.1278613,48.3696085],[3.1283501,48.3672909],[3.1170619,48.3665113],[3.1034222,48.3493025],[3.0995489,48.3514311],[3.0985312,48.3578609],[3.0878028,48.3571605],[3.0789518,48.3613344],[3.0624726,48.3572372],[3.0500689,48.3599606],[3.0370617,48.3426585],[3.0395925,48.3418558],[3.0366823,48.3349382],[3.0433745,48.3306397],[3.028104,48.3216027],[3.0146038,48.3062629],[3.027528,48.3028642],[3.018602,48.2950096],[3.0296628,48.285804],[3.024702,48.2759439],[3.0449018,48.2714297],[3.0426398,48.2622873],[3.0473576,48.2496846],[3.0317116,48.2491163],[3.0188157,48.2351265],[3.0230974,48.2304539],[3.0115022,48.2206037],[3.0044598,48.2070328],[2.9919785,48.204635],[2.9890779,48.2092343],[2.9731393,48.2056111],[2.9709203,48.1942305],[2.9540729,48.1922557],[2.9368534,48.1831329],[2.9347545,48.1673817],[2.9365496928930694,48.163515267982746],[2.9531484,48.1651705],[2.953166996969289,48.16509842534314],[2.9534102,48.1651221],[2.9545553,48.1597179],[2.9636751,48.1529997],[2.9816755,48.1496017],[2.9799758,48.1540385],[2.9906928,48.1525326],[2.9909825,48.1469263],[2.9981333,48.1399397],[3.0099581,48.1459541],[3.0217136,48.1352933],[3.0294172,48.1335522],[3.0158463,48.1159275],[3.0352053,48.1162337],[3.0383066,48.0985472],[3.0503299,48.0916355],[3.0508257,48.0722763],[3.0609156,48.0644547],[3.0783895,48.0612346],[3.0884245,48.0538393],[3.0954089,48.0540655],[3.0897002,48.0491237],[3.0953177,48.0444271],[3.0947355,48.0402696],[3.1247063,48.0302067],[3.1200968,48.029118],[3.1203811,48.0257752],[3.1166907,48.0281447],[3.0993425,48.02088],[3.1042995,48.0131055],[3.1153232,48.0129705],[3.1240241,48.0068594],[3.1203401,48.0030174],[3.1229742,48.0011248],[3.1206957,47.9961376],[3.1224559,47.9912237],[3.1268934,47.9913872],[3.1197951,47.9865292],[3.1286006,47.9834124],[3.128600360807926,47.98339469252065],[3.1286127,47.9833903],[3.1285987323873594,47.98327413993276],[3.128436,47.971227],[3.1270711431762606,47.97057011741654],[3.1267795,47.9681447],[3.1092207,47.961979],[3.1116448,47.9578888],[3.1052988,47.946806],[3.0982993,47.9486061],[3.0841053,47.9425849],[3.0784544,47.9314747],[3.0649142,47.9303943],[3.0617488,47.926053],[3.0508704,47.9241923],[3.0505441,47.9107812],[3.0374008,47.9067494],[3.0360772,47.9117675],[3.0246768,47.9055455],[3.0179041,47.9080671],[3.0093029,47.9055682],[3.0170181,47.898997],[3.0074698,47.89558],[3.009903,47.889628],[3.0069409,47.883954],[3.011587,47.8810294],[3.0123601,47.8740104],[2.9946433,47.8673573],[3.0294281,47.8568361],[3.0248283,47.8562746],[3.0337366,47.8435639],[3.0293594,47.8348692],[3.0121898,47.8341234],[3.0141694,47.8222635],[3.021978,47.817692],[3.0149287,47.8134465],[3.0244937,47.813132],[3.0280748,47.8012835],[3.0249201,47.7871951],[2.9875771,47.7859838],[2.9789165,47.7803727],[2.954674,47.7753818],[2.949635,47.765656],[2.9371131,47.7662764],[2.9305872,47.7621997],[2.91094838662776,47.768677064954176],[2.9091334810585394,47.768294281130075],[2.9087119,47.766558],[2.9001184,47.7663929],[2.8987004,47.7628828],[2.8700026,47.7649829],[2.8625141,47.7608198],[2.8603760793740736,47.76117165571565],[2.8519558845693633,47.75783800895275],[2.851910523961482,47.75779703252165],[2.8588628,47.7495315],[2.8581600732311276,47.74758591436256],[2.8585324,47.746983],[2.857120360018171,47.744707340237035],[2.8537858,47.7354752],[2.8495602,47.7325233],[2.8534593,47.7292127],[2.8533036176590083,47.72911298886147],[2.8533912,47.7290332],[2.8484902,47.7260301],[2.8524629,47.7216821],[2.8485337,47.7169495],[2.8607349119194385,47.71023044910366],[2.8785828,47.7203999],[2.8846407,47.713591],[2.8839701,47.7077298],[2.8787729,47.7039239],[2.9038052,47.6968159],[2.9078421,47.6909414],[2.9147703,47.6908824],[2.9188083,47.6843801],[2.9266427,47.6820129],[2.9181578,47.6696874],[2.9264833,47.6590543],[2.9411859,47.658112],[2.9419032,47.6536676],[2.9539237,47.6459933],[2.9361979,47.6365398],[2.9320557,47.6271812],[2.9356535,47.6265819],[2.9342655,47.6206885],[2.945225,47.6084129],[2.9362471,47.5994315],[2.9419346,47.5989243],[2.943514,47.5930185],[2.9501155,47.5886768],[2.9551579,47.5902397],[2.9620002,47.5860233],[2.9630151,47.5759166],[2.9747367,47.5735989],[2.9762231,47.5699375],[2.963466,47.5640114],[2.9587715,47.5574751],[2.9143395,47.5660441],[2.9045106,47.556218],[2.8901491,47.552599],[2.8741294,47.5533041],[2.873067,47.5452202],[2.8607068,47.5472355],[2.8600103,47.5542413],[2.8444817,47.5448761]],[[5.439554604345867,46.855141099056574],[5.4414559,46.8576736],[5.4495391,46.8562524],[5.4445115,46.8517427],[5.443885,46.8551869],[5.439554604345867,46.855141099056574]],[[5.4399209,46.8490279],[5.4413934,46.8518115],[5.4492919,46.8481948],[5.4442715,46.8453551],[5.4399209,46.8490279]],[[5.45197,46.8528423],[5.4579422,46.8545077],[5.4559347,46.8509539],[5.45197,46.8528423]]]}},{"type":"Feature","id":"beaujolais","properties":{"name":"Beaujolais","slug":"beaujolais","parent_iso_a3":"FRA","source_name":"OpenStreetMap via Nominatim","source_url":"https://nominatim.openstreetmap.org/","source_license":"ODbL 1.0","source_queries":"Beaujolais, France => Beaujolais, Auvergne-Rhône-Alpes, France métropolitaine, France"},"geometry":{"type":"Polygon","coordinates":[[[4.012069,45.9692886],[4.0127557,45.9640386],[4.0340417,45.9420787],[4.0244286,45.9353936],[4.0621941,45.9110336],[4.0814202,45.9100781],[4.1116326,45.8861851],[4.1044232,45.8665848],[4.1999127,45.8216887],[4.2407223,45.8469779],[4.3756482,45.8931149],[4.4336697,45.8983716],[4.4863271,45.8738159],[4.5314312,45.8736665],[4.5536184,45.8599202],[4.5620727,45.8473065],[4.6038722,45.8387264],[4.6210918,45.8368654],[4.6499627,45.8555869],[4.674339,45.8567822],[4.6969983,45.8687364],[4.6987149,45.9053001],[4.7124478,45.9733448],[4.6908184,45.9728676],[4.6465298,45.9134221],[4.6255871,45.9723904],[4.6485894,46.0184234],[4.6825787,46.1512974],[4.7220605,46.188388],[4.723183160878345,46.19024423791909],[4.7207595,46.2009282],[4.7263721,46.2083083],[4.733173299576916,46.206762203964715],[4.73545140497683,46.210528885167],[4.7357674,46.2118828],[4.7290566,46.2141915],[4.731189,46.2189197],[4.7205257,46.2216456],[4.7224438,46.2260783],[4.7192391,46.2276019],[4.7323762,46.2266837],[4.7368346,46.2324427],[4.7244576,46.2419059],[4.7206705,46.2402983],[4.7200392,46.2453245],[4.7052945,46.2511],[4.6983112,46.2529501],[4.6932024,46.2484164],[4.6882916,46.2493029],[4.6887171,46.2542692],[4.6838431,46.2534995],[4.6791776,46.2590198],[4.6799192,46.2679049],[4.6874225,46.2655635],[4.6935439,46.2716243],[4.7006649,46.2674383],[4.7042638,46.2711444],[4.7077014,46.2696293],[4.7100931,46.2783987],[4.7076416,46.2848443],[4.7046731,46.282916],[4.694772,46.2920516],[4.6934946,46.3024997],[4.6832123,46.3028378],[4.6797565,46.3064984],[4.6761788,46.3041705],[4.6781746,46.3001728],[4.666666472871032,46.2961494454753],[4.6444695,46.2601201],[4.5984643,46.2344783],[4.5675652,46.2325784],[4.5119469,46.216902],[4.4796746,46.2368531],[4.3993371,46.2059734],[4.371281124981299,46.20350909724972],[4.362803,46.199943],[4.362248,46.195365],[4.369585,46.19339],[4.3741572,46.1868574],[4.360931,46.181745],[4.345972,46.188006],[4.336653,46.181125],[4.3267425,46.1850156],[4.3165997,46.170619],[4.3065458,46.17475],[4.2926956,46.1728031],[4.2887584,46.1699546],[4.2872975,46.1604898],[4.2810599,46.1560658],[4.2497957,46.1584228],[4.2485844,46.1671446],[4.2528976,46.1669686],[4.2633459,46.1754598],[4.2547863,46.1879585],[4.25405745282344,46.18800174029904],[4.2414086,46.1803063],[4.2331689,46.1241773],[4.1995232,46.0918057],[4.2087933,46.0715636],[4.196777,46.0620354],[4.1943737,46.0501229],[4.162788,46.0401144],[4.1930005,46.0203304],[4.1988369,46.0000623],[4.1696545,45.9864666],[4.1071698,45.9838425],[4.0968701,45.9745378],[4.0216821,45.9750153],[4.012069,45.9692886]]]}},{"type":"Feature","id":"rhone","properties":{"name":"Rhone","slug":"rhone","parent_iso_a3":"FRA","source_name":"OpenStreetMap via Nominatim","source_url":"https://nominatim.openstreetmap.org/","source_license":"ODbL 1.0","source_queries":"Rhone, France => Auvergne-Rhône-Alpes, France métropolitaine, France | Drome, France => Drôme, Auvergne-Rhône-Alpes, France métropolitaine, France | Vaucluse, France => Vaucluse, Provence-Alpes-Côte d'Azur, France métropolitaine, France | Ardeche, France => Ardèche, Auvergne-Rhône-Alpes, France métropolitaine, France"},"geometry":{"type":"MultiPolygon","coordinates":[[[[2.062936,44.9765947],[2.0676384,44.972562],[2.0704871,44.9626965],[2.0806262,44.9530808],[2.0764168,44.9341088],[2.1045742,44.9199407],[2.1016061,44.9167739],[2.1081074,44.9101922],[2.0976098,44.9044656],[2.0857296,44.9032416],[2.0835762,44.8863218],[2.0896252,44.882225],[2.0925358,44.8719647],[2.1018378,44.8670915],[2.1171115,44.8483603],[2.1280548,44.8452602],[2.1274555,44.8377353],[2.135137,44.826999],[2.1680498,44.8107208],[2.1648451,44.8040662],[2.1718701,44.7899017],[2.1679592,44.7831335],[2.1697497,44.7778129],[2.1660586,44.7769146],[2.1639067,44.7708797],[2.1590866,44.7728631],[2.1490439,44.7697512],[2.1505063,44.7640867],[2.1472375,44.7631623],[2.1525476,44.7594976],[2.1506182,44.7569818],[2.1563829,44.7489126],[2.1516873,44.7443196],[2.1557547,44.7425283],[2.1504702,44.740874],[2.1545345,44.7363852],[2.1466566,44.7233941],[2.1491756,44.7221487],[2.1312049,44.7088834],[2.1328666,44.7034193],[2.1300828,44.6983594],[2.1383053,44.6928677],[2.1539506,44.7001492],[2.1595519,44.6975258],[2.1793434,44.674616],[2.1693945,44.6648098],[2.1618988,44.6636385],[2.1746439,44.6531893],[2.1689088,44.6476484],[2.1687729,44.6390055],[2.1800956,44.6346818],[2.1861729,44.6282584],[2.1943918,44.6279808],[2.1931981,44.6244498],[2.2070409,44.6159054],[2.2207821,44.6225891],[2.2155516,44.6250507],[2.2081887,44.6438532],[2.2159411,44.6507125],[2.2287045,44.6557392],[2.2510946,44.6519883],[2.2647252,44.6605795],[2.27444,44.6609273],[2.2853065,44.6667524],[2.2947776,44.6670001],[2.3054757,44.6623998],[2.3268107,44.6698835],[2.3364214,44.6619935],[2.3375428,44.656407],[2.333073,44.6489874],[2.3539475,44.639851],[2.3666145,44.6417545],[2.3799832,44.6513071],[2.3881823,44.6496051],[2.3893312,44.6438964],[2.4061872,44.6471879],[2.4157289,44.642801],[2.4271733,44.6437123],[2.43419,44.6387588],[2.4479123,44.6485807],[2.4678994,44.6427414],[2.471075,44.6518223],[2.4785974,44.6478496],[2.4837608,44.6506393],[2.4871157,44.6565362],[2.4915188,44.6571974],[2.4877031,44.6687422],[2.5003693,44.6905061],[2.5105602,44.6959015],[2.5138633,44.6931235],[2.5212862,44.7003958],[2.5179329,44.7042142],[2.5405709,44.7116668],[2.5503511,44.719696],[2.5604263,44.7206434],[2.557878,44.7252096],[2.5613482,44.727361],[2.5571948,44.7280576],[2.5598421,44.731295],[2.5532677,44.7251962],[2.5437954,44.7258702],[2.55597,44.733696],[2.550646,44.736262],[2.55471,44.744154],[2.549917,44.748381],[2.553976,44.748326],[2.550185,44.755749],[2.56102,44.758557],[2.564722,44.772377],[2.562423,44.777468],[2.574433,44.78519],[2.586476,44.783987],[2.600574,44.793598],[2.599091,44.801893],[2.60216,44.807992],[2.596665,44.820542],[2.6069665,44.8236545],[2.6113863,44.8314962],[2.6026137,44.8422263],[2.615501,44.8532598],[2.6164591,44.8500848],[2.6187557,44.8523023],[2.6174855,44.8564902],[2.623558,44.8667899],[2.6316718,44.8730728],[2.6542798,44.8698118],[2.6590672,44.8788094],[2.6579221,44.88696],[2.6648405,44.889948],[2.6762378,44.9040568],[2.6817573,44.9072131],[2.6901841,44.9023769],[2.6950529,44.9045562],[2.694688,44.9079833],[2.6972187,44.9035714],[2.7073263,44.9076696],[2.7155063,44.9238415],[2.7138585,44.9271565],[2.7168502,44.9292281],[2.7239196,44.924702],[2.7285199,44.9366222],[2.7381015,44.9412011],[2.7433143,44.9364929],[2.7423836,44.9288076],[2.7541873,44.9331636],[2.7756008,44.9112278],[2.7718764,44.898635],[2.7784769,44.8874238],[2.7705531,44.8797294],[2.7708725,44.8708874],[2.7673203,44.8658506],[2.7737261,44.854561],[2.8037637,44.8739443],[2.8146873,44.8693137],[2.8314406,44.8725966],[2.8495348,44.8709306],[2.8594839,44.8743297],[2.8616993,44.8677106],[2.8560119,44.8650792],[2.8547045,44.8506824],[2.8657017,44.8467835],[2.8598062,44.839041],[2.8684394,44.8334475],[2.8787154,44.8043041],[2.8893213,44.7918632],[2.887578,44.7893061],[2.9041509,44.7835983],[2.9203897,44.7944257],[2.9378531,44.774901],[2.9308283,44.7616528],[2.9158674,44.7674761],[2.911789,44.7611127],[2.920178,44.7540486],[2.9269966,44.7576952],[2.9337807,44.7498181],[2.9316742,44.7375396],[2.9232151,44.7284464],[2.9346999,44.7054304],[2.9325417,44.6966593],[2.9443345,44.6847434],[2.9384191,44.682374],[2.9382797,44.6785426],[2.9486146,44.6744618],[2.9553809,44.667436],[2.9560701,44.659612],[2.9635251,44.6581785],[2.9624983,44.6549601],[2.9731469,44.6459439],[2.9822622,44.6451468],[2.9856331,44.6501068],[2.9822825,44.651015],[2.9841323,44.6565371],[2.9994199,44.6755199],[3.0012223,44.6895541],[3.0085178,44.6941176],[3.0161701,44.7141572],[3.0229755,44.7134308],[3.0278097,44.7170961],[3.0390446,44.7151769],[3.0341882,44.72936],[3.026299,44.7288854],[3.0306562,44.7364887],[3.0310104,44.7493334],[3.0380572,44.7585323],[3.0490932,44.7630883],[3.0425524,44.7722526],[3.0519499,44.7854347],[3.0455113,44.7983221],[3.0476957,44.8039516],[3.0639881,44.8202797],[3.0774612,44.8245784],[3.0738383,44.8259838],[3.0725252,44.8378676],[3.0843687,44.8333685],[3.0993461,44.833234],[3.0973264,44.842515],[3.1002321,44.8441031],[3.0966631,44.8466587],[3.0990381,44.84983],[3.093271,44.854798],[3.1046419,44.8661704],[3.1103385,44.8665534],[3.1025807,44.8710383],[3.1030679,44.8756709],[3.1077262,44.8781113],[3.1025797,44.886929],[3.1112854,44.8874129],[3.1161246,44.894651],[3.1175804,44.8899212],[3.1245574,44.8894681],[3.1211066,44.8951348],[3.1278342,44.9035577],[3.1413705,44.9032852],[3.1601963,44.8849283],[3.1650506,44.878291],[3.1637414,44.8739017],[3.173333,44.8727888],[3.1826083,44.8635392],[3.191592,44.8623275],[3.1924694,44.8696036],[3.1997365,44.8751251],[3.2155822,44.8743944],[3.2278628,44.8859888],[3.2382523,44.8867097],[3.2271391,44.8970222],[3.2266615,44.9098755],[3.2498156,44.9161387],[3.2442002,44.926793],[3.2485328,44.9293674],[3.241674,44.9354945],[3.2488096,44.9341917],[3.251879,44.941148],[3.2674247,44.9425238],[3.2618997,44.9318875],[3.2736777,44.9268516],[3.2860802,44.9263378],[3.300084,44.9396252],[3.3070113,44.9411278],[3.3121187,44.9378658],[3.3164829,44.9404602],[3.315311,44.9442499],[3.3368969,44.956091],[3.3546401,44.9547992],[3.3615077,44.9713144],[3.3728866,44.975777],[3.370186,44.9699498],[3.3767942,44.9629934],[3.3728479,44.9634586],[3.3716784,44.9603933],[3.3906029,44.9507445],[3.3969697,44.9585094],[3.4044821,44.9570612],[3.4115788,44.9475953],[3.4158759,44.9315626],[3.4130743,44.9157407],[3.4191056,44.9083121],[3.4168447,44.9062151],[3.4193652,44.8965447],[3.4361211,44.8800692],[3.4382515,44.8580234],[3.4587469,44.839438],[3.4559598,44.8290366],[3.4648249,44.8278632],[3.4781003,44.8098159],[3.4896927,44.8067768],[3.4988036,44.8189209],[3.5123992,44.8248646],[3.5392643,44.8281927],[3.5616036,44.8248037],[3.560098,44.832677],[3.570231,44.8360434],[3.5748974,44.8345898],[3.5789203,44.8254599],[3.5893386,44.8265073],[3.5894645,44.8327743],[3.5851356,44.8371688],[3.5944744,44.8411472],[3.5902705,44.84668],[3.5990079,44.8596951],[3.5942281,44.8766926],[3.6080529,44.8792808],[3.6149278,44.8741509],[3.6285683,44.8804265],[3.6324426,44.8772531],[3.6434592,44.878314],[3.6499613,44.8740036],[3.6536489,44.8761205],[3.6670918,44.8574159],[3.6739062,44.854361],[3.6694632,44.8468018],[3.6719107,44.8431438],[3.6576649,44.836123],[3.663301,44.8298667],[3.6979349,44.8307154],[3.6991728,44.8373059],[3.7097684,44.8371014],[3.7218877,44.830741],[3.7360514,44.8340314],[3.7352699,44.8400741],[3.7429567,44.8388401],[3.7466303,44.8296819],[3.7517907,44.8280593],[3.7500757,44.8228999],[3.7615608,44.8138906],[3.7627314,44.8095676],[3.7586145,44.8064639],[3.7613543,44.801431],[3.7704082,44.8039179],[3.7740359,44.8001357],[3.7719577,44.7969266],[3.7781297,44.7986583],[3.7987121,44.7861031],[3.8029029,44.7817433],[3.8030019,44.7707188],[3.8087672,44.7654693],[3.8178643,44.7721621],[3.8334565,44.7766641],[3.8430763,44.76988],[3.8297822,44.7550748],[3.8363265,44.7509154],[3.8352219,44.7482889],[3.8546017,44.7467138],[3.8756668538156873,44.740181513455234],[3.877682829837089,44.73234391860622],[3.8667218,44.7284156],[3.8612209,44.7199134],[3.8647558,44.7177124],[3.8610959,44.7111761],[3.8722226,44.7076159],[3.8671176,44.7031442],[3.8694309,44.6972684],[3.8844706,44.6967369],[3.8834604,44.6918813],[3.8767827,44.6891676],[3.8694371,44.6783399],[3.8791788,44.6731724],[3.8782479,44.6676557],[3.8836898,44.6650479],[3.8824959,44.6583953],[3.890554,44.6566581],[3.8978934,44.6441968],[3.8934713,44.6410069],[3.8957136,44.6373494],[3.8922909,44.622929],[3.8937968,44.6133594],[3.9046746,44.612722],[3.9080193,44.6082604],[3.903537,44.5972251],[3.905068,44.5926748],[3.9179509,44.5885502],[3.9156686,44.5817987],[3.9233707,44.5720215],[3.9301924,44.5689606],[3.9367403,44.5737491],[3.9455243,44.5736084],[3.9549675,44.5667805],[3.9664909,44.5402868],[3.9635149,44.5385658],[3.9696082,44.5335654],[3.9712532,44.5265323],[3.9790259,44.5227552],[3.9763741,44.5168881],[3.9812164,44.5158118],[3.9887369,44.5038774],[3.9842678,44.4929403],[3.9869198,44.491743],[3.9848536,44.4837779],[3.987733,44.4728761],[3.9969031,44.4660476],[3.9982345,44.4597484],[4.0153168,44.4545848],[4.0147538,44.4509327],[4.0220657,44.4499699],[4.0230801,44.4457352],[4.0341788,44.4436272],[4.0371782,44.44608],[4.04633,44.4318329],[4.0362702,44.4192016],[4.0477761,44.4180555],[4.0700215,44.4039883],[4.0623358,44.3986452],[4.0644616,44.3940505],[4.056223,44.3926247],[4.0470511,44.3974534],[4.0402203,44.3916251],[4.0437402,44.3843589],[4.0523581,44.3793045],[4.0522096,44.3674286],[4.057297623136636,44.363651298350405],[4.0532228,44.3598524],[4.0549216,44.3522239],[4.050665,44.3467805],[4.0545192,44.3377526],[4.0357544,44.3299041],[4.0477262,44.3241851],[4.0466084,44.3218012],[4.0499526,44.3214052],[4.0471172,44.3190535],[4.0522201,44.3170224],[4.0603071,44.3200753],[4.0751564,44.3298026],[4.0930686,44.3304674],[4.0943447,44.3347754],[4.1040803,44.3339581],[4.1160508,44.3268491],[4.1271922,44.3375182],[4.1319137,44.3358483],[4.1347679,44.3284936],[4.1418473,44.3274541],[4.1427736,44.3130932],[4.1630603,44.3121948],[4.1777236,44.317723],[4.186485,44.2997589],[4.2149247,44.2908209],[4.2415223,44.2698781],[4.258796,44.2643356],[4.2775412,44.2750712],[4.2801772,44.2830921],[4.2893452,44.2922275],[4.290065951587133,44.31489725288743],[4.3034412,44.3146316],[4.3163849,44.32036],[4.3302703,44.3319013],[4.3254455,44.3383268],[4.3676315,44.3391604],[4.392413133690062,44.3456246302959],[4.402723087628986,44.33318149162612],[4.3897476,44.3010252],[4.394227629077995,44.29979977112332],[4.3951694,44.2911463],[4.4005695,44.2873839],[4.4206573,44.2870624],[4.4332324,44.2915654],[4.4311427,44.2878226],[4.4344261,44.2832018],[4.4453521,44.2872971],[4.4532723,44.2978283],[4.4484544,44.2966753],[4.4543459,44.3398039],[4.4648514,44.3433384],[4.4660896,44.3403362],[4.4753723,44.3418713],[4.4807519,44.3367404],[4.4975683,44.3380478],[4.5033919,44.3398026],[4.5040535,44.3443155],[4.5073371,44.3370531],[4.5131401,44.3346215],[4.5126179,44.3281073],[4.5226706,44.3305774],[4.5329669,44.3225081],[4.5488357,44.3258924],[4.5446591,44.3205112],[4.5620594,44.3009379],[4.5772563,44.3010906],[4.5868166,44.2944693],[4.605067,44.291357],[4.6160086,44.2786011],[4.6365452,44.2856457],[4.6433157,44.273618],[4.649468511002949,44.270155495680655],[4.648568,44.2637178],[4.65416,44.254291],[4.677655,44.234753],[4.6740517,44.214501],[4.6800975,44.2120871],[4.7057517,44.214644],[4.7098221,44.2085855],[4.7044668,44.2000416],[4.7057031,44.1930741],[4.7223446,44.1874088],[4.7197083,44.1772147],[4.7162232,44.1768155],[4.7198344,44.1457155],[4.7116937,44.1348468],[4.7110403,44.1194282],[4.7061511,44.1097656],[4.7081198,44.1027435],[4.7191848,44.0924298],[4.7208523,44.0812589],[4.7281317,44.0787505],[4.7516658,44.0880119],[4.7600566,44.0873167],[4.7609542,44.0763071],[4.7865502,44.0658915],[4.7880005,44.0527032],[4.814279,44.0344283],[4.8194305,44.0175342],[4.8377659,44.0147728],[4.8437755,44.0082835],[4.8455335,43.9967419],[4.8424593,43.9868284],[4.8119775,43.9870794],[4.8101357,43.9775275],[4.8154232,43.9654108],[4.8126382,43.9618924],[4.7937941,43.9545176],[4.7783571,43.937565],[4.7513485,43.9325137],[4.7396309,43.9245884],[4.853161,43.9113788],[4.8852394,43.9003474],[4.9026572,43.888347],[4.9217974,43.8878197],[4.9666139,43.8712257],[4.9759147,43.8664755],[4.9972214,43.8449328],[5.0300665,43.8271999],[5.0411867,43.8111768],[5.0430243,43.7954864],[5.0478374,43.7899695],[5.1740298,43.7384911],[5.1875434,43.7351153],[5.2294831,43.7476606],[5.2475296,43.7487067],[5.3167421,43.7361362],[5.339024,43.7202048],[5.4237208,43.6867557],[5.5323337,43.6592143],[5.5745839,43.6621935],[5.6070439,43.6586727],[5.6137092,43.6639617],[5.6426187,43.6724723],[5.657104,43.6854135],[5.6725561,43.6934208],[5.7139115,43.6912881],[5.7315398,43.7139358],[5.7465986,43.7193861],[5.7583526,43.7305772],[5.7445535,43.7433651],[5.7163977,43.7556713],[5.7128039,43.7811789],[5.7041437,43.7797027],[5.6858575,43.7870192],[5.6742087,43.8075859],[5.6654322,43.81072],[5.6545749,43.8250442],[5.627853,43.8311761],[5.6013642,43.8261875],[5.5759209,43.8303441],[5.5681094,43.8280276],[5.5642062,43.8199353],[5.5444247,43.8183766],[5.5488778,43.8333892],[5.5487104,43.8512569],[5.5728673,43.8623736],[5.6082879,43.9149109],[5.5959957,43.9171438],[5.5815759,43.9148542],[5.5819765,43.9247085],[5.5675965,43.9371787],[5.5682339,43.9428791],[5.5448845,43.9388998],[5.5264006,43.9475013],[5.5126827,43.9453252],[5.5075813,43.9573412],[5.5180096,43.9926408],[5.5241759,43.996222],[5.5244118,44.0022348],[5.5435837,44.0259489],[5.5454898,44.0497011],[5.5427056,44.0633508],[5.5452043,44.0681871],[5.5026325,44.0635314],[5.49777,44.0777767],[5.5005833,44.1002791],[5.4964231,44.1030862],[5.4996686,44.105419],[5.499062419410024,44.11588943935833],[5.5061718,44.1170653],[5.511440834733105,44.124251190598926],[5.5413155,44.1328714],[5.5508367,44.1498227],[5.5688923,44.1480164],[5.5787826,44.1516167],[5.5841319,44.1575299],[5.564487,44.1711331],[5.576857265254363,44.18792650914992],[5.6092976,44.1907076],[5.6161308,44.1778113],[5.6319651,44.1736781],[5.6395731,44.1676148],[5.6317189,44.1586184],[5.6313189,44.1508935],[5.6786204,44.1462978],[5.6827048,44.1634818],[5.6469374,44.1662961],[5.6432454,44.1707321],[5.6477504,44.1748907],[5.6516051,44.1895774],[5.6749216,44.1887604],[5.6865119,44.194776],[5.6764716,44.212047],[5.683661,44.234881],[5.6731402,44.2406115],[5.6761388,44.2447844],[5.6732075,44.245809],[5.6725405,44.2537585],[5.6869247,44.2660696],[5.6747375,44.2757359],[5.6461444,44.2669947],[5.6472805,44.2723001],[5.6318784,44.2850629],[5.6331213,44.2910964],[5.6425701,44.2940476],[5.6378043,44.299862],[5.6261505,44.3015563],[5.6165809,44.3094341],[5.6083183,44.306054],[5.6108133,44.3160668],[5.6325469,44.3285065],[5.6305061,44.3334782],[5.6240558,44.3354187],[5.6182497,44.332248],[5.6033311,44.3340408],[5.5945232,44.3313096],[5.5679962,44.3321664],[5.5605143,44.3355676],[5.5472892,44.3300055],[5.5378313,44.332659],[5.5398157,44.3426312],[5.5290047,44.3430082],[5.5215732,44.3510599],[5.492026399421778,44.338158414333215],[5.4804975,44.3510305],[5.4688579,44.3513278],[5.465741,44.3648814],[5.4620825,44.3675096],[5.4381052,44.3677273],[5.4326056,44.3707381],[5.4301587,44.3772616],[5.4441255,44.3794726],[5.440625,44.3852404],[5.443018,44.3912349],[5.433153,44.4117336],[5.4230007,44.4157501],[5.418566667613866,44.42483443973034],[5.4387867,44.433689],[5.4767524,44.4195246],[5.485548844512802,44.42850460077124],[5.4937143,44.4283339],[5.4982139,44.4371832],[5.4645425,44.4481387],[5.4643851,44.4570717],[5.4590478,44.4657826],[5.467965,44.4726987],[5.4589748,44.488296],[5.458148669895448,44.49957725888238],[5.4748818,44.4986415],[5.475203,44.4939868],[5.4810774,44.4911592],[5.5154619,44.4918515],[5.5453809,44.4825319],[5.55927,44.4734378],[5.570575,44.4765222],[5.6036058,44.4653841],[5.6114711,44.4693972],[5.625031,44.4845706],[5.6236633,44.4903069],[5.6297946,44.5011896],[5.6417986,44.5022808],[5.6506962,44.4990098],[5.6647713,44.5018415],[5.6273117,44.5346846],[5.6149873,44.5327423],[5.596676,44.5434126],[5.6062925,44.5684665],[5.614952,44.5733527],[5.6175874,44.5841186],[5.6263284,44.5866055],[5.6274961,44.5949563],[5.6365855,44.6046384],[5.6351659,44.6090319],[5.6472303,44.6116012],[5.6494699,44.6193519],[5.6430499,44.6221843],[5.6392675,44.6351345],[5.6417294,44.6511055],[5.6543553,44.6555356],[5.6554809,44.6514896],[5.6684799,44.648362],[5.6802662,44.6521998],[5.7068768,44.6420853],[5.7280817,44.6392209],[5.7386591,44.6406502],[5.7357457,44.6498714],[5.7535604,44.6485981],[5.747414,44.654881],[5.7543367,44.6629616],[5.7638578,44.6555679],[5.7903753,44.6537606],[5.7917932,44.6602954],[5.7986768,44.66585],[5.7984308,44.6740205],[5.8303258,44.6902998],[5.8242044,44.7022338],[5.8006978,44.7073377],[5.8111196,44.7129487],[5.8167732,44.7310332],[5.8285749,44.7414277],[5.8271095,44.7598594],[5.8379101,44.7582186],[5.8515718,44.7498561],[5.8766014,44.7496718],[5.8805527,44.7469393],[5.8873445,44.7479415],[5.8915961,44.7556886],[5.8993672,44.7581432],[5.9110952,44.7581021],[5.918998,44.7520529],[5.9368447,44.7633213],[5.9516123,44.7595702],[5.9525988,44.771195],[5.9803195,44.7813498],[5.9783859,44.7901729],[5.9490431,44.8036846],[5.9607175,44.8121662],[5.9792701,44.8188395],[6.0055445,44.8204169],[6.0166532,44.8355037],[6.0307802,44.8385609],[6.0382463,44.8289786],[6.0564298,44.8160713],[6.0666197,44.8206695],[6.0682146,44.8253433],[6.0908699,44.8341339],[6.0969029,44.840792],[6.1107837,44.8433123],[6.1327277,44.8636494],[6.1570031,44.8620332],[6.1623432,44.8542198],[6.1676281,44.8529318],[6.1893865,44.8540923],[6.1967782,44.8590572],[6.2292366,44.8511241],[6.2469505,44.8519601],[6.2542741,44.8542999],[6.2654592,44.8705076],[6.2815209,44.8712118],[6.2876633,44.8745992],[6.3044537,44.8738683],[6.3100857,44.8658902],[6.3343283,44.8495863],[6.3543146,44.8556663],[6.3487166,44.8779935],[6.3580834,44.8942037],[6.3537876,44.8972948],[6.3590884,44.9066967],[6.3559127,44.9170149],[6.3577082,44.9222717],[6.3525653,44.9253411],[6.3573034,44.9342281],[6.3565651,44.9411982],[6.3389009,44.9472132],[6.3309542,44.946544],[6.3233454,44.9530289],[6.3230489,44.9618053],[6.3299388,44.9692972],[6.3148685,44.9800664],[6.3159399,44.9902691],[6.3236533,44.9985332],[6.31908,45.0038588],[6.2756449,45.0011721],[6.2544718,44.9956788],[6.2019047,45.0139276],[6.2008096,45.0221847],[6.2079078,45.0316953],[6.2107857,45.0451131],[6.2157919,45.0484008],[6.2192714,45.0644752],[6.2407227,45.0679087],[6.245068,45.0714145],[6.2306139,45.0961445],[6.2290221,45.1074029],[6.2396007,45.1123296],[6.2461716,45.1205061],[6.2569816,45.1215385],[6.2610783,45.1266002],[6.2753924,45.1155799],[6.2938746,45.108597],[6.31753,45.1121777],[6.3352834,45.1224578],[6.339928,45.1161191],[6.3477606,45.1149578],[6.3629274,45.1052008],[6.371885,45.091242],[6.3758107,45.0832268],[6.3649601,45.070009],[6.3962639,45.0611164],[6.4045161,45.0650098],[6.4232679,45.0601335],[6.4339714,45.0639208],[6.4526167,45.0516188],[6.487087,45.056404],[6.4859218,45.0641019],[6.4898073,45.0678183],[6.4831689,45.0774436],[6.486118,45.0864306],[6.4806032,45.0898301],[6.4793383,45.0950994],[6.4865465,45.0950946],[6.510395,45.1091816],[6.5301853,45.0987924],[6.5587256,45.1040074],[6.5619637,45.1052725],[6.5637534,45.114076],[6.5767793,45.1232343],[6.5931683,45.1190204],[6.6156763,45.121568],[6.619503745648342,45.11767284166957],[6.667376,45.139623],[6.695924261266617,45.14048129144104],[6.736415,45.157348],[6.7616379927551895,45.15433451574983],[6.7682444,45.159765],[6.8125462,45.1488016],[6.8360477,45.1352253],[6.8472416,45.1355412],[6.847529303292605,45.13128220633926],[6.876665,45.141225],[6.878629,45.147426],[6.86819,45.157451],[6.873461,45.165926],[6.913769,45.170164],[6.928445,45.179569],[6.945808,45.201066],[6.958727,45.2098],[7.029731,45.228197],[7.041201521212427,45.2227489618973],[7.047217,45.2257281],[7.060516348287748,45.217327611579854],[7.0812,45.243079],[7.108382,45.259202],[7.108382,45.274912],[7.097634,45.294962],[7.092569,45.323953],[7.130086,45.357078],[7.150757,45.383226],[7.159645,45.39847],[7.160679,45.410924],[7.096807,45.435419],[7.072002,45.470042],[7.066038019898182,45.47320820565251],[7.0486167,45.472447],[7.046959858888866,45.48333657298371],[6.982808,45.511125],[6.975264,45.525646],[6.969786,45.566987],[6.954903,45.586211],[6.952939,45.594272],[6.969476,45.625847],[6.963378,45.640729],[6.951079,45.646776],[6.940562536577763,45.648651289613426],[6.9307323,45.6457282],[6.9164601,45.6510311],[6.882556,45.675508],[6.843075,45.682742],[6.8161,45.69685],[6.795946,45.718141],[6.784681,45.759585],[6.782717,45.795294],[6.788092,45.811727],[6.800804,45.826455],[6.8182446,45.8359381],[6.8437632,45.8406086],[6.8621218,45.8324848],[6.865685889010463,45.827167553064214],[6.8708149045798415,45.828935635662305],[6.8688419,45.833227],[6.872308417460776,45.83682958718066],[6.8693536,45.8393547],[6.8817492,45.849821],[6.889579564405112,45.84546530992742],[6.905087,45.845368],[6.949008846697022,45.85782087696495],[6.969166,45.869759],[6.982808,45.885779],[6.997175,45.911307],[7.007717,45.920506],[7.022083,45.92526],[7.009784,45.943398],[6.987666,45.993111],[6.915112,46.048612],[6.8950174,46.0481491],[6.8896966,46.0419678],[6.877235390910419,46.048355707880766],[6.869224,46.044064],[6.85093,46.049645],[6.853101,46.076103],[6.851344,46.086025],[6.848553,46.085043],[6.86819,46.10468],[6.869224,46.112329],[6.853927,46.122612],[6.774346,46.134808],[6.765664,46.151603],[6.774863,46.185864],[6.792226,46.221676],[6.827676,46.269477],[6.804938,46.296607],[6.769488,46.322678],[6.750368,46.345518],[6.755742,46.357068],[6.782097,46.378462],[6.789229,46.395205],[6.787058,46.414171],[6.777716,46.424106],[6.762667,46.42926],[6.617972411813958,46.45513220780014],[6.537977915041382,46.4561322256377],[6.509610640463459,46.452243174510706],[6.425632,46.415807],[6.40911856172509,46.41359909199297],[6.397676,46.408176],[6.329589366677888,46.40076104797918],[6.253336285699231,46.360613865011906],[6.219551,46.3118841],[6.2489199,46.3018243],[6.2486217,46.2942757],[6.2529314,46.2905082],[6.2380085,46.2821234],[6.23759,46.2775515],[6.2530138147394165,46.26015597365215],[6.269002,46.265239],[6.27603,46.26312],[6.278690129655483,46.25125699532316],[6.2949018,46.2646027],[6.2950004,46.2560724],[6.3097618,46.2562236],[6.3057019,46.2513667],[6.3093136,46.2501547],[6.3102878,46.2439735],[6.2946859,46.2251526],[6.2495519,46.2049885],[6.2340226,46.2064219],[6.2219466,46.2006645],[6.2122775,46.1927853],[6.2051983,46.1917612],[6.198025,46.1835092],[6.187065,46.1803623],[6.1887838,46.1663858],[6.1853429,46.1639669],[6.1486489,46.1500869],[6.1448818,46.1449496],[6.1419014,46.147224],[6.1364595,46.1415966],[6.119045455937251,46.14261616255735],[6.107875,46.138632],[6.07493203269202,46.148845356508566],[6.050845195137415,46.148547543999875],[6.0475988,46.1422089],[6.0393071,46.139639],[6.0354039,46.1343322],[6.0284621,46.1404369],[6.002097451465652,46.143607912431285],[5.982921,46.140441],[5.9762687,46.1329214],[5.9573812,46.1285501],[5.9558318,46.1323079],[5.961989328957729,46.13559399037643],[5.9642377,46.1446152],[5.981359589943635,46.172186590441235],[5.954809,46.19992],[5.95853,46.211961],[6.042866,46.24307],[6.058160037572122,46.24147906281488],[6.0633275,46.2458001],[6.0709048328664545,46.24232135747466],[6.089685,46.246377],[6.094026,46.253044],[6.093612,46.273094],[6.100743,46.301413],[6.1364,46.359342],[6.135057,46.370401],[6.122861,46.385542],[6.108185,46.396497],[6.058499,46.4173562],[6.0286979,46.3862487],[6.0055778,46.3717804],[5.9834427,46.3636022],[5.9799827,46.3543708],[5.9669003,46.3429614],[5.9414502,46.308713],[5.9261332,46.3138963],[5.9181075,46.3093231],[5.9201401,46.3069546],[5.916448,46.2938912],[5.9091036,46.2840445],[5.8944932,46.2867353],[5.8786988,46.2692376],[5.8693124,46.2648105],[5.8641619,46.2715175],[5.8525299,46.2615794],[5.7677139,46.2681739],[5.7437866,46.2669415],[5.7250342,46.2610569],[5.7198528,46.2644191],[5.7144675,46.2810586],[5.7191858,46.2951661],[5.7141028,46.3091531],[5.6847909,46.310739],[5.6836695,46.3170696],[5.6653836,46.3256543],[5.6463189,46.3241997],[5.6502479,46.3406332],[5.6432351,46.3451066],[5.6337223,46.3312481],[5.6123909,46.3265924],[5.607252,46.3109903],[5.5910457,46.2932778],[5.5655299,46.293788],[5.5583397,46.2826384],[5.542763,46.2705632],[5.5211501,46.2644673],[5.504141,46.2657695],[5.5026891,46.2714572],[5.5008853,46.2682973],[5.4737706,46.2643578],[5.4676785,46.268896],[5.4692336,46.2713922],[5.4564979,46.274559],[5.4588692,46.2907459],[5.4653786,46.2917449],[5.4739935,46.3100835],[5.4750014,46.3156198],[5.4691153,46.3172556],[5.4676439,46.32238],[5.4594169,46.3231551],[5.4562314,46.3175182],[5.4445866,46.3190182],[5.4370748,46.3157139],[5.4233491,46.347921],[5.4168098,46.3459268],[5.4131825,46.3152624],[5.4102336,46.3097603],[5.4045833,46.3106646],[5.4047166,46.3327717],[5.4016908,46.3333465],[5.4018543,46.3390492],[5.3796315,46.3460996],[5.3732456,46.3521988],[5.3772022,46.3639296],[5.3623118,46.3700273],[5.3775706,46.3819774],[5.3638012,46.3891763],[5.3627038,46.3944475],[5.359753,46.3910165],[5.352981,46.3927745],[5.3534615,46.3975906],[5.3415471,46.402053],[5.3339366,46.3971917],[5.3292487,46.4031799],[5.2989684,46.4127129],[5.30254,46.4171373],[5.315009,46.4158428],[5.3074533,46.416956],[5.3065916,46.4219967],[5.3245198,46.4285032],[5.3183265,46.4316431],[5.3149062,46.4451125],[5.308968829175225,46.446371764469625],[5.3061776,46.4455519],[5.2909884770513536,46.4494053969798],[5.2839879,46.4456988],[5.2654119,46.4512959],[5.2563842,46.4500956],[5.2547233,46.4559224],[5.2474962,46.4593243],[5.241493,46.4611297],[5.2369326,46.4572341],[5.2243017,46.46879],[5.2150332,46.4685126],[5.2164785,46.4743888],[5.2098837,46.4789843],[5.2141336,46.4837059],[5.2051175,46.487961],[5.2105299,46.4924567],[5.2045594,46.4944974],[5.1990689,46.5030661],[5.2035542,46.5048246],[5.201940949508668,46.508126813805866],[5.1823843,46.5093402],[5.1671085,46.5188224],[5.1664583,46.5030699],[5.156301,46.5075313],[5.1354757,46.5093261],[5.1369285,46.5022052],[5.1301631,46.502886],[5.113472,46.4923072],[5.1070189,46.491838],[5.0971661,46.4996758],[5.0855684,46.4904344],[5.0761253,46.4887015],[5.0763789,46.4858462],[5.0563326,46.4837697],[5.0405657,46.4914449],[5.0291208,46.4919006],[5.0126772,46.5013495],[5.0102545,46.5110681],[4.9840261,46.5154322],[4.9627754,46.5124871],[4.9704366,46.5059622],[4.9603305,46.5081728],[4.9509664,46.5002164],[4.9440233,46.5050508],[4.9438649,46.510714],[4.9538608,46.5134573],[4.942982,46.5149588],[4.941535833640143,46.51901543086235],[4.941421002639479,46.51881813523048],[4.9422833,46.5126608],[4.9337272,46.5129715],[4.9261258,46.4976907],[4.9147445,46.4868458],[4.9162031,46.4721271],[4.914485638527544,46.465435031486074],[4.914448,46.4623219],[4.913434743235429,46.461340230287576],[4.913159,46.4602658],[4.8918136,46.4403931],[4.8880684,46.4024617],[4.8519646,46.3569711],[4.8530102,46.3287187],[4.8326898,46.2998247],[4.8248066,46.2731886],[4.8117746,46.2608457],[4.809002,46.2388823],[4.7943611,46.2181094],[4.7940881,46.2028798],[4.7799107,46.1888383],[4.7802556,46.176746],[4.7611711,46.1762402],[4.758388,46.1720397],[4.7274185,46.1794776],[4.7295777,46.1826284],[4.7245462,46.1842357],[4.7207595,46.2009282],[4.723183160878345,46.19024423791909],[4.7220605,46.188388],[4.6825787,46.1512974],[4.6485894,46.0184234],[4.6255871,45.9723904],[4.6465298,45.9134221],[4.6908184,45.9728676],[4.7124478,45.9733448],[4.6987149,45.9053001],[4.6969983,45.8687364],[4.674339,45.8567822],[4.6499627,45.8555869],[4.6210918,45.8368654],[4.6038722,45.8387264],[4.5620727,45.8473065],[4.5536184,45.8599202],[4.5314312,45.8736665],[4.4863271,45.8738159],[4.4336697,45.8983716],[4.3756482,45.8931149],[4.2407223,45.8469779],[4.1999127,45.8216887],[4.1044232,45.8665848],[4.1116326,45.8861851],[4.0814202,45.9100781],[4.0621941,45.9110336],[4.0244286,45.9353936],[4.0340417,45.9420787],[4.0127557,45.9640386],[4.012069,45.9692886],[4.0216821,45.9750153],[4.0968701,45.9745378],[4.1071698,45.9838425],[4.1696545,45.9864666],[4.1988369,46.0000623],[4.1930005,46.0203304],[4.162788,46.0401144],[4.1943737,46.0501229],[4.196777,46.0620354],[4.2087933,46.0715636],[4.1995232,46.0918057],[4.2331689,46.1241773],[4.2414086,46.1803063],[4.25405745282344,46.18800174029904],[4.2420973,46.1887113],[4.2367034,46.1815653],[4.2249613,46.1777572],[4.2078257,46.1949586],[4.18351,46.1875872],[4.1869239,46.1744322],[4.1643668,46.1731562],[4.1333084,46.17731],[4.133306,46.1805505],[4.103677,46.1984958],[4.0706333,46.1867042],[4.0592441,46.1885543],[4.0517731,46.1812976],[4.0319952,46.1724373],[4.0311515,46.1691192],[3.993695,46.1729313],[3.9901136,46.1688321],[3.9849221,46.1720986],[3.9841296,46.1772625],[3.9794766,46.178203],[3.9783682,46.1862348],[3.9730887,46.185976],[3.9713388,46.1892343],[3.9727425,46.2026516],[3.9344732,46.2063597],[3.9172924,46.2026318],[3.9132099,46.2070838],[3.8901494,46.214361],[3.8986696,46.2255952],[3.8978178,46.2396078],[3.9050988,46.2379778],[3.9100606,46.2477712],[3.9049621,46.2522126],[3.9092768,46.2571843],[3.9050337,46.2728865],[3.893244,46.2804689],[3.8914504,46.2854738],[3.8993838,46.2890747],[3.8972152,46.2925727],[3.9451062,46.3004958],[3.9493952,46.312934],[3.9457387,46.3213841],[3.9589187,46.318954],[3.9750263,46.321061],[3.9876041,46.3147276],[3.9892747,46.3229174],[4.0044213,46.3277022],[3.9881243,46.3272117],[3.9848599,46.3298903],[3.9917267,46.371697],[3.9843181,46.3789411],[3.9774236,46.3989498],[3.988826,46.4095224],[3.9842438,46.4197545],[3.9957786,46.4258513],[3.9887594,46.4370694],[4.0055547,46.4427282],[3.9976065,46.4513839],[4.0015356,46.4587872],[3.9991709,46.4643765],[3.9782948,46.47453],[3.9753222,46.4795772],[3.9526216,46.4781521],[3.9579537,46.4907187],[3.9544364,46.49192],[3.9316685,46.4912849],[3.9098311,46.4956948],[3.9010665,46.4912529],[3.8935447,46.4812028],[3.8699408,46.4879105],[3.8610184,46.4945341],[3.8643693,46.5119226],[3.8577149,46.5153227],[3.8424707,46.5135205],[3.8402821,46.5189925],[3.8463412,46.5239914],[3.8372538,46.5318522],[3.8035033,46.5195554],[3.7957437,46.5270305],[3.779666,46.5287783],[3.7775346,46.5363761],[3.7732085,46.5385178],[3.754392,46.5361434],[3.7390471,46.5412081],[3.7317537,46.5494103],[3.74313,46.566194],[3.7341582,46.594691],[3.737828,46.6009007],[3.7137551,46.6087081],[3.7134741,46.6131401],[3.7225107,46.6201222],[3.7238478,46.6265593],[3.7089091,46.635248],[3.6955154,46.662025],[3.6708981,46.6725571],[3.6728185,46.6824614],[3.6555344,46.6870431],[3.6514602,46.7003451],[3.654244,46.7068815],[3.6380488,46.7065282],[3.6371901,46.7253916],[3.6223625,46.7400726],[3.6300446,46.751326],[3.6207118,46.7547162],[3.6005651,46.7513347],[3.599941900593886,46.75208989913734],[3.598414,46.7518967],[3.589783980207472,46.76166829986883],[3.589187300312849,46.76150050580859],[3.5838298,46.7534727],[3.5758439,46.7496096],[3.5849992,46.7444515],[3.5844334,46.7398135],[3.5978135,46.7278425],[3.5975179,46.7239377],[3.5771928,46.7149675],[3.5766736,46.7236847],[3.5714518,46.7208258],[3.5735136,46.7165042],[3.5686726,46.7155109],[3.5477243,46.7226343],[3.5504462,46.7156355],[3.548078,46.7062867],[3.561096,46.6888952],[3.546848,46.6782044],[3.5396637,46.6799275],[3.5369212,46.6866432],[3.5303837,46.6891949],[3.5141287,46.6835523],[3.5168771,46.6816002],[3.5107927,46.6800041],[3.5133208,46.6774097],[3.4930176,46.6623281],[3.4862353,46.6608695],[3.4862197,46.652589],[3.486194893315289,46.652580542537116],[3.4861948,46.6525614],[3.4861338665445865,46.652559736385314],[3.4816285,46.6510237],[3.4787022900869284,46.65235683832705],[3.4571568,46.6517686],[3.4518457,46.6585028],[3.4420306,46.6620566],[3.4471766,46.6636853],[3.4483865,46.6684435],[3.4454682,46.670809],[3.4547313,46.6753997],[3.4517588,46.6792989],[3.4552545,46.6823287],[3.4531571,46.6897231],[3.4331509,46.6934008],[3.428546,46.7008543],[3.4344005,46.712339],[3.4205241,46.7139584],[3.417212,46.7104826],[3.3893653,46.7149179],[3.3786017,46.7127128],[3.3761805,46.7012931],[3.3656332,46.6896987],[3.3467924,46.6846086],[3.313514,46.688981],[3.3027433,46.7036262],[3.3007322,46.7162107],[3.2861894,46.7138249],[3.2692982,46.7166496],[3.2595525,46.707771],[3.2283151,46.696227],[3.2277539,46.6900912],[3.2221836,46.685154],[3.222075425324186,46.685118585239636],[3.2220027,46.6850549],[3.221621761889883,46.684970062660845],[3.2042964,46.679298],[3.201218721532475,46.68042617584952],[3.1990523,46.6799437],[3.1647353,46.6937998],[3.1296702,46.7270932],[3.0875419,46.7359697],[3.063371,46.7475669],[3.0470212,46.7592561],[3.0371136,46.7731337],[3.0358951,46.7880241],[3.0320304,46.7946594],[3.0292518995038185,46.79438756398653],[3.028518,46.7933362],[3.027160396989051,46.79418294077104],[3.0249941,46.793971],[3.0181015,46.799833],[2.9920394,46.7969057],[2.9795078,46.8035678],[2.9596776,46.8041547],[2.9525345,46.7911236],[2.9375627,46.7957296],[2.9180047285127766,46.791969841782496],[2.9081691,46.787783],[2.9111465,46.7798391],[2.9106984003968135,46.77969419467219],[2.9107413,46.779557],[2.876339707870435,46.768537331511865],[2.8769254,46.7612535],[2.8443325,46.7424161],[2.8466272,46.7271206],[2.8453996491092672,46.727210412637454],[2.8454334,46.7267295],[2.8348851,46.7279797],[2.8274054,46.7354185],[2.7930378,46.7345872],[2.7852237,46.7272027],[2.7856599,46.7224905],[2.7733389,46.7180276],[2.770387,46.7231455],[2.7588676,46.7174316],[2.7547658,46.719342],[2.7562687,46.724823],[2.7440196,46.7288862],[2.7363388,46.7379825],[2.7400056,46.7416409],[2.7286387,46.7490565],[2.7237811,46.7439104],[2.7184082,46.741932],[2.7150857,46.7451867],[2.7049159,46.7393591],[2.7055671,46.7329098],[2.7009991,46.7284533],[2.7066055,46.7255086],[2.7021551,46.7182192],[2.696148,46.7233677],[2.6915407,46.7197936],[2.685776515414002,46.72118616889448],[2.686208,46.7144782],[2.6717348,46.7085784],[2.6777147,46.7047089],[2.6740567,46.7019548],[2.6563800525461843,46.69727691949888],[2.655363462869304,46.69692278781367],[2.6513902935463265,46.693192752280154],[2.6454864,46.6873498],[2.6453061361949586,46.68748090834215],[2.6450099,46.6872028],[2.6395015,46.6917027],[2.6231424,46.6896195],[2.6197723,46.6797498],[2.6246347,46.6730859],[2.6335334,46.6753664],[2.6280079,46.6589447],[2.6233407,46.6567734],[2.6172133,46.6610499],[2.6071369,46.6606308],[2.6061407,46.6714852],[2.5974537,46.6647859],[2.5943314,46.666889],[2.572971663657894,46.659908064021245],[2.5695499519846288,46.65637124128204],[2.568212055073711,46.652971264728606],[2.5916936,46.6473932],[2.5917745219165234,46.647263894982956],[2.592229,46.647174],[2.59346556192981,46.64456178451476],[2.5952912,46.6416446],[2.595163066770537,46.64097583517868],[2.5965959,46.637949],[2.5935870765937774,46.632750281250374],[2.5934138,46.6318459],[2.592870315597253,46.631511844051325],[2.5921473,46.6302626],[2.5842394,46.6262068],[2.5881768,46.6153451],[2.5684846,46.6091358],[2.5777224,46.6077632],[2.5815304,46.5932119],[2.5919498,46.5936728],[2.5939835,46.5973204],[2.6042321,46.5955215],[2.6040267884566024,46.59547959920584],[2.6043034,46.5954289],[2.5965366491230317,46.59375142214757],[2.6031942,46.5874899],[2.6016386,46.5816642],[2.6091155,46.5712526],[2.603100853183123,46.564650993103044],[2.6043721711867542,46.564201024836656],[2.6094202,46.5629981],[2.6093982133212954,46.56242211550033],[2.6106513,46.5619786],[2.6091887,46.5569335],[2.6143402,46.5563034],[2.6143794326314556,46.55600720439271],[2.6145627,46.5559745],[2.6144086719445347,46.55578645559832],[2.6147595,46.5531378],[2.6112460111836557,46.55192533660494],[2.6099717,46.5503696],[2.588660405342672,46.54413131141548],[2.582673675348047,46.54206536176998],[2.5728032,46.5343435],[2.545806,46.5262884],[2.5365548,46.5197989],[2.5293572,46.5231374],[2.5309433,46.5296092],[2.5202525,46.5310112],[2.5123359,46.5280769],[2.5124588,46.523761],[2.497171,46.5214227],[2.4967682,46.5334768],[2.4827301,46.5326864],[2.449968,46.520579],[2.4292271,46.5263822],[2.4208339,46.5253988],[2.4171364,46.5206476],[2.3652006,46.5180583],[2.3339027,46.5009429],[2.3287539,46.4920375],[2.3238068,46.4899679],[2.3313914,46.4793792],[2.3279579,46.4738067],[2.325406292970587,46.47257694464492],[2.3229083,46.4697379],[2.3170695,46.468559],[2.3053759,46.4755029],[2.298243277992488,46.46707911448077],[2.296898,46.4636076],[2.2833311,46.4494675],[2.2847629,46.4404312],[2.2768415,46.4249143],[2.2817819,46.4211992],[2.278879,46.4140616],[2.2820591,46.410884],[2.2777337,46.4098804],[2.2839553,46.3996299],[2.2847506,46.3862261],[2.2874909,46.3824215],[2.2985415,46.3839492],[2.3152154,46.3751165],[2.331322,46.3788444],[2.337769,46.3643287],[2.3232873,46.3674985],[2.3179906,46.3591072],[2.3109881,46.3598829],[2.311402,46.3552898],[2.3028814,46.3545619],[2.304743,46.3505169],[2.3113233,46.3520751],[2.307182,46.3477492],[2.3084305,46.344661],[2.3012223,46.3423718],[2.3114734,46.3419563],[2.3121919,46.3351716],[2.3183502,46.3345958],[2.3214952,46.3290397],[2.3308402,46.3289033],[2.330654,46.3255885],[2.3357737,46.3233904],[2.3548731,46.3258285],[2.3619239,46.319295],[2.3646547,46.3105516],[2.3766406,46.3167961],[2.3742798,46.3191838],[2.3790858,46.3275733],[2.3859492,46.3320074],[2.3915119,46.3302043],[2.4074695,46.3148185],[2.4200648,46.3097942],[2.4208614,46.3012356],[2.414156,46.2972608],[2.4214956,46.2843661],[2.4273522,46.2833939],[2.432617,46.2955191],[2.4699533,46.2881673],[2.4744912,46.2816827],[2.4806513,46.2809522],[2.4770718,46.2697713],[2.4897357,46.2476888],[2.5025415,46.2470961],[2.5102437,46.2391215],[2.5160377,46.2389471],[2.5139556,46.2250744],[2.5240383,46.2119272],[2.5190611,46.2087134],[2.5260198,46.2078636],[2.521541,46.2033407],[2.5280581,46.1955184],[2.5258285,46.1876949],[2.5416482,46.1761394],[2.5522818,46.1775025],[2.5539741,46.1742354],[2.5587353,46.1746726],[2.5607457,46.1544289],[2.5657897,46.1548812],[2.5629045,46.149633],[2.5668309,46.1437128],[2.5630491,46.1428991],[2.5641261,46.1386386],[2.5589342,46.1383084],[2.5617538,46.1323302],[2.5562548,46.1334513],[2.5575768,46.1291156],[2.553963,46.1270304],[2.5585878,46.1251329],[2.5473385,46.112907],[2.5521753,46.1025173],[2.5504794,46.0857334],[2.5571964,46.0690361],[2.5644787,46.0647232],[2.5705646,46.0474655],[2.6027226,46.0333013],[2.5998223,46.0302696],[2.6024342,46.0190621],[2.5975082,46.0153867],[2.6006035,46.011338],[2.5946589,46.0045414],[2.5934578,45.990711],[2.6008519,45.9852856],[2.6005969,45.9819804],[2.6069255,45.9798541],[2.6114464,45.9718845],[2.609092,45.9667152],[2.5632201,45.9561356],[2.5697267,45.9473623],[2.5512813,45.9412651],[2.5525058,45.9346941],[2.5440193,45.9319163],[2.5421847,45.9184281],[2.5534291,45.9139938],[2.5492676,45.9074996],[2.5431388,45.9067463],[2.541358,45.9011608],[2.5261469,45.898972],[2.5243491,45.8943653],[2.5144851,45.8903311],[2.513562,45.8852878],[2.501988,45.888628],[2.5035358,45.8781705],[2.4913237,45.8672288],[2.4925019,45.8638247],[2.4795182,45.864449],[2.4787867,45.8703858],[2.470196,45.8725359],[2.4653898,45.8714103],[2.4649459,45.8674346],[2.4432413,45.866365],[2.4424862,45.8569163],[2.449454,45.8536412],[2.4476522,45.8457315],[2.4360851,45.8473416],[2.4308896,45.8341682],[2.4158878,45.8339628],[2.4027169,45.8385947],[2.3881116,45.8273693],[2.4063054,45.8131959],[2.406619,45.8097898],[2.4137999,45.8074606],[2.4122842,45.8022732],[2.4273163,45.7946629],[2.4257173,45.7903747],[2.432431,45.7865714],[2.4345907,45.768133],[2.4446358,45.7585601],[2.4504614,45.7574024],[2.454152,45.7615091],[2.4595573,45.7574604],[2.466377,45.7576827],[2.4738168,45.7456717],[2.4847091,45.7484878],[2.4947114,45.7341352],[2.5090982,45.7242367],[2.5153067,45.7128476],[2.5235538,45.7109998],[2.518958,45.7060119],[2.5191434,45.6977414],[2.5269642,45.6950097],[2.5234419,45.686796],[2.5286591,45.6821829],[2.5210621,45.6770495],[2.517227,45.6781602],[2.5126289,45.6694989],[2.5144805,45.6642316],[2.5199645,45.6626996],[2.5192494,45.6590046],[2.5286247,45.6588299],[2.5176595,45.645685],[2.5207013,45.6416459],[2.5030107,45.6385859],[2.4959741,45.6409994],[2.4927874,45.6376004],[2.4895376,45.6424069],[2.4841796,45.6401196],[2.4786042,45.6209012],[2.480335,45.611387],[2.4610951,45.5962525],[2.475618,45.5821722],[2.471448,45.5791653],[2.4817615,45.5738106],[2.4815003,45.5709565],[2.4916809,45.5679907],[2.4910902,45.5604457],[2.5003959,45.5537257],[2.5172465,45.5523077],[2.515185,45.5489348],[2.5191716,45.5439929],[2.5144874,45.5403071],[2.5196077,45.5303216],[2.5111566,45.5244807],[2.5204553,45.5217055],[2.5079411,45.5045564],[2.5137345,45.4895078],[2.5072757,45.4829882],[2.5097525,45.47286],[2.5056069,45.4685519],[2.5076488,45.4650223],[2.4996121,45.4606636],[2.4989055,45.4560126],[2.502641,45.44841],[2.4974488,45.4468959],[2.4879431,45.4189568],[2.5177501,45.4018587],[2.5223859,45.4026755],[2.5212054,45.3967726],[2.528507,45.3922655],[2.5228641,45.3820597],[2.5176149,45.3851137],[2.5060046,45.3783068],[2.5009386,45.381692],[2.485788,45.3790451],[2.4807407,45.3763647],[2.4827805,45.3729547],[2.4804179,45.3696203],[2.4761574,45.3702246],[2.474823,45.374799],[2.4699828,45.3740653],[2.4735039,45.3812986],[2.4596934,45.3855937],[2.4430906,45.3837813],[2.4229872,45.3971282],[2.3978534,45.4004055],[2.3956723,45.4070723],[2.3876396,45.4118148],[2.3692737,45.4161434],[2.3502064,45.4128108],[2.3559516,45.4004204],[2.3642807,45.3969328],[2.365148,45.3905137],[2.3695202,45.3869399],[2.3631402,45.3793571],[2.3674128,45.3676012],[2.3648527,45.3552085],[2.3584195,45.3548556],[2.350188,45.3460425],[2.3596392,45.3361912],[2.3514679,45.3274507],[2.3182803,45.3230189],[2.2898955,45.2877451],[2.2693512,45.2903153],[2.261417,45.2828017],[2.2590095,45.2707878],[2.2429954,45.2660528],[2.2381262,45.2597088],[2.2403609,45.2476708],[2.225505,45.2450365],[2.2213658,45.2378855],[2.202539,45.2274818],[2.2023495,45.2225937],[2.1886583,45.2219181],[2.1970801,45.2162513],[2.1894532,45.2044067],[2.1915354,45.2007857],[2.1999644,45.1987482],[2.2013057,45.1807404],[2.2140786,45.1764502],[2.2156233,45.1729227],[2.2193847,45.1743448],[2.2220659,45.170393],[2.2317069,45.1721515],[2.2325943,45.1646332],[2.2214864,45.159677],[2.2082313,45.1607075],[2.2122097,45.150553],[2.2019615,45.1385511],[2.1939899,45.1346868],[2.1787683,45.1364128],[2.1822729,45.1319756],[2.1789545,45.1266802],[2.1906083,45.1154964],[2.1881048,45.1124695],[2.18038,45.1125339],[2.1821385,45.1089951],[2.1789894,45.1074928],[2.1819564,45.1059447],[2.1766222,45.1024013],[2.1804881,45.095068],[2.1741549,45.0878067],[2.175515,45.0811064],[2.1668918,45.0808782],[2.1643826,45.0851582],[2.1566369,45.0866351],[2.148129,45.0829338],[2.141111,45.0869889],[2.13872,45.0818713],[2.131629,45.0814884],[2.1205391,45.07293],[2.1201934,45.0692871],[2.1144357,45.0713602],[2.1048868,45.0668792],[2.097476,45.0593277],[2.1011181,45.0561356],[2.0953932,45.0560537],[2.1001529,45.0465545],[2.111022,45.0398068],[2.1092018,45.0362991],[2.1165339,45.0213948],[2.12282,45.0197809],[2.1276253,45.0121493],[2.1408382,45.0067675],[2.1392048,45.002947],[2.1424106,45.0007421],[2.1370945,44.9955069],[2.1390192,44.9931823],[2.1308451,44.9842122],[2.113819,44.9854529],[2.1021375,44.9802637],[2.0931108,44.985961],[2.0747227,44.9777871],[2.062936,44.9765947]],[[4.672071437549176,44.32264434203],[4.682887353079446,44.32067502102002],[4.6786497,44.3206908],[4.672071437549176,44.32264434203]],[[4.7123638,44.3238174],[4.713608945106673,44.32451982625844],[4.7130795,44.3205626],[4.7123638,44.3238174]],[[4.716580427522103,44.3261961347175],[4.7177558,44.3268592],[4.719336343322525,44.32681237279199],[4.716580427522103,44.3261961347175]],[[5.1506804,44.3095781],[5.167244813528945,44.31471018944967],[5.167627349706894,44.31434175480643],[5.1506804,44.3095781]],[[5.171728938259075,44.31039136422366],[5.1738665,44.3083326],[5.173648465268614,44.308004962989685],[5.171728938259075,44.31039136422366]]],[[[4.371281124981299,46.20350909724972],[4.3993371,46.2059734],[4.4796746,46.2368531],[4.5119469,46.216902],[4.5675652,46.2325784],[4.5984643,46.2344783],[4.6444695,46.2601201],[4.666666472871032,46.2961494454753],[4.6640008,46.2952175],[4.6527296,46.3042608],[4.6352378,46.3001899],[4.6360579,46.2902101],[4.6162866,46.2822695],[4.6221055,46.2708452],[4.6183116,46.2648746],[4.5830065,46.2696494],[4.5727793,46.2759886],[4.5697783,46.2933739],[4.5602232,46.2952366],[4.5531387,46.2906634],[4.5533698,46.2856795],[4.5477588,46.2851249],[4.5463346,46.2741419],[4.5374274,46.2699862],[4.5039698,46.2671388],[4.4885581,46.2879594],[4.4759688,46.2842271],[4.458611,46.2971058],[4.4399027,46.2930513],[4.4382004,46.2979341],[4.4271177,46.3028253],[4.4225831,46.2948624],[4.4060802,46.2962035],[4.4041636,46.287794],[4.3972743,46.2830795],[4.397048,46.266816],[4.3893633,46.2582765],[4.3924723,46.2512307],[4.3842232,46.2464479],[4.3923092,46.2358293],[4.387276,46.2330988],[4.3856204,46.22601],[4.388915,46.213248],[4.375127,46.211206],[4.3738371,46.2045842],[4.371281124981299,46.20350909724972]]],[[[4.733173299576916,46.206762203964715],[4.7345018,46.2064602],[4.73545140497683,46.210528885167],[4.733173299576916,46.206762203964715]]]]}},{"type":"Feature","id":"alsace","properties":{"name":"Alsace","slug":"alsace","parent_iso_a3":"FRA","source_name":"OpenStreetMap via Nominatim","source_url":"https://nominatim.openstreetmap.org/","source_license":"ODbL 1.0","source_queries":"Alsace, France => Grand Est, France métropolitaine, France"},"geometry":{"type":"MultiPolygon","coordinates":[[[[3.821815,49.4029226],[3.8374808,49.3964282],[3.8395623,49.391103],[3.8610739,49.3859946],[3.8563455,49.381108],[3.9103853,49.3948287],[3.8957543,49.3929519],[3.8932062,49.3990471],[3.8806917,49.4053665],[3.8695148,49.4066756],[3.8554506,49.401087],[3.8459732,49.4031796],[3.8463697,49.4005772],[3.821815,49.4029226]]],[[[3.8329037,49.3502539],[3.8528152,49.3449751],[3.852822252656926,49.344985974621956],[3.8329037,49.3502539]]],[[[3.8527115,49.3661742],[3.8561529,49.3642334],[3.8533580831751935,49.36673998233346],[3.8527115,49.3661742]]],[[[3.8563455,49.381108],[3.8594977591859867,49.372735435961445],[3.8598647,49.3730541],[3.8563455,49.381108]]],[[[3.8941074,47.9291928],[3.902655108203696,47.92568791307647],[3.902691304095627,47.92570635601042],[3.8941074,47.9291928]]],[[[3.9848128873498547,47.930873006420654],[3.9858163,47.9306384],[3.9869178703345596,47.93134037733464],[3.9848128873498547,47.930873006420654]]],[[[3.992673508047428,47.93500816603055],[4.0050558,47.9428988],[3.993451,47.9367323],[3.992673508047428,47.93500816603055]]],[[[4.8064561,50.1526527],[4.815679329980159,50.16091195709376],[4.815581024796074,50.1612337244249],[4.8064561,50.1526527]]],[[[4.8890778,48.8177729],[4.8970086,48.8089472],[4.8907497,48.8055579],[4.892892,48.8037618],[4.8890982,48.7982561],[4.9210927,48.7926804],[4.9208194,48.7898766],[4.9250035,48.792604],[4.9356685,48.7904644],[4.9325442,48.7892011],[4.9365222,48.7900469],[4.9379571,48.7851453],[4.9337569,48.7832643],[4.9429867,48.7787027],[4.9499159,48.7686927],[4.9785984,48.7523766],[4.9805681,48.7447011],[5.0091609,48.7413535],[5.0056795,48.7349207],[5.0095237,48.7292436],[5.0045065,48.7196005],[5.0111833,48.7180482],[5.0161678,48.7098638],[5.0125659,48.7065648],[4.9970068,48.7094811],[5.0064607,48.69884],[4.9950931,48.6913921],[4.9898887,48.6928138],[4.9912898,48.6868451],[4.9883042,48.6843368],[5.006732,48.6800967],[5.0074507,48.6694645],[5.0105985,48.6681115],[4.9928665,48.6581833],[4.9945951,48.646325],[5.00538,48.6353417],[4.9945063,48.6216317],[5.0007006,48.6137931],[5.0139496,48.6101534],[5.0328948,48.6133942],[5.0535204,48.6339927],[5.057897,48.6304458],[5.0594291,48.6136318],[5.0639211,48.6110649],[5.0707117,48.5958271],[5.0952174,48.5928969],[5.1194615,48.5957782],[5.121656,48.5925522],[5.1178561,48.5847699],[5.1274019,48.5810249],[5.125103,48.5794551],[5.1285247,48.5746929],[5.1458823,48.5604591],[5.1678315,48.5649493],[5.1737357,48.5558396],[5.1967927,48.5466771],[5.1946391,48.5376062],[5.2086302,48.5386964],[5.2064869,48.5361476],[5.212209,48.5322747],[5.2118776,48.5286224],[5.2218381,48.5265657],[5.2267837,48.5320724],[5.2382066,48.5258196],[5.2639863,48.5198752],[5.270974,48.5140638],[5.2862115,48.5157714],[5.2961273,48.508523],[5.3055851,48.5160491],[5.3167115,48.5082163],[5.3287024,48.5095168],[5.3287837,48.5028095],[5.3415655,48.4940979],[5.3479467,48.4830336],[5.3577999,48.4775824],[5.3810912,48.4712108],[5.3980897,48.4739261],[5.4064634,48.4650793],[5.4033816,48.454282],[5.4094646,48.4447484],[5.4327767,48.4320342],[5.4386799,48.4353437],[5.4506247,48.4229055],[5.4647124,48.4256594],[5.4700078,48.4211448],[5.4594963,48.416304],[5.4465316,48.4154408],[5.4197717,48.3951373],[5.3936095,48.3917667],[5.4074439,48.38279],[5.4427988,48.379352],[5.4184927,48.3610732],[5.4174778,48.3572111],[5.4226001,48.3515905],[5.4169704,48.3429099],[5.4257978,48.3311438],[5.4452911,48.3374836],[5.4618,48.3521844],[5.4689173,48.3489896],[5.4805946,48.3567329],[5.5230549,48.348853],[5.5267681,48.3468303],[5.522477,48.3408224],[5.5255698,48.3377984],[5.5242362,48.3342489],[5.5373218,48.3185388],[5.5871103,48.279377],[5.5886728,48.2737492],[5.5987809,48.2839535],[5.613639,48.2910472],[5.6539767,48.26846],[5.6516377,48.2574781],[5.6416197,48.2418277],[5.6766244,48.2290682],[5.6879552,48.2342988],[5.7183891,48.2145395],[5.7297481,48.198377],[5.7306208,48.1898223],[5.7023118,48.190657],[5.6870198,48.1803111],[5.6798305,48.1792406],[5.6863323,48.165045],[5.6845701,48.1537648],[5.6807972,48.150765],[5.68535,48.1506294],[5.6849471,48.1446086],[5.6766018,48.144833],[5.6757354,48.1358367],[5.6674282,48.1335586],[5.6563298,48.1206503],[5.6618562,48.1151137],[5.6687324,48.1152749],[5.6714305,48.1083823],[5.6471912,48.1040017],[5.6374993,48.0975799],[5.639229,48.0887819],[5.6337869,48.0904022],[5.6290167,48.0844265],[5.6439807,48.0795704],[5.646581,48.0729118],[5.6569122,48.0689854],[5.6614119,48.0719837],[5.6527763,48.0801585],[5.6532861,48.0841992],[5.6577987,48.0861434],[5.6733667,48.0787325],[5.6752861,48.082062],[5.6892021,48.0753742],[5.6965935,48.077717],[5.6987366,48.066709],[5.715944,48.0616232],[5.721035,48.0525643],[5.7203954,48.0444566],[5.7403546,48.0502388],[5.7641101,48.0346361],[5.764668,48.0298651],[5.776595,48.0334365],[5.7764339,48.022222],[5.7857129,48.0123623],[5.787324,48.0016189],[5.7946357,47.9978917],[5.7933284,47.9871196],[5.7784512,47.9780692],[5.7866782,47.9643984],[5.7832746,47.9619493],[5.7871504,47.9524264],[5.8032718,47.9500793],[5.8051522,47.9470488],[5.8094804,47.9487409],[5.8111122,47.9554224],[5.8297379,47.9571872],[5.8363162,47.9612549],[5.8460718,47.9762231],[5.8463236,47.9699581],[5.8539922,47.9688528],[5.854467,47.9657419],[5.8487462,47.9641671],[5.8544759,47.9553581],[5.8526817,47.9505667],[5.8569138,47.9451156],[5.8687415,47.9451152],[5.8705157,47.9394126],[5.881488,47.9328603],[5.8845372,47.9294564],[5.884311781472151,47.92550613235057],[5.896929,47.9309319],[5.8927878,47.9376366],[5.8994829,47.9444234],[5.9184489,47.9475707],[5.9206992,47.9565996],[5.9171935,47.966251],[5.9325285,47.977399],[5.9469011,47.9798256],[5.9496301,47.9732562],[5.9603515,47.9678192],[5.9379869,47.9517041],[5.9289323,47.9378666],[5.9493671,47.9354537],[5.9689081,47.9476567],[5.9704617,47.9573482],[6.002241,47.9561981],[6.008058,47.9597275],[6.0063545,47.9639225],[6.0098926,47.9697465],[6.0123301,47.9722334],[6.0192426,47.969713],[6.0178003,47.9726324],[6.0253562,47.9807504],[6.0182791,47.9840489],[6.0189181,47.9876127],[6.0254867,47.987094],[6.0257531,47.9918432],[6.0334209,47.9905219],[6.0339281,47.9990638],[6.0431185,48.0042137],[6.0760318,48.014207],[6.1093968,48.0126907],[6.1174401,48.0203399],[6.1311667,48.0241451],[6.1333055,48.0213178],[6.1309815,48.0200346],[6.1470529,48.0154828],[6.1572208,48.0053901],[6.1523385,47.9941667],[6.1600422,47.9921442],[6.1584219,47.9829071],[6.1655628,47.9773225],[6.1645469,47.9730582],[6.1503351,47.9702518],[6.1498011,47.9656193],[6.1554455,47.9644885],[6.1569226,47.9683297],[6.1608499,47.9645135],[6.1608087,47.9584249],[6.1682791,47.9521535],[6.1821524,47.9571898],[6.1966886,47.9524357],[6.1969731,47.9474098],[6.2083113,47.9468996],[6.2051201,47.9320982],[6.2144757,47.9303488],[6.2195804,47.9357993],[6.238268,47.9328381],[6.2394133,47.9377871],[6.2504329,47.939091],[6.2800637,47.9547822],[6.296463,47.9556831],[6.3069027,47.9501332],[6.3243327,47.9485952],[6.3305382,47.9542469],[6.3597217,47.9576605],[6.3657294,47.9632057],[6.3793273,47.9584924],[6.3913203,47.9604665],[6.3924939,47.9561628],[6.4051578,47.9529937],[6.4082555,47.9431173],[6.4352414,47.9430413],[6.4361726,47.9365227],[6.4455364,47.928844],[6.4477943,47.922048],[6.4625259,47.9172671],[6.4633563,47.9139684],[6.456477,47.9067031],[6.4639144,47.8981733],[6.4782213,47.8931136],[6.4743086,47.8908656],[6.4781335,47.8852954],[6.5033523,47.8963329],[6.5430874,47.9026188],[6.5439636,47.9087796],[6.5518836,47.9116413],[6.5610499,47.928934],[6.5674802,47.9340669],[6.5920877,47.9428858],[6.607058,47.9441099],[6.6171551,47.9321318],[6.6280239,47.9300644],[6.6326307,47.9219687],[6.6404914,47.9189329],[6.6392915,47.9103188],[6.6440009,47.9047676],[6.7033455,47.8818385],[6.7140648,47.8737029],[6.7372835,47.8651094],[6.7379854,47.8610696],[6.759579,47.8588923],[6.7649463,47.8535292],[6.7847167,47.8508782],[6.7926143,47.8424426],[6.788602,47.8346803],[6.8096578,47.8197827],[6.8229341,47.8136866],[6.8340517,47.8180011],[6.8390084,47.8245626],[6.8446944,47.823942],[6.8413178,47.8193624],[6.8427754,47.8122112],[6.8475024,47.8108221],[6.8504876,47.8069031],[6.8492083,47.801128],[6.8624065,47.7920477],[6.8625897,47.7857621],[6.8672535,47.7831595],[6.8978349,47.7770233],[6.9112634,47.7782782],[6.9253898,47.7695455],[6.9406155,47.7715351],[6.9436712,47.7666472],[6.9722459,47.7514516],[7.0126104,47.7410945],[7.0157184,47.743672],[7.0216172,47.7334233],[7.0378086,47.7216684],[7.026314,47.7008235],[7.0338407,47.6997667],[7.0331383,47.6951107],[7.0377779,47.6942518],[7.0385388,47.6869268],[7.0484117,47.6821477],[7.0375697,47.6761198],[7.0461274,47.6715348],[7.0340545,47.6612666],[7.0393632,47.6503055],[7.0187699,47.6508144],[7.0164917,47.6454685],[7.0191234,47.6413686],[7.012298,47.6393511],[7.0160348,47.63591],[7.011827,47.6334205],[7.0165747,47.6267317],[7.0109553,47.6304261],[7.0062588,47.6290483],[7.0082086,47.62095],[7.004869,47.6188959],[7.0075606,47.6063309],[7.0107442,47.6049452],[7.0055032,47.601852],[7.0196145,47.5958965],[7.0212983,47.5933708],[7.0158146,47.591772],[7.0198846,47.5886007],[7.0343514,47.5941409],[7.0397904,47.60115],[7.0557601,47.5983014],[7.0660459,47.6014653],[7.0713793,47.6003315],[7.0702238,47.5964234],[7.0748795,47.5990442],[7.0809564,47.596253],[7.0861972,47.5928949],[7.0851707,47.5860512],[7.0941212,47.5735241],[7.1055545,47.5691927],[7.1084234,47.5618876],[7.1058742,47.5515915],[7.1331678,47.5397791],[7.1383693,47.5278315],[7.1432754,47.5246799],[7.1353827,47.5059813],[7.1302524,47.5029764],[7.1504007,47.4973058],[7.1622737,47.4900176],[7.2013176,47.4941314],[7.2029571,47.4913867],[7.1909086,47.4885553],[7.1775007,47.4680487],[7.1782927,47.4585288],[7.1702182,47.4429793],[7.1998628,47.4351526],[7.2308748,47.4393953],[7.2388481,47.4332815],[7.239033,47.4285291],[7.2457612,47.4265239],[7.2465183,47.4203421],[7.2713144,47.427679],[7.2818303,47.4347794],[7.2926861,47.4333519],[7.302508,47.4386192],[7.3234165,47.4386576],[7.3302124,47.4417583],[7.3547429,47.4339721],[7.383387337917661,47.43196868539251],[7.403115421049011,47.43735860691979],[7.426089,47.455761],[7.429293,47.465114],[7.427639,47.470747],[7.41441,47.484028],[7.414307,47.490177],[7.429159920213899,47.49175179929914],[7.4331417,47.4971791],[7.4623896,47.4890576],[7.468759544549989,47.482722059605166],[7.485827,47.495784],[7.475595,47.511726],[7.476939,47.514879],[7.498954530963897,47.51682063453452],[7.4978691,47.5212492],[7.501123,47.517307],[7.505464,47.523018],[7.5009895577796275,47.53335575759386],[7.482726,47.542267],[7.526341,47.566452],[7.586028,47.584619],[7.59244336516644,47.59834806128643],[7.5908634,47.6051396],[7.5738586,47.6168365],[7.5628218483714695,47.635271337984],[7.5363968,47.650233],[7.5227614,47.661985],[7.5117461,47.6977751],[7.515386,47.713316],[7.537813,47.731816],[7.53833,47.748146],[7.525928,47.783157],[7.528615,47.797032],[7.542878,47.829433],[7.562564667206718,47.84214760032662],[7.5629901,47.853339],[7.5558327,47.8674965],[7.5565784,47.8780364],[7.578948,47.906328],[7.579568,47.92705],[7.584942,47.940408],[7.611607,47.959399],[7.621116,47.97144],[7.6184552,47.9859685],[7.6100998,47.9988929],[7.5692678,48.0335785],[7.5739341,48.0545182],[7.5697196,48.0840899],[7.578536540661261,48.113206923270404],[7.5780937,48.1217626],[7.600152310903769,48.14537847475298],[7.600364,48.1572207],[7.606130011480083,48.16243257714859],[7.613364,48.179205],[7.671422316541582,48.2335394407715],[7.6881795,48.2772718],[7.6928412,48.3007058],[7.702454,48.311187],[7.736974,48.326664],[7.745047997579101,48.33529952396391],[7.7316729,48.3771418],[7.7321729,48.3936866],[7.75072,48.444408],[7.7651527772388205,48.46226326123127],[7.7679863,48.4892414],[7.776455,48.498178],[7.805589900198855,48.5153406386434],[7.8002029,48.5804127],[7.810252,48.615018],[7.852419,48.658685],[7.880635,48.667728],[7.895931,48.676513],[7.959183,48.721368],[7.963627,48.729275],[7.964867,48.748343],[7.970138,48.757283],[7.9830777,48.761181],[8.013523139423812,48.76097091069138],[8.0225159,48.7678732],[8.0262597,48.7833573],[8.0303996,48.7872538],[8.090338,48.807513],[8.10274,48.821311],[8.1217158,48.8653002],[8.1477163,48.9035237],[8.179325,48.942698],[8.200305,48.958563],[8.18873,48.965746],[8.090441,48.979182],[7.931898,49.034838],[7.856864,49.032254],[7.773665,49.048118],[7.726949,49.035664],[7.685091,49.042796],[7.648814,49.035716],[7.634965,49.037783],[7.625663,49.043002],[7.60861,49.061968],[7.586389,49.069564],[7.542671,49.074577],[7.520863,49.083672],[7.485103,49.118708],[7.471047,49.12832],[7.482726,49.137054],[7.476112,49.151523],[7.458025,49.155864],[7.414823,49.157776],[7.410483,49.168938],[7.391052,49.170023],[7.366311589337801,49.16489521962041],[7.3689618,49.1616885],[7.3625407,49.1564375],[7.3626813,49.1432614],[7.340863974873444,49.1432981226344],[7.334002,49.13416],[7.311110158255513,49.130555346502426],[7.2935556,49.1149892],[7.285775390824232,49.11637673645876],[7.274367,49.105014],[7.241191,49.113902],[7.154994,49.114419],[7.123575,49.123308],[7.083957693032677,49.14166591269438],[7.0895426,49.1303434],[7.074758461241775,49.12526220901972],[7.0666026,49.1142815],[7.042546,49.107598],[7.020532,49.118967],[7.008957,49.146407],[7.009474,49.181702],[6.987873,49.182425],[6.925448,49.205576],[6.914389,49.206662],[6.885243,49.204801],[6.837839192503994,49.210151157944274],[6.8521257,49.2002128],[6.8501175,49.1932369],[6.8586019,49.1866176],[6.8619435,49.1789235],[6.8591839,49.174613],[6.844514,49.1730381],[6.8473818,49.1571711],[6.8341753,49.1512816],[6.828118123991605,49.153268449910875],[6.821785,49.147751],[6.809072,49.145839],[6.770108,49.155295],[6.725563,49.155554],[6.713781,49.158861],[6.700965,49.172865],[6.70882,49.197773],[6.702516,49.213638],[6.680605,49.207489],[6.663758,49.243869],[6.640297,49.252757],[6.639677,49.271154],[6.556426,49.326396],[6.550122,49.338023],[6.555599,49.34717],[6.566293799057555,49.347511713779866],[6.5635818,49.3559035],[6.577175580206589,49.356751413146206],[6.574306,49.361794],[6.518806,49.402154],[6.520563,49.408148],[6.511674,49.424736],[6.494518,49.435537],[6.402741,49.465457],[6.382737522762521,49.46428053252738],[6.353855,49.45476],[6.325329,49.456724],[6.249365,49.490314],[6.221976,49.497445],[6.193554,49.499409],[6.158870973765443,49.496913879046815],[6.1624901,49.4934858],[6.1594346,49.4917711],[6.1528055,49.4927412],[6.142601,49.486076],[6.126052153915727,49.485075972263914],[6.1234489,49.4734661],[6.101710899575934,49.4691160203257],[6.1007732,49.4528888],[6.083174384953378,49.457134588900864],[6.078006,49.452021],[6.06333,49.448456],[5.978064,49.445097],[5.9607,49.441324],[5.946954,49.469953],[5.928144,49.482304],[5.864686,49.492174],[5.839571,49.499874],[5.822104,49.510519],[5.790685,49.537753],[5.756943964948729,49.548412514764905],[5.7576662,49.5429968],[5.7381608,49.5388],[5.734388718615383,49.54467095623001],[5.722679,49.5346],[5.710276,49.531086],[5.644647,49.543799],[5.632670311191107,49.53982295857713],[5.6155481,49.527227],[5.6214791,49.5196158],[5.6110512,49.5059677],[5.6039554,49.5087317],[5.602631920615556,49.51416049894203],[5.587493,49.512431],[5.547599,49.523438],[5.5411105,49.515217],[5.511401515240531,49.5090522938927],[5.477732,49.495223],[5.456132,49.498944],[5.44993,49.507832],[5.45090431658664,49.51625597513014],[5.4475012,49.5179182],[5.451981621047141,49.519759117961414],[5.454168,49.526177],[5.454375,49.536616],[5.450241,49.545762],[5.4414056,49.5524275],[5.443939288790495,49.553179264430284],[5.402078,49.602451],[5.383475,49.613304],[5.343940490654089,49.624026687706326],[5.3379506,49.6182372],[5.344121251383148,49.62395603059665],[5.387537185736907,49.61093408355201],[5.381388,49.6052842],[5.376968,49.5921409],[5.3654363,49.5927402],[5.3519233,49.5885926],[5.3402561,49.5948493],[5.3289021,49.579893],[5.3184484,49.5741457],[5.3167674,49.567647],[5.3083672,49.562702],[5.3123995,49.559276],[5.2848915,49.5530925],[5.2752435,49.5419668],[5.276481,49.5443394],[5.2601918,49.5429407],[5.2545144,49.5556806],[5.2349237,49.5618926],[5.2359061,49.5691746],[5.2174583,49.5734241],[5.2084019,49.5748427],[5.1975424,49.5667796],[5.1843002,49.5694667],[5.1626645,49.5617889],[5.1598155,49.5714681],[5.1526069,49.5773097],[5.1512529,49.5853901],[5.1444245,49.5909211],[5.1132337,49.5923273],[5.1048096,49.5756697],[5.1125942,49.5686727],[5.1082476,49.5615623],[5.11318,49.5605053],[5.1086337,49.555054],[5.0973442,49.5579544],[5.0945711,49.5498357],[5.088394,49.544916],[5.0898136,49.5351031],[5.1009868,49.5366835],[5.0972415,49.533878],[5.0989987,49.5308427],[5.0908025,49.5256903],[5.0782946,49.5089495],[5.0592534,49.5059719],[5.0586105,49.5009883],[5.0687992,49.4957825],[5.0736492,49.4867414],[5.0838415,49.4841144],[5.0829469,49.470599],[5.0952606,49.4594977],[5.10583,49.4615988],[5.1118051,49.457554],[5.1073816,49.4547124],[5.1081558,49.4458758],[5.1003226,49.4447771],[5.1004275,49.4408719],[5.1063048,49.4310778],[5.1058543,49.4249717],[5.1162425,49.4219753],[5.115764,49.4194867],[5.1099343,49.4156252],[5.0973673,49.4146928],[5.0910835,49.4073463],[5.0769923,49.4030814],[5.0883147,49.4023122],[5.0902037,49.4009644],[5.0859801,49.3986892],[5.1004277,49.3918116],[5.1058845,49.3932434],[5.1018371,49.391987],[5.104102,49.389329],[5.099041,49.385102],[5.101712,49.378496],[5.088902,49.370048],[5.0603492,49.3717284],[5.0534288,49.3657615],[5.0562208,49.3589038],[5.0371701,49.341859],[5.0262525,49.3365238],[5.0291692,49.3308812],[5.0273173,49.3269943],[5.0377916,49.3161043],[5.0254474,49.3104083],[5.0358211,49.3073745],[5.0427235,49.298613],[5.0390589,49.2956955],[5.0566735,49.2938857],[5.0592442,49.289984],[5.0494091,49.2856076],[5.0511786,49.2741259],[5.0328207,49.2707211],[5.0271458,49.2746289],[5.000141,49.2654044],[4.996505,49.2639638],[4.9993225,49.2592608],[4.9644851,49.2475844],[4.9605232,49.2403135],[4.9507354,49.2369069],[4.9707828,49.2360077],[4.9780024,49.2188423],[4.993278,49.2099853],[4.9776342,49.1995532],[4.9659827,49.1994717],[4.9508206,49.193712],[4.939649,49.1851468],[4.9520161,49.1745543],[4.9718693,49.1367772],[4.9956456,49.1087939],[4.9967669,49.0877368],[5.0054041,49.0604606],[5.0001213,49.0561486],[5.0030342,49.0548122],[4.9653987,49.0216512],[5.0097776,49.0354304],[5.0368186,49.0243951],[5.033583,49.0209478],[5.0398605,49.0195761],[5.0359515,49.0168113],[5.0381223,49.0106356],[5.0312457,49.0061551],[5.0323234,48.9985448],[5.039376,48.9983583],[5.0360628,48.9935138],[5.0138821,48.995344],[5.0045728,48.9931269],[5.0008403,48.9904027],[5.002198,48.9873311],[4.99391,48.9843025],[5.0041304,48.9837918],[5.007388,48.9788862],[5.0164006,48.9817601],[5.0177988,48.9777063],[5.0290999,48.9796543],[5.039504,48.9743264],[5.0309756,48.962753],[5.03062,48.9544067],[5.0221789,48.9512598],[5.0214919,48.9471147],[5.013594,48.9459476],[5.0163229,48.9429359],[5.0131356,48.9368673],[5.0004037,48.9384691],[4.9841084,48.9308376],[4.9590001,48.9261255],[4.9505778,48.931071],[4.9377118,48.9236728],[4.9331156,48.9128151],[4.9190244,48.9058559],[4.9124073,48.8985764],[4.9243274,48.891404],[4.9116965,48.8684275],[4.9250283,48.8643728],[4.92143,48.8605786],[4.9228381,48.857801],[4.9302296,48.8560477],[4.9276649,48.8496822],[4.9373444,48.8482587],[4.9367529,48.8421109],[4.914646,48.8352037],[4.8890778,48.8177729]]],[[[5.297898,49.613252],[5.3135095,49.6107783],[5.3404354,49.616681],[5.314538,49.611133],[5.297898,49.613252]]],[[[5.6817575,47.8092773],[5.69020529282513,47.81916458769015],[5.6893715,47.8187705],[5.6817575,47.8092773]]],[[[5.878104028786474,47.90065177004203],[5.8816343,47.8999257],[5.882031176264351,47.90017289508862],[5.878104028786474,47.90065177004203]]],[[[5.883862850749518,47.901313756806424],[5.8869643,47.9032455],[5.890682031811647,47.91030725316253],[5.883862850749518,47.901313756806424]]],[[[5.8862095,47.9158705],[5.890897951175395,47.91071738743984],[5.8909943,47.9109004],[5.8862095,47.9158705]]],[[[6.139001044471454,49.49116216048335],[6.141078612559346,49.48822688958172],[6.1417759,49.491684],[6.139001044471454,49.49116216048335]]]]}},{"type":"Feature","id":"bordeaux","properties":{"name":"Bordeaux","slug":"bordeaux","parent_iso_a3":"FRA","source_name":"OpenStreetMap via Nominatim","source_url":"https://nominatim.openstreetmap.org/","source_license":"ODbL 1.0","source_queries":"Gironde, France => Gironde, Nouvelle-Aquitaine, France métropolitaine, France"},"geometry":{"type":"MultiPolygon","coordinates":[[[[-1.2596204788127099,44.633457789068004],[-1.2589208299511778,44.629902877548204],[-1.244944,44.662746],[-1.233632,44.706855],[-1.188588,44.755845],[-1.176503,44.775214],[-1.165354,44.778713],[-1.140859,44.768134],[-1.065297,44.717475],[-1.0535185,44.7036031],[-1.0362042,44.6934353],[-1.0585150700717934,44.695206482947135],[-1.044442195614079,44.68374192989248],[-1.0381115,44.6857763],[-1.0444981991478313,44.681127629964124],[-1.025081,44.6765644],[-1.0186328,44.6686493],[-1.0290483,44.6612836],[-1.0311404,44.6530413],[-1.0373631,44.6542453],[-1.0442977,44.6487931],[-1.0555826,44.6489812],[-1.0593192,44.6459314],[-1.070998,44.646441],[-1.0694316,44.6437064],[-1.0740785,44.6462368],[-1.0743494,44.641056],[-1.076605,44.6444501],[-1.0775743,44.6411381],[-1.0774125,44.6453008],[-1.0816343,44.6416109],[-1.0823692,44.64488],[-1.0905258,44.6459725],[-1.0887744,44.6414754],[-1.0959788,44.646398],[-1.0981039,44.6409892],[-1.0964971,44.6466981],[-1.1018008,44.6428981],[-1.0997504,44.6478048],[-1.1046101,44.6440546],[-1.1023101,44.6471165],[-1.107413,44.648935],[-1.1165497,44.6447242],[-1.117959,44.6474668],[-1.1399356,44.6485166],[-1.145947,44.645665],[-1.1485712,44.6477224],[-1.1465934,44.6511289],[-1.138656,44.6533298],[-1.1437752,44.6566431],[-1.1422772,44.6595474],[-1.150725,44.6629023],[-1.1740845,44.6644135],[-1.1926660499258057,44.66000355314307],[-1.2051129,44.6396633],[-1.2046409,44.6159339],[-1.2110623,44.6000321],[-1.2244149,44.578628],[-1.2486917,44.5504681],[-1.2550876661175503,44.53693938994911],[-1.247304,44.504543],[-1.2513177848857706,44.468084845390266],[-1.1069981,44.5027618],[-1.0851277,44.5323828],[-1.0265569,44.5072047],[-0.9909993,44.5119763],[-0.9874703,44.5081795],[-0.9805566,44.4828381],[-1.0070132,44.4366392],[-1.0292786,44.422745],[-0.9681123,44.4295241],[-0.9189452,44.4435545],[-0.9116541,44.4371283],[-0.8429837,44.4183982],[-0.8104306,44.4203344],[-0.7934218,44.4288224],[-0.7799079,44.42828],[-0.7783421,44.4330364],[-0.7809387,44.4353215],[-0.7771211,44.4372626],[-0.7804624,44.4406476],[-0.7665396,44.4402973],[-0.7294268,44.4483337],[-0.6927035,44.4405606],[-0.6815396,44.4442359],[-0.678572,44.4504237],[-0.6823335,44.4508686],[-0.6760413,44.4571898],[-0.6418938,44.4499763],[-0.6276556,44.4430011],[-0.6256606,44.412785],[-0.6275996,44.4060061],[-0.642165,44.4001692],[-0.5707005,44.3825513],[-0.5609613,44.3749096],[-0.5282606,44.3646547],[-0.5175702,44.3391189],[-0.4785624,44.3249537],[-0.432011,44.3227384],[-0.4309313,44.3007764],[-0.4205805,44.2997352],[-0.4038937,44.2871296],[-0.3827421,44.2865892],[-0.3964173,44.2361656],[-0.3894641,44.2089563],[-0.3106168,44.20339],[-0.2719477,44.1938903],[-0.2234046,44.2059535],[-0.228423,44.2555148],[-0.226059,44.2649159],[-0.2048308,44.2639889],[-0.1916928,44.2708806],[-0.1748534,44.2578898],[-0.166049,44.2411914],[-0.140584,44.2264834],[-0.1268968,44.2333493],[-0.1232288,44.2407262],[-0.108014,44.2308313],[-0.0985994,44.2337509],[-0.0966942,44.2380821],[-0.087317,44.2366532],[-0.0877462,44.2403476],[-0.0753627,44.2475462],[-0.0741885,44.252324],[-0.0669885,44.2463088],[-0.0532449,44.2658211],[-0.0327934,44.2714195],[-0.0371092,44.2855555],[-0.0437607,44.2933175],[-0.0347589,44.2964977],[-0.059504,44.3213395],[-0.0668709,44.3226912],[-0.0858735,44.3376947],[-0.0790465,44.3536073],[-0.0698586,44.3529086],[-0.058604,44.3613374],[-0.0288816,44.3601257],[-0.0150631,44.3712589],[-0.0025487,44.373064],[0.0022343,44.3723695],[0.0041384,44.3677417],[0.0150449,44.3667228],[0.0234394,44.3759028],[0.0073476,44.3819477],[0.018758,44.3868661],[0.0183495,44.3898434],[0.0039844,44.3977684],[0.0057009,44.4006997],[-0.0086015,44.4122768],[-0.0049789,44.4177729],[-0.0140476,44.4187016],[-0.0049061,44.4244752],[-0.0091003,44.4337269],[-0.0028796,44.4377221],[-0.0050753,44.4417023],[0.0032853,44.4426252],[0.0081237,44.4495346],[-0.000327,44.4599227],[-0.0131169,44.4606422],[-0.0146885,44.4897427],[-0.0181646,44.491976],[-0.0157107,44.5053844],[-0.0060987,44.5175155],[0.0099247,44.5218683],[0.0181188,44.5298944],[0.0128402,44.5384908],[0.0085462,44.5386111],[-0.001185,44.5479911],[-0.0012136,44.5519256],[0.0202762,44.5417083],[0.0248471,44.5481564],[0.0320279,44.5494135],[0.0359725,44.5539972],[0.068919,44.54838],[0.0745323,44.5523241],[0.0723143,44.553529],[0.0764632,44.5637205],[0.0824673,44.5652838],[0.0862571,44.5762466],[0.0821921,44.5842163],[0.1126808,44.5908289],[0.1347516,44.6076981],[0.1510614,44.608761],[0.1551294,44.6151611],[0.1450742,44.6262864],[0.1392523,44.6272383],[0.1365568,44.6319623],[0.1397093,44.6333171],[0.1382135,44.638967],[0.1411433,44.6415859],[0.1499961,44.6327247],[0.1651637,44.6328016],[0.1685905,44.6471702],[0.1827544,44.6613624],[0.176975,44.667265],[0.1627659,44.6705736],[0.1343661,44.6660783],[0.129556,44.672923],[0.134273,44.682413],[0.114564,44.681201],[0.1028366,44.6859099],[0.105675,44.695784],[0.102146,44.696],[0.1000742,44.7010551],[0.1067072,44.7015489],[0.1049388,44.70753],[0.1074186,44.7105511],[0.1179283,44.712999],[0.1332141,44.7045021],[0.1351556,44.707473],[0.1323447,44.708832],[0.1393779,44.7138642],[0.1347453,44.7214048],[0.1392935,44.7213701],[0.139615,44.736863],[0.1508398,44.730082],[0.1643557,44.7359447],[0.17509,44.7340088],[0.1756539,44.740292],[0.184448,44.749085],[0.191975,44.748854],[0.189998,44.746128],[0.194478,44.742644],[0.201129,44.722347],[0.219417,44.724716],[0.209936,44.7405478],[0.215828,44.745644],[0.21358,44.7504307],[0.2264332,44.7645168],[0.2402028,44.7631061],[0.2447259,44.7528509],[0.2516106,44.75038],[0.2946742,44.7576105],[0.2971658,44.762893],[0.2779026,44.7751049],[0.2770075,44.7812922],[0.2709784,44.7855883],[0.2749906,44.7979808],[0.2701369,44.8109034],[0.265034,44.812665],[0.263882,44.826207],[0.2867878,44.8229274],[0.292153,44.831627],[0.3010057,44.829098],[0.2982549,44.8329649],[0.301068,44.8401718],[0.3082885,44.8392056],[0.3146498,44.8456411],[0.2784392,44.8674035],[0.2535454,44.8676617],[0.2400487,44.8726977],[0.2369904,44.8707082],[0.2440005,44.8616129],[0.2415078,44.8569519],[0.2257797,44.8461488],[0.2074414,44.839987],[0.1911085,44.8201948],[0.178742,44.826162],[0.147109,44.829306],[0.124089,44.828033],[0.1109892,44.8195265],[0.1075395,44.8321849],[0.0999819,44.8333336],[0.0830767,44.8316065],[0.0784724,44.8222095],[0.0719751,44.8186549],[0.0632775,44.8255161],[0.0403204,44.8273633],[0.0382448,44.8392005],[0.0219666,44.8495201],[0.0033889,44.8458426],[-0.0340059,44.8521848],[-0.0329566,44.8559913],[-0.0102431,44.8584005],[-0.0086492,44.8676723],[0.0028891,44.8739096],[0.0033347,44.8821456],[0.0145677,44.8858637],[0.0156799,44.8944457],[0.0343002,44.9145671],[0.0201862,44.9258872],[0.0119094,44.9414552],[0.0032941,44.9473057],[0.0100432,44.953939],[0.0091101,44.9630057],[0.0140925,44.9708404],[0.0138763,44.9790543],[0.0186938,44.9808033],[0.0298052,44.9755839],[0.0333846,44.9808067],[0.0403852,44.993868],[0.0354134,45.0129621],[0.0390781,45.0243855],[0.0412146,45.0224042],[0.0444639,45.0356549],[0.0541387,45.0389396],[0.0572148,45.049626],[0.0621936,45.0505534],[0.0733784,45.0699471],[0.063364,45.0845124],[0.0632812,45.0960515],[0.0547696,45.0999163],[0.0518985,45.1083935],[0.0446897,45.115315],[-0.0080348,45.1191435],[-0.0255525,45.1154975],[-0.0347231,45.1035071],[-0.0479565,45.0977423],[-0.0524408,45.1013469],[-0.0636631,45.0993676],[-0.0874906,45.1216694],[-0.0978124,45.1210696],[-0.1291041,45.1046269],[-0.131776,45.0956195],[-0.1525915,45.0889798],[-0.1638776,45.0929374],[-0.1907297,45.0940551],[-0.221564,45.1080212],[-0.2464635,45.108487],[-0.2588707,45.1146884],[-0.2577286,45.1183538],[-0.2670983,45.1263569],[-0.2677028,45.1332761],[-0.2744553,45.1347413],[-0.2755896,45.1415959],[-0.3079027,45.1498144],[-0.3136751,45.1380913],[-0.3190353,45.145103],[-0.3203405,45.1562566],[-0.3382915,45.1671685],[-0.3638557,45.1704513],[-0.3791499,45.1562075],[-0.3836594,45.1430296],[-0.397185,45.1697962],[-0.4029168,45.1904998],[-0.4208755,45.2085993],[-0.4163472,45.2124549],[-0.4135007,45.228333],[-0.4051231,45.2398498],[-0.4071014,45.2475204],[-0.42496,45.2484058],[-0.4151965,45.2699345],[-0.4258236,45.2787039],[-0.4678571,45.2896223],[-0.4742758,45.2940364],[-0.4873075,45.2937012],[-0.5141567,45.2859306],[-0.5209153,45.290094],[-0.5487396,45.2931407],[-0.561121,45.2986435],[-0.5661655,45.2955102],[-0.5710747,45.2997041],[-0.5750976,45.3150931],[-0.568783,45.3314452],[-0.5868839,45.3445683],[-0.5937026,45.3347947],[-0.5962963,45.3204093],[-0.6046616,45.3242073],[-0.6143296,45.323681],[-0.6443863,45.3147559],[-0.6439035,45.3221218],[-0.7082587991057088,45.32716328144467],[-0.6932857,45.2652745],[-0.6897069856531903,45.2368780710171],[-0.6785408,45.2300606],[-0.6893358153022143,45.23500467903596],[-0.6838055612973756,45.207092068346256],[-0.6704452,45.1707215],[-0.6625792,45.170551],[-0.6703279,45.1703134],[-0.6662226,45.1492137],[-0.6680628824505958,45.12923678402009],[-0.6496537,45.103097],[-0.6471159,45.1039562],[-0.6493739,45.1025347],[-0.6443535,45.0924921],[-0.6379839,45.0923442],[-0.6442859,45.0919436],[-0.6371104,45.0747946],[-0.602162,45.053453],[-0.558746,45.043443],[-0.518951,45.029446],[-0.493764,44.997992],[-0.516428,45.011379],[-0.539418,45.019517],[-0.596181,45.024644],[-0.572581,45.014309],[-0.550364,44.998196],[-0.538971,44.976508],[-0.548451,44.94953],[-0.542388,44.937201],[-0.534657,44.894965],[-0.548166,44.902289],[-0.556508,44.918524],[-0.562082,44.96015],[-0.559193,44.976142],[-0.560699,44.985419],[-0.568959,44.997992],[-0.577789,45.005072],[-0.6064286,45.0141643],[-0.6556468,45.0490651],[-0.6514890431864812,45.047976710162956],[-0.6819823362136875,45.07628096178227],[-0.6901544,45.0753066],[-0.6823243054429543,45.07669657406513],[-0.7108567961755269,45.125719367348246],[-0.7134656,45.1255119],[-0.7112171679215914,45.12633853620308],[-0.71743705425875,45.13862448202022],[-0.7300438,45.1399037],[-0.7176716975960878,45.13928377847532],[-0.7366206,45.1754942],[-0.7460771,45.204524],[-0.7491932,45.2052217],[-0.7464654,45.2059957],[-0.7487446,45.2128803],[-0.7461432,45.2275706],[-0.757557,45.2653977],[-0.7605761,45.2662319],[-0.7583179,45.2670651],[-0.7620416,45.2762707],[-0.766121,45.2761784],[-0.7625849,45.2783601],[-0.7798714,45.3085917],[-0.786503,45.3095482],[-0.7806915,45.3099819],[-0.8017119,45.3376976],[-0.8034592,45.3451017],[-0.8360492,45.3726139],[-0.8452186,45.3754789],[-0.8423122,45.3765307],[-0.8477682,45.3812133],[-0.8796181,45.399106],[-0.904502,45.4076697],[-0.9032183,45.410549],[-0.9090956,45.4178594],[-0.9313551,45.4398615],[-0.9639267,45.4515781],[-0.9717401,45.4532724],[-0.9732945,45.4506469],[-0.9718061,45.4544097],[-0.9862034,45.4660209],[-1.0007209,45.4691869],[-1.0002212,45.4723883],[-1.0262549,45.4884858],[-1.0272689,45.4921957],[-1.0658058,45.510156],[-1.0716521,45.520059],[-1.0711423,45.5279129],[-1.0609140801289432,45.529962462131444],[-1.0625137,45.536401],[-1.057362,45.546332],[-1.0573886,45.5563426],[-1.0624645,45.5547805],[-1.062033,45.5587526],[-1.0567948857711587,45.55681059749716],[-1.0620666,45.5606638],[-1.0613381,45.5666448],[-1.0648019,45.5667196],[-1.0624576139676787,45.57098909984401],[-1.0693116547890298,45.57327057829619],[-1.0872319370918282,45.56691992307934],[-1.0978773727813418,45.555397463434396],[-1.0994759,45.5418406],[-1.1066643,45.5386857],[-1.1221642577903534,45.52130150994378],[-1.139963,45.490058],[-1.157867,45.27912],[-1.1733213574960375,45.220296445307135],[-1.207619,44.960568],[-1.2507561502966504,44.70526084373253],[-1.2596204788127099,44.633457789068004]]],[[[-1.2284579982567156,44.587342636566326],[-1.2282345,44.5873146],[-1.2284077068083665,44.58742433603463],[-1.2284579982567156,44.587342636566326]]],[[[-1.2250977780371957,44.59791915546387],[-1.2244494,44.5985472],[-1.2250193226294377,44.59827227784851],[-1.2250977780371957,44.59791915546387]]],[[[-1.0367661,44.65551],[-1.0356242,44.6578252],[-1.0365586,44.6578637],[-1.0367661,44.65551]]]]}},{"type":"Feature","id":"provence","properties":{"name":"Provence","slug":"provence","parent_iso_a3":"FRA","source_name":"OpenStreetMap via Nominatim","source_url":"https://nominatim.openstreetmap.org/","source_license":"ODbL 1.0","source_queries":"Provence-Alpes-Cote d'Azur, France => Provence-Alpes-Côte d'Azur, France métropolitaine, France"},"geometry":{"type":"MultiPolygon","coordinates":[[[[4.2301364,43.4604735],[4.378734,43.4536617],[4.406851491593696,43.44789447068419],[4.433257689766775,43.44959449655215],[4.4387566,43.4541324],[4.4606171,43.458685],[4.513031,43.455797],[4.5427963,43.4498384],[4.5768136,43.4345028],[4.5861795,43.4247063],[4.5913828,43.4044338],[4.565544,43.387949],[4.566266481214564,43.3716034686289],[4.592336,43.359889],[4.665886,43.347541],[4.7510865,43.3508358],[4.792980790767301,43.345289722469346],[4.820279,43.346356],[4.823019,43.367169],[4.800059,43.386054],[4.769705,43.401923],[4.742524,43.422553],[4.72877,43.456204],[4.72877,43.527899],[4.724376,43.538398],[4.694591,43.572903],[4.694591,43.579088],[4.711925,43.571519],[4.725841,43.556789],[4.742442,43.524482],[4.744965,43.507392],[4.742442,43.448717],[4.757823,43.422349],[4.791759,43.399115],[4.833263,43.381985],[4.850823,43.358929],[4.855778,43.341779],[4.877189,43.350782],[4.901005,43.366965],[4.8829824,43.363786],[4.8856229,43.357409],[4.8776681,43.3561193],[4.879909,43.3590511],[4.867532,43.365112],[4.86645,43.3692986],[4.8646286,43.3650107],[4.8548037,43.3710357],[4.8485897,43.3817145],[4.854335,43.3886044],[4.858862955020951,43.38903422530171],[4.8516472,43.3901975],[4.8558967,43.3907181],[4.8533752,43.3947283],[4.8480702,43.3917189],[4.8421193,43.3958888],[4.8382727,43.3945115],[4.8356037,43.399064],[4.8413638,43.403956],[4.8502736,43.3979743],[4.852871769529202,43.4058433331145],[4.8239093,43.4244025],[4.8295716,43.42991],[4.8562728216580675,43.41160815408594],[4.8691995091571005,43.421617911393774],[4.8498858,43.450807],[4.8604111,43.4541297],[4.8671895,43.4328668],[4.8736559,43.4319556],[4.8796569919418245,43.423291005837825],[4.928477,43.440131],[4.983084,43.41706],[4.998466,43.414699],[5.027599,43.416978],[5.051117,43.429267],[5.062266,43.451646],[5.050304,43.476711],[5.023692,43.490465],[5.014659,43.498725],[5.009288,43.517646],[5.022309,43.552191],[5.029145,43.55858],[5.053722,43.538153],[5.084972,43.538153],[5.105724,43.533026],[5.11085,43.527899],[5.118419,43.503974],[5.139985,43.485785],[5.165538,43.482489],[5.193614,43.489936],[5.22283,43.503974],[5.226329,43.480292],[5.213552,43.457831],[5.192882,43.439521],[5.173839,43.42829],[5.146169,43.422065],[5.05714,43.422065],[5.026134,43.409329],[5.005572,43.381628],[5.009894604631852,43.369375968913516],[5.0140159,43.3697988],[5.011598467892567,43.36454652291617],[5.0174475,43.3625692],[5.014195,43.3619729],[5.0167726,43.3552156],[5.0229715,43.3578842],[5.0255313,43.3556727],[5.0214335,43.3497958],[5.034022,43.335476],[5.061232359263743,43.32888230913366],[5.0699986,43.3321723],[5.0728258,43.3284447],[5.079636,43.3303023],[5.081554895124721,43.32739444901323],[5.0884613,43.3330213],[5.0954704,43.3285942],[5.1087268,43.3282069],[5.107321,43.3311521],[5.1190077,43.3277889],[5.1454247122200485,43.327655051410034],[5.1520824,43.3305184],[5.169851869625961,43.329201786452465],[5.175581,43.3345583],[5.1913854,43.3296129],[5.196826,43.3300062],[5.1978619,43.3339281],[5.2085368,43.3293202],[5.218381,43.3317695],[5.2196893,43.3283827],[5.229033,43.3287363],[5.256342325140142,43.33690590628545],[5.2890108,43.3576715],[5.3087962,43.359824],[5.3173233,43.3564639],[5.3125533,43.3551439],[5.3205519,43.350065],[5.3183343,43.3474739],[5.3395137,43.3347951],[5.3612063,43.3089048],[5.3580031,43.299426],[5.3528252,43.29716],[5.3576662,43.2991979],[5.362932,43.2939299],[5.354147037030665,43.29463022935132],[5.357343,43.280345],[5.369151,43.270413],[5.3680983,43.2630632],[5.3756679,43.2580915],[5.3706426,43.2516043],[5.3734696,43.245987],[5.3636837,43.2463261],[5.359578,43.2355183],[5.349983303545393,43.23058670705404],[5.34698,43.215899],[5.369261681280728,43.20822914867076],[5.4022579,43.2140401],[5.439754,43.207646],[5.448872485030524,43.20804245587089],[5.4432961,43.2128025],[5.4539668,43.2093193],[5.454317,43.2121029],[5.465459149036224,43.20815612905659],[5.504176,43.205659],[5.5370603,43.2147393],[5.5337525,43.2129749],[5.5384153,43.2123322],[5.5391691,43.2090664],[5.5449485,43.2106839],[5.5497037,43.2078356],[5.5474592,43.2013528],[5.5500465,43.1933561],[5.5722951,43.1729741],[5.607647441774059,43.161920547918115],[5.606109,43.166492],[5.6110949,43.1656516],[5.6157726,43.1696393],[5.6098266,43.1676139],[5.6132554,43.1717756],[5.6102151,43.1703255],[5.6061331,43.1737481],[5.6115541,43.1724716],[5.61265,43.1805196],[5.6240011,43.1869392],[5.6510061,43.18856],[5.675981487233662,43.17823364180803],[5.6861798,43.1799759],[5.6954645,43.1684611],[5.689286238669814,43.164740224928224],[5.696299,43.146875],[5.7096764,43.147354],[5.7108065,43.1443846],[5.7166895,43.1482912],[5.723047489862565,43.13801407293529],[5.740293,43.1334958],[5.7493095,43.135774],[5.750507567767127,43.1320236496987],[5.7713561,43.1388397],[5.7809496,43.1295418],[5.777843642875449,43.128087609637234],[5.782932991345568,43.11621114359374],[5.793885724494183,43.112919034351314],[5.8014558,43.1176156],[5.8010285,43.1153154],[5.8094728,43.114075],[5.818085,43.09909],[5.8065363,43.0900492],[5.8038242,43.0767049],[5.7957784,43.0743008],[5.7934071,43.0698981],[5.8154779,43.0639082],[5.825123710941404,43.05205435097533],[5.8452683621864185,43.04743090066966],[5.849559,43.0498652],[5.857847497453266,43.04641862196199],[5.8718635,43.0692286],[5.8906653,43.0783277],[5.906882036609124,43.07255985186963],[5.940288,43.07091],[5.94892995366419,43.07797566006914],[5.934161134799825,43.085418037568736],[5.9254027,43.0807021],[5.9273975,43.0774151],[5.9222413,43.0807735],[5.9218061,43.0851554],[5.9172176,43.0858727],[5.9080076,43.0784003],[5.8999781,43.0793799],[5.9002549,43.0821329],[5.9025814,43.0805997],[5.9003386,43.0826057],[5.8948786,43.081681],[5.9014517,43.0920007],[5.910073017787473,43.09403495931209],[5.903940077648669,43.10352544819602],[5.8960918,43.1055896],[5.8994563,43.1039618],[5.8814119,43.1023299],[5.8801593,43.1055662],[5.886913,43.1066796],[5.8809613,43.1089308],[5.8917934,43.108587],[5.8842895,43.1133802],[5.8854051,43.1174174],[5.891361148619637,43.11687679034541],[5.879405,43.120429],[5.908539,43.131293],[5.940929,43.134019],[5.934093,43.113593],[5.9681595,43.1036565],[5.9751114,43.107835],[5.9919551,43.1033785],[6.0060898,43.1041579],[6.0182835,43.0989612],[6.0248063,43.0921549],[6.021666191655938,43.08875892513961],[6.0267948100622295,43.07861660302244],[6.0511441,43.0792242],[6.0576114,43.0827958],[6.0744352,43.0839702],[6.0778474,43.0878885],[6.1139727,43.0837329],[6.1241052,43.0795888],[6.1329144,43.056034],[6.129604,43.0441105],[6.1192174,43.0389824],[6.107037230163376,43.041859913862034],[6.091781195403206,43.03618310549344],[6.096930804620021,43.031559392178636],[6.109031212452592,43.03175828119728],[6.1130467,43.0353678],[6.125364801887258,43.03247471717692],[6.1270349,43.0360823],[6.1348229,43.0364419],[6.136341764600076,43.03295619683368],[6.1642842338404895,43.03458364621897],[6.1521775,43.0370248],[6.1494845,43.056544],[6.156674486339074,43.079374210032256],[6.154655,43.0804905],[6.170881,43.1001801],[6.2012706,43.116073],[6.2754091,43.1209857],[6.325694,43.104193],[6.342258,43.090763],[6.3708594,43.0913473],[6.3637702,43.0934552],[6.3690372,43.1028546],[6.3586767,43.106756],[6.3642088,43.1109778],[6.3599239,43.1147361],[6.3601157,43.1202265],[6.364142441145124,43.12151416916163],[6.3623239,43.1238481],[6.3653037,43.1241445],[6.3677368,43.1360724],[6.3773167,43.1362832],[6.3864089,43.1448356],[6.395007633601892,43.14380703069768],[6.4037392,43.1495749],[6.449062612474867,43.15268981397636],[6.4637744,43.1575352],[6.497057542530563,43.1526261641426],[6.509881,43.1558414],[6.5094797,43.1587504],[6.5241967,43.1661677],[6.5300862469357055,43.16472528287336],[6.539912,43.182204],[6.5618009,43.1888468],[6.585078776107196,43.18543786433943],[6.593272,43.18773],[6.594291159374324,43.18408875406435],[6.6001333,43.1832332],[6.603119902795284,43.17443596729038],[6.609874,43.173407],[6.640391,43.18183],[6.6429626,43.1871317],[6.6598307,43.1964101],[6.669735548554531,43.195772927088605],[6.679253439953274,43.20123856432758],[6.6645378,43.2116913],[6.6645742,43.2416306],[6.6684007,43.2455699],[6.676434,43.2445365],[6.686945108100028,43.250175503453114],[6.697021683017386,43.26707455216035],[6.686023286634635,43.27410030058891],[6.672358,43.276196],[6.669308046441706,43.27559752840899],[6.6696848,43.2687034],[6.6649572,43.2648823],[6.647089695896235,43.27123777297453],[6.6212075,43.2642929],[6.5945992,43.2623084],[6.5859556,43.2698058],[6.5878808,43.271835],[6.5843256,43.2780275],[6.6153733,43.2942279],[6.624430035898076,43.29582650081802],[6.627445,43.3035774],[6.638715008966812,43.305687867682295],[6.652029,43.314927],[6.661306,43.322333],[6.674571,43.346381],[6.71424985357186,43.35026900427374],[6.717807804048656,43.359710316067584],[6.7132203,43.3660331],[6.714007,43.372115],[6.721603,43.37559],[6.720494,43.378759],[6.732265,43.389938],[6.7282394,43.3929432],[6.731146,43.407847],[6.746501,43.417906],[6.7633383,43.4244578],[6.783463645623056,43.40872094648391],[6.8292254,43.4185194],[6.84931123959789,43.41322210825287],[6.857834779003519,43.41530551349529],[6.856621630590561,43.4307922153481],[6.8534338,43.4335196],[6.862957,43.439362],[6.871072,43.426093],[6.8896356,43.4280393],[6.8962484,43.4338768],[6.8922268,43.4369966],[6.8988299,43.4420055],[6.920470680656684,43.449509783966775],[6.923748,43.4736085],[6.9324533227965075,43.47966142478765],[6.9307131,43.4835142],[6.93645914109992,43.48341032452778],[6.954299,43.500106],[6.9502718012970615,43.50665088788369],[6.9377228,43.5095873],[6.9370535,43.5143457],[6.9416426,43.5169262],[6.9422948,43.5226279],[6.9517513,43.5347307],[6.9627311,43.5420135],[6.9756,43.546946],[7.016436933109852,43.54718467934888],[7.021253,43.5498805],[7.030634,43.547889],[7.037202,43.536264],[7.041199,43.5425713],[7.056152189733938,43.54872292148275],[7.0683271,43.5626186],[7.0969284,43.5710089],[7.1123988,43.567339],[7.115052560598278,43.56172589812277],[7.1215047,43.5597716],[7.125511,43.547768],[7.138916,43.55402],[7.1346237,43.5557053],[7.13678160927345,43.560756022191974],[7.133898166497591,43.56955832642895],[7.12814334915679,43.573062762314436],[7.1277438,43.5740165],[7.1275158,43.5739601],[7.128079253237213,43.57310179396868],[7.1244693,43.5753001],[7.130480876170323,43.586133578931474],[7.1257214,43.5932859],[7.126154,43.605833],[7.136567,43.641181],[7.151622,43.654771],[7.177651,43.660109],[7.196677,43.656917],[7.2036027,43.6511497],[7.202952579704042,43.6458399049278],[7.21068474191523,43.64732911412826],[7.230765,43.665795],[7.228509,43.674196],[7.2395102,43.6870965],[7.2575316,43.6935352],[7.2752894,43.6945896],[7.306295836637815,43.68696236227431],[7.307303,43.696748],[7.3146894,43.7066943],[7.325383,43.700055],[7.326698,43.695752],[7.32054,43.68821],[7.321690935685927,43.6855237672791],[7.330533,43.686424],[7.335126888685652,43.69367442636007],[7.3297738,43.7023817],[7.337936,43.7072728],[7.3379955,43.7120005],[7.36575,43.72273],[7.372655,43.745832],[7.387538,43.757899],[7.406969,43.763506],[7.426246,43.755464],[7.431738625189525,43.7495327684985],[7.436885,43.7519173],[7.4446284,43.7497311],[7.4517731,43.7577188],[7.47641,43.764635],[7.47641,43.784491],[7.489106,43.785468],[7.502289,43.792222],[7.482726,43.840219],[7.477869,43.865515],[7.493475,43.886237],[7.53678,43.920783],[7.556934,43.944089],[7.60861,43.975611],[7.630934,43.993543],[7.653362,44.03969],[7.689949,44.067337],[7.691912,44.084649],[7.676203,44.108988],[7.654085,44.124956],[7.64189,44.14356],[7.655636,44.176064],[7.6360692,44.1771029],[7.6198643,44.1495148],[7.5958969,44.1527436],[7.5724248,44.151476],[7.564199,44.1555109],[7.565738,44.1515625],[7.5615945,44.1485896],[7.5487521,44.1450314],[7.5341655,44.1479453],[7.5213052,44.1376188],[7.5069856,44.1443989],[7.459553,44.126541],[7.429774,44.130226],[7.42666,44.119294],[7.4287577,44.113093],[7.425866,44.1123171],[7.3930182,44.1252784],[7.3583899,44.1160364],[7.353811842507651,44.123426695400134],[7.331004,44.125266],[7.309976008348399,44.1467757513608],[7.3079392,44.1439864],[7.2880626,44.1451654],[7.28029,44.1409613],[7.2723594,44.1474763],[7.2625235,44.1479087],[7.247004936248228,44.16195884605367],[7.229762519207249,44.16960809133805],[7.2188526,44.1686499],[7.203559804430881,44.181232389252],[7.1524115425153445,44.203923268397986],[7.143103,44.2002315],[7.12103529424755,44.2135168412519],[7.0925215,44.2202467],[7.070675968181758,44.2308669297527],[7.0382013,44.2237541],[7.0232952,44.2341492],[7.0167438,44.2322052],[7.005871736702303,44.238960047593785],[6.996141,44.237818],[6.982808,44.241745],[6.973403,44.249445],[6.959244,44.27735],[6.92121,44.302155],[6.895992,44.339827],[6.869844,44.362926],[6.86633,44.377189],[6.877182,44.414396],[6.88421,44.423026],[6.9178,44.436307],[6.861266,44.474909],[6.838838,44.502918],[6.835737,44.534027],[6.846383,44.547463],[6.897336,44.57542],[6.931649,44.61795],[6.945601,44.625443],[6.934336,44.646682],[6.941467,44.66699],[6.959864,44.683165],[6.982808,44.692157],[7.0237293,44.6912986],[7.044613637630767,44.684718303531675],[7.055155,44.684871],[7.049368,44.697893],[7.018982,44.738872],[7.009784,44.7721],[6.9995704,44.7896954],[6.998415,44.793753],[7.00596,44.811529],[7.004926,44.827963],[6.986435971783663,44.84415392677611],[6.9702329,44.8463157],[6.9544136384422615,44.85529292978859],[6.932682,44.861656],[6.9067999,44.8432822],[6.9039253,44.8470721],[6.8635712,44.8504981],[6.854766378289337,44.85769050743655],[6.8414694,44.8595964],[6.77817,44.887649],[6.745407,44.907803],[6.72794,44.928732],[6.729904,44.984697],[6.723496,45.013378],[6.707962374989905,45.02138949476255],[6.673405,45.0197642],[6.670106773553824,45.02871784985836],[6.662208,45.029242],[6.651666,45.03565],[6.639677,45.050378],[6.636576,45.074459],[6.620298,45.084433],[6.602728,45.10345],[6.61980498091463,45.11781096263085],[6.619503745648342,45.11767284166957],[6.615694391055172,45.121549588889636],[6.5931683,45.1190204],[6.5767793,45.1232343],[6.5637534,45.114076],[6.5619637,45.1052725],[6.561658736410496,45.10515335314317],[6.5616048,45.1049236],[6.560062037515091,45.104529535542554],[6.5587256,45.1040074],[6.556239177453441,45.10355307073295],[6.5385799,45.0990424],[6.532784237419632,45.09926728844348],[6.5301853,45.0987924],[6.529001053854052,45.099414086890015],[6.5283152,45.0994407],[6.510395,45.1091816],[6.4865465,45.0950946],[6.4793383,45.0950994],[6.4806032,45.0898301],[6.486118,45.0864306],[6.4831689,45.0774436],[6.4898073,45.0678183],[6.4859218,45.0641019],[6.487087,45.056404],[6.4526167,45.0516188],[6.4339714,45.0639208],[6.4232679,45.0601335],[6.4045161,45.0650098],[6.3962639,45.0611164],[6.3649601,45.070009],[6.3758107,45.0832268],[6.371885,45.091242],[6.3629274,45.1052008],[6.3477606,45.1149578],[6.339928,45.1161191],[6.3352834,45.1224578],[6.31753,45.1121777],[6.2938746,45.108597],[6.2753924,45.1155799],[6.2610783,45.1266002],[6.2569816,45.1215385],[6.246159933694618,45.12049158303186],[6.2396007,45.1123296],[6.229366841657109,45.10756345420585],[6.2306139,45.0961445],[6.245068,45.0714145],[6.2407227,45.0679087],[6.2192714,45.0644752],[6.2157919,45.0484008],[6.2107857,45.0451131],[6.2079078,45.0316953],[6.2008096,45.0221847],[6.2019047,45.0139276],[6.2544718,44.9956788],[6.2756449,45.0011721],[6.31908,45.0038588],[6.3236533,44.9985332],[6.3159399,44.9902691],[6.3148685,44.9800664],[6.3299388,44.9692972],[6.3230489,44.9618053],[6.3233454,44.9530289],[6.3309542,44.946544],[6.3389009,44.9472132],[6.3565651,44.9411982],[6.3573034,44.9342281],[6.3525653,44.9253411],[6.3577082,44.9222717],[6.3559127,44.9170149],[6.3590884,44.9066967],[6.3537876,44.8972948],[6.3580834,44.8942037],[6.3487166,44.8779935],[6.3543146,44.8556663],[6.3343283,44.8495863],[6.3100857,44.8658902],[6.3044537,44.8738683],[6.2876633,44.8745992],[6.2815209,44.8712118],[6.2654592,44.8705076],[6.2542741,44.8542999],[6.2469505,44.8519601],[6.2292366,44.8511241],[6.1967782,44.8590572],[6.1893865,44.8540923],[6.1676281,44.8529318],[6.1623432,44.8542198],[6.1570031,44.8620332],[6.1327277,44.8636494],[6.1107837,44.8433123],[6.0969029,44.840792],[6.0908699,44.8341339],[6.0682146,44.8253433],[6.0666197,44.8206695],[6.0564298,44.8160713],[6.0382463,44.8289786],[6.0307802,44.8385609],[6.0166532,44.8355037],[6.0055445,44.8204169],[5.9792701,44.8188395],[5.9607175,44.8121662],[5.9490431,44.8036846],[5.9783859,44.7901729],[5.9803195,44.7813498],[5.9525988,44.771195],[5.9516123,44.7595702],[5.9368447,44.7633213],[5.918998,44.7520529],[5.9110952,44.7581021],[5.8993672,44.7581432],[5.8915961,44.7556886],[5.8873445,44.7479415],[5.8805527,44.7469393],[5.8766014,44.7496718],[5.8515718,44.7498561],[5.8379101,44.7582186],[5.8271095,44.7598594],[5.8285749,44.7414277],[5.8167732,44.7310332],[5.8111196,44.7129487],[5.8006978,44.7073377],[5.8242044,44.7022338],[5.8303258,44.6902998],[5.7984308,44.6740205],[5.7986768,44.66585],[5.7917932,44.6602954],[5.7903753,44.6537606],[5.7638578,44.6555679],[5.7543367,44.6629616],[5.747414,44.654881],[5.7535604,44.6485981],[5.7357457,44.6498714],[5.7386591,44.6406502],[5.7280817,44.6392209],[5.7068768,44.6420853],[5.6802662,44.6521998],[5.6684799,44.648362],[5.6554809,44.6514896],[5.6543553,44.6555356],[5.6417294,44.6511055],[5.6392675,44.6351345],[5.6430499,44.6221843],[5.6494699,44.6193519],[5.6472303,44.6116012],[5.6351659,44.6090319],[5.6365855,44.6046384],[5.6274961,44.5949563],[5.6263284,44.5866055],[5.6175874,44.5841186],[5.614952,44.5733527],[5.6062925,44.5684665],[5.596676,44.5434126],[5.6149873,44.5327423],[5.6273117,44.5346846],[5.6647713,44.5018415],[5.6506962,44.4990098],[5.6417986,44.5022808],[5.6297946,44.5011896],[5.6236633,44.4903069],[5.625031,44.4845706],[5.6114711,44.4693972],[5.6036058,44.4653841],[5.570575,44.4765222],[5.55927,44.4734378],[5.5453809,44.4825319],[5.5154619,44.4918515],[5.4810774,44.4911592],[5.475203,44.4939868],[5.4748818,44.4986415],[5.458148669895448,44.49957725888238],[5.4589748,44.488296],[5.467965,44.4726987],[5.4590478,44.4657826],[5.4643851,44.4570717],[5.4645425,44.4481387],[5.4982139,44.4371832],[5.4937143,44.4283339],[5.485548844512802,44.42850460077124],[5.4767524,44.4195246],[5.4387867,44.433689],[5.4185666676138675,44.42483443973034],[5.4230007,44.4157501],[5.433153,44.4117336],[5.443018,44.3912349],[5.440625,44.3852404],[5.4441255,44.3794726],[5.4301587,44.3772616],[5.431922919919551,44.372558143117736],[5.434813234055137,44.369529513082185],[5.437598146348015,44.36800489057666],[5.441950709012702,44.367692385004894],[5.4620825,44.3675096],[5.464035284208557,44.36610675526666],[5.4646071,44.3660657],[5.464741609374924,44.3655993440866],[5.465741,44.3648814],[5.4688579,44.3513278],[5.4804975,44.3510305],[5.492026399421778,44.338158414333215],[5.492026399421781,44.338158414333215],[5.5215732,44.3510599],[5.5290047,44.3430082],[5.5398157,44.3426312],[5.5378313,44.332659],[5.5472892,44.3300055],[5.5605143,44.3355676],[5.5679962,44.3321664],[5.5945232,44.3313096],[5.6033311,44.3340408],[5.6182497,44.332248],[5.6240558,44.3354187],[5.6305061,44.3334782],[5.6325469,44.3285065],[5.6108133,44.3160668],[5.6083183,44.306054],[5.6165809,44.3094341],[5.6261505,44.3015563],[5.6378043,44.299862],[5.6425701,44.2940476],[5.6331213,44.2910964],[5.6318784,44.2850629],[5.6472805,44.2723001],[5.6461444,44.2669947],[5.6747375,44.2757359],[5.6869247,44.2660696],[5.6725405,44.2537585],[5.6732075,44.245809],[5.6761388,44.2447844],[5.6731402,44.2406115],[5.683661,44.234881],[5.6764716,44.212047],[5.6865119,44.194776],[5.6749216,44.1887604],[5.6516051,44.1895774],[5.6477504,44.1748907],[5.6432454,44.1707321],[5.6469374,44.1662961],[5.6827048,44.1634818],[5.6786204,44.1462978],[5.6313189,44.1508935],[5.6317189,44.1586184],[5.6395731,44.1676148],[5.6319651,44.1736781],[5.6161308,44.1778113],[5.6092976,44.1907076],[5.598276680230956,44.18976278301924],[5.5946557,44.1874683],[5.576857265254363,44.18792650914992],[5.564487,44.1711331],[5.5841319,44.1575299],[5.5787826,44.1516167],[5.570048314367607,44.14843721620655],[5.569537,44.1481071],[5.5692210788828715,44.14813608318575],[5.5688923,44.1480164],[5.5508367,44.1498227],[5.5413155,44.1328714],[5.511440834733105,44.124251190598926],[5.5061718,44.1170653],[5.505073754471945,44.116883688043394],[5.5046386,44.1163748],[5.502684011757333,44.116488434987765],[5.499062419410024,44.11588943935833],[5.4996686,44.105419],[5.4964231,44.1030862],[5.5005833,44.1002791],[5.49777,44.0777767],[5.5026325,44.0635314],[5.5452043,44.0681871],[5.5427056,44.0633508],[5.5454898,44.0497011],[5.5435837,44.0259489],[5.5244118,44.0022348],[5.5241759,43.996222],[5.5180096,43.9926408],[5.5075813,43.9573412],[5.5126827,43.9453252],[5.5264006,43.9475013],[5.5448845,43.9388998],[5.5682339,43.9428791],[5.5675965,43.9371787],[5.5819765,43.9247085],[5.5815759,43.9148542],[5.5959957,43.9171438],[5.6082879,43.9149109],[5.5728673,43.8623736],[5.5487104,43.8512569],[5.5488778,43.8333892],[5.5444247,43.8183766],[5.5642062,43.8199353],[5.5681094,43.8280276],[5.5759209,43.8303441],[5.6013642,43.8261875],[5.627853,43.8311761],[5.6545749,43.8250442],[5.6654322,43.81072],[5.6742087,43.8075859],[5.6858575,43.7870192],[5.7041437,43.7797027],[5.7128039,43.7811789],[5.7163977,43.7556713],[5.7445535,43.7433651],[5.7583526,43.7305772],[5.7465986,43.7193861],[5.7315398,43.7139358],[5.7139115,43.6912881],[5.6725561,43.6934208],[5.657104,43.6854135],[5.6426187,43.6724723],[5.6137092,43.6639617],[5.6070439,43.6586727],[5.5745839,43.6621935],[5.5323337,43.6592143],[5.4237208,43.6867557],[5.339024,43.7202048],[5.3167421,43.7361362],[5.2475296,43.7487067],[5.2294831,43.7476606],[5.1875434,43.7351153],[5.1740298,43.7384911],[5.0478374,43.7899695],[5.0430243,43.7954864],[5.0411867,43.8111768],[5.0300665,43.8271999],[4.9972214,43.8449328],[4.9759147,43.8664755],[4.9666139,43.8712257],[4.9217974,43.8878197],[4.9026572,43.888347],[4.8852394,43.9003474],[4.853161,43.9113788],[4.7396309,43.9245884],[4.7397063,43.9194958],[4.7244487,43.9069508],[4.6971883,43.8964997],[4.7092879,43.8979959],[4.6926734,43.8845143],[4.6665865,43.8758452],[4.6641664,43.8708978],[4.6603576,43.875934],[4.6415066,43.8674231],[4.6483343,43.8591559],[4.641253,43.851102],[4.6598391,43.8533366],[4.6668374,43.8473227],[4.6639695,43.8432165],[4.6500012,43.8392011],[4.6422758,43.8311599],[4.6553651,43.8075318],[4.6522471,43.7854105],[4.6258295,43.7583285],[4.6241265,43.7478451],[4.6122293,43.7258736],[4.6134113,43.7115468],[4.6238275,43.6979559],[4.6275084,43.6854578],[4.6167606,43.688887],[4.5959804,43.686819],[4.5807493,43.696802],[4.5579637,43.6995884],[4.5384789,43.7075706],[4.5250947,43.702236],[4.4861445,43.6987222],[4.4762203,43.6856655],[4.4779104,43.672904],[4.4516429,43.6646245],[4.4262285,43.6245821],[4.4405306,43.6107005],[4.4647505,43.6154073],[4.4735275,43.6110616],[4.4744524,43.6045302],[4.4607245,43.5892532],[4.4487264,43.5834011],[4.4233692,43.5844198],[4.4028163,43.5731994],[4.4166376,43.5706402],[4.4091005,43.5609853],[4.387868,43.5625432],[4.3807318,43.5526222],[4.364837,43.5472436],[4.3511101,43.5470438],[4.3491551,43.5424936],[4.3342317,43.5354913],[4.3165188,43.5443192],[4.3160539,43.5477114],[4.3231069,43.5537627],[4.3186922,43.5572605],[4.3141169,43.5556683],[4.3169912,43.5519262],[4.3111872,43.5511667],[4.3078865,43.5454884],[4.3244736,43.528287],[4.3096651,43.5250488],[4.296048,43.5146125],[4.2590959,43.5076813],[4.2393683,43.4989045],[4.2304538,43.4793339],[4.2301364,43.4604735]]],[[[4.6495051,44.261057],[4.650943956224147,44.259712495255044],[4.6496022073597,44.26197436903819],[4.6495051,44.261057]]],[[[4.7061901,44.1101187],[4.706236475221535,44.10993432834321],[4.7110403,44.1194282],[4.7061901,44.1101187]]],[[[4.70739419426679,44.105331642438756],[4.7080012,44.1029184],[4.708095581682867,44.10282988362612],[4.70739419426679,44.105331642438756]]],[[[4.722552196793015,44.08067313453642],[4.7228952,44.0794756],[4.724739171336722,44.07991952751586],[4.722552196793015,44.08067313453642]]],[[[4.7396309,43.9245884],[4.749190754125513,43.93105428993488],[4.7461573,43.9303234],[4.7396309,43.9245884]]],[[[4.7411287437704805,44.08386524078787],[4.756640836950384,44.08759970501408],[4.7516658,44.0880119],[4.7411287437704805,44.08386524078787]]],[[[4.758461858196698,44.0874488285815],[4.7605937901752275,44.08072774171882],[4.7600566,44.0873167],[4.758461858196698,44.0874488285815]]],[[[4.762150423824425,44.07582032906448],[4.7624388,44.0749112],[4.7865872315959095,44.06555475326048],[4.7865502,44.0658915],[4.762150423824425,44.07582032906448]]],[[[4.768773560921584,43.93577263271896],[4.7783571,43.937565],[4.7789598748358335,43.93822695508725],[4.768773560921584,43.93577263271896]]],[[[4.7937941,43.9545176],[4.8126382,43.9618924],[4.814428689550491,43.9641543958472],[4.7937941,43.9545176]]],[[[4.810087,43.9780612],[4.810187027594879,43.97779369396977],[4.810508260638092,43.979459665250836],[4.810087,43.9780612]]],[[[4.811189815637967,43.97511191551763],[4.815011707356926,43.96489094516503],[4.8154232,43.9654108],[4.811189815637967,43.97511191551763]]],[[[4.81280151458035,43.98707261471633],[4.8216055927073915,43.98700011822302],[4.8130903,43.9880313],[4.81280151458035,43.98707261471633]]],[[[4.8194305,44.0175342],[4.8399164903593075,44.01245054460552],[4.8377659,44.0147728],[4.8194305,44.0175342]]],[[[4.84065961831537,43.98684321933819],[4.8424593,43.9868284],[4.842966710894615,43.98846466891671],[4.84065961831537,43.98684321933819]]],[[[4.842437370135582,44.00972844244694],[4.844097969114065,43.992112684126695],[4.8455335,43.9967419],[4.8437755,44.0082835],[4.842437370135582,44.00972844244694]]],[[[5.1506804,44.3095781],[5.167627349706894,44.31434175480643],[5.167244813528945,44.31471018944967],[5.1506804,44.3095781]]],[[[5.171728938259075,44.31039136422366],[5.173648465268614,44.308004962989685],[5.1738665,44.3083326],[5.171728938259075,44.31039136422366]]],[[[5.2351201,43.3297844],[5.2358215,43.3294328],[5.2369678,43.3300547],[5.2351201,43.3297844]]],[[[5.396981135536989,43.212217656422254],[5.397333103009107,43.21219166276707],[5.3974333,43.2123942],[5.396981135536989,43.212217656422254]]],[[[5.4549204,43.2116866],[5.4551006,43.2115863],[5.4551941,43.2117087],[5.4549204,43.2116866]]],[[[5.455992,43.2107225],[5.457153,43.2101647],[5.4561525,43.2107727],[5.455992,43.2107225]]],[[[5.753435906490167,43.132011514456885],[5.755940490591993,43.13200113528405],[5.7572093,43.1326357],[5.753435906490167,43.132011514456885]]],[[[5.781873,43.079118],[5.7854581,43.0794911],[5.784726835982368,43.080444532141925],[5.781873,43.079118]]],[[[5.782965878143192,43.07791830212672],[5.786143369328755,43.074430237660025],[5.7921246,43.0777539],[5.7896153,43.0801154],[5.782965878143192,43.07791830212672]]],[[[5.788271447149707,43.07209415796817],[5.7924765,43.0692021],[5.7900712,43.0724529],[5.788271447149707,43.07209415796817]]],[[[5.792464946608884,43.068656741796936],[5.793494384517702,43.068066637790565],[5.7937276,43.0694446],[5.792464946608884,43.068656741796936]]],[[[5.8069749,43.0649428],[5.807194,43.0648519],[5.8072963,43.0649265],[5.8069749,43.0649428]]],[[[5.807297,43.0649693],[5.8074466,43.0648933],[5.8075763,43.0649699],[5.807297,43.0649693]]],[[[5.8073016,43.0650844],[5.8075322,43.0650522],[5.8076019,43.0651657],[5.8073016,43.0650844]]],[[[5.8073723,43.0648167],[5.8075344,43.0648487],[5.8074632,43.0648716],[5.8073723,43.0648167]]],[[[5.8912972,43.1158236],[5.893852128967185,43.11613671218801],[5.891770501845288,43.11675517020446],[5.8912972,43.1158236]]],[[[5.8972255,43.1130285],[5.897728093544712,43.11313825457459],[5.897275725923294,43.11383827606271],[5.8972255,43.1130285]]],[[[5.954727,43.1061508],[5.9568121,43.10632],[5.9562501,43.1070429],[5.954727,43.1061508]]],[[[6.364142441145124,43.12151416916163],[6.3644798,43.1210812],[6.364854709620795,43.121741937999474],[6.364142441145124,43.12151416916163]]],[[[6.364854709620795,43.121741937999474],[6.3665911,43.1222972],[6.3669974,43.1255182],[6.364854709620795,43.121741937999474]]],[[[6.3698012,43.1026402],[6.370924591324696,43.10272237384601],[6.3702381,43.1028856],[6.3698012,43.1026402]]],[[[6.3717035,43.0912566],[6.3719912,43.0909471],[6.3725477,43.0911325],[6.3717035,43.0912566]]],[[[6.3831961,43.1392433],[6.3841389,43.1392912],[6.3837124,43.1394292],[6.3831961,43.1392433]]],[[[6.3834026,43.1391762],[6.3839512,43.1391043],[6.3840719,43.13921],[6.3834026,43.1391762]]],[[[6.893123339820062,43.42756750804251],[6.894028,43.427628],[6.894139250623853,43.427901796919784],[6.893123339820062,43.42756750804251]]],[[[6.9084186,43.4448311],[6.9088247,43.4448774],[6.9086612,43.4449701],[6.9084186,43.4448311]]],[[[6.9239976,43.4735477],[6.9240885,43.4735],[6.9241568,43.4735507],[6.9239976,43.4735477]]],[[[6.9244859,43.4713399],[6.92477597567817,43.471227381984036],[6.924799124981264,43.47134415615548],[6.9244859,43.4713399]]],[[[6.9257741,43.4737652],[6.9259018,43.473685],[6.9259673,43.4738017],[6.9257741,43.4737652]]],[[[7.1318705,43.5725949],[7.1320541,43.5727326],[7.1319441,43.5727656],[7.1318705,43.5725949]]],[[[7.3373075,43.7059627],[7.3388267,43.7068003],[7.3395878,43.7079022],[7.3373075,43.7059627]]],[[[7.3394624,43.7115217],[7.339618,43.711425],[7.3401748,43.7117542],[7.3394624,43.7115217]]],[[[7.3395363,43.7119204],[7.339633,43.7117542],[7.3398261,43.7119084],[7.3395363,43.7119204]]]]}},{"type":"Feature","id":"languedoc-roussillon","properties":{"name":"Languedoc-Roussillon","slug":"languedoc-roussillon","parent_iso_a3":"FRA","source_name":"OpenStreetMap via Nominatim","source_url":"https://nominatim.openstreetmap.org/","source_license":"ODbL 1.0","source_queries":"Languedoc-Roussillon, France => Languedoc-Roussillon, France métropolitaine, France"},"geometry":{"type":"Polygon","coordinates":[[[1.6887151,43.2736787],[1.7026015,43.2564784],[1.6992804,43.248535],[1.6950978,43.2469941],[1.706877,43.2453112],[1.7026063,43.2396576],[1.7235048,43.2248478],[1.7214693,43.2176308],[1.7254747,43.2119537],[1.7086782,43.1982784],[1.7113479,43.186893],[1.7240313,43.1882822],[1.743942,43.1829373],[1.7446357,43.1761045],[1.779592,43.1603813],[1.7833805,43.1512102],[1.7928459,43.1589421],[1.8047796,43.1569009],[1.8259169,43.1454301],[1.8491813,43.1458835],[1.8516321,43.1492026],[1.8417583,43.155385],[1.8522179,43.1604324],[1.8567564,43.1444391],[1.8760808,43.1425989],[1.88156,43.1478416],[1.8807269,43.1269789],[1.8912056,43.125608],[1.8889202,43.119474],[1.8935003,43.1155358],[1.902029,43.1232853],[1.9021608,43.1297876],[1.9142,43.1334547],[1.9277925,43.1291043],[1.9284279,43.1238975],[1.9494486,43.1208324],[1.9530332,43.1126815],[1.9494859,43.106318],[1.9556304,43.0864502],[1.9498897,43.0803757],[1.9565436,43.0809256],[1.9639284,43.0692493],[1.9512958,43.065644],[1.9422663,43.0676913],[1.9395542,43.062525],[1.9426766,43.0582613],[1.940988,43.0535014],[1.9539167,43.0459227],[1.9563398,43.0463497],[1.9537709,43.049521],[1.9589123,43.0506407],[1.9725681,43.0466023],[1.9752718,43.0402568],[1.9855021,43.0321108],[1.9848284,43.0220231],[1.9694147,43.0080092],[1.986921,43.0026567],[1.9874451,42.9936159],[1.9821759,42.987546],[1.9878373,42.9747925],[1.985371,42.9668452],[1.995593,42.961591],[2.0060691,42.962372],[1.9952041,42.9530341],[1.9883386,42.9537368],[1.9801697,42.9606104],[1.9628741,42.9608152],[1.9576372,42.9640719],[1.9555968,42.9582128],[1.9518636,42.9589375],[1.9524394,42.9550016],[1.936575,42.9539113],[1.9334942,42.9396482],[1.9806714,42.9297873],[1.9812055,42.921074],[1.9882251,42.9182325],[1.9918781,42.9055569],[1.9842204,42.9029514],[1.9870189,42.8949317],[1.9808318,42.8786253],[1.987431,42.870596],[1.9458735,42.8557],[1.8769093,42.8529091],[1.8764874,42.8403786],[1.8608209,42.8279678],[1.8598979,42.8199845],[1.8964385,42.808143],[1.8980159,42.8027098],[1.9287794,42.77506],[1.9214584,42.7699605],[1.908418,42.7689844],[1.9136806,42.7580317],[1.9300582,42.7553048],[1.9315535,42.7513371],[1.9472124,42.7450952],[1.9490806,42.7367215],[2.0035606,42.7335016],[2.014605,42.7393966],[2.0292869,42.7382796],[2.0340339,42.7452478],[2.0476504,42.7480058],[2.056326,42.7550196],[2.0862628,42.7521721],[2.0871875,42.7392753],[2.0913226,42.735179],[2.1395739,42.7118779],[2.1401144,42.7062353],[2.1458744,42.7024838],[2.159734,42.7028229],[2.1680266,42.6977849],[2.1758135,42.6828695],[2.1678782,42.6740494],[2.1657986,42.6637524],[2.149722,42.6624419],[2.1243692,42.6725157],[2.1006037,42.6645588],[2.0708387,42.6667944],[2.060855,42.6610122],[2.0523549,42.6625359],[2.0277348,42.652464],[1.9985662,42.6617085],[1.971695,42.617169],[1.9499543,42.6174959],[1.9437742,42.6133379],[1.9428444,42.6080588],[1.9340643,42.6047975],[1.9272139,42.6094968],[1.906423,42.609347],[1.9008324,42.6153967],[1.8930617,42.6050611],[1.8928605,42.5951302],[1.8854056,42.5899208],[1.8784714,42.5906068],[1.8747772,42.5814685],[1.865036,42.5788235],[1.8605364,42.583997],[1.853739,42.5813531],[1.851536,42.5846478],[1.8373958,42.5847195],[1.7996712,42.5732416],[1.786664,42.5741828],[1.765091,42.563372],[1.7470593974145752,42.56212920867707],[1.7349422,42.5499612],[1.7379132,42.5495386],[1.7346456,42.5475269],[1.7335828,42.5278975],[1.7290789,42.5253274],[1.7296903,42.5204015],[1.7233221,42.5181791],[1.729967,42.4923862],[1.7471011,42.4953859],[1.7619109,42.487576],[1.7919423,42.4854956],[1.8042982,42.4903593],[1.8167212,42.4831448],[1.8234742,42.486526],[1.8388634,42.4789928],[1.8533634,42.465041],[1.8596357,42.4625589],[1.8644747,42.4663121],[1.8807852,42.4600682],[1.8848129,42.4496109],[1.891171,42.4477154],[1.8982566,42.4500301],[1.9162915,42.4462367],[1.9327295,42.4546433],[1.9370504,42.4536822],[1.942842,42.4448878],[1.9409035,42.4299848],[1.958638,42.4241194],[1.9552896,42.4108836],[1.9613197,42.4026571],[1.9599649,42.3941974],[1.9653547,42.3811539],[1.9716878,42.3739718],[1.9791656,42.3716],[1.9864072,42.3619286],[2.0120481,42.3530147],[2.015701541662788,42.347621107197156],[2.0233364,42.3556159],[2.0585176,42.3578617],[2.0727442429720204,42.36542433857416],[2.103985,42.38483],[2.121038,42.410617],[2.1676294,42.4248996],[2.1804147,42.4181882],[2.2064819,42.4174253],[2.2243689,42.4259034],[2.2462104,42.4288695],[2.2569345,42.4386996],[2.276643,42.4324195],[2.2910138,42.4236431],[2.3122698,42.4286308],[2.3240599,42.417955],[2.343919,42.4168918],[2.3469328,42.4078591],[2.3608496,42.4028421],[2.3871322,42.4002612],[2.4054356,42.3929164],[2.4334266,42.3932986],[2.4354769,42.3753168],[2.4468676,42.3690491],[2.4547565,42.3696573],[2.4569126,42.3632022],[2.4674897,42.3596273],[2.4812199,42.3407709],[2.4999773,42.3433061],[2.532811,42.3327551],[2.540341,42.346977],[2.548092,42.352248],[2.5711551,42.3584997],[2.6103151,42.346823],[2.661936800375321,42.34171586852833],[2.649378,42.353721],[2.640283,42.372841],[2.6541745,42.3883661],[2.6592372252288077,42.38791232421212],[2.6728057412131996,42.395860434469434],[2.6712397,42.4026092],[2.6741366,42.405195],[2.6905662309007514,42.406231767848766],[2.7174528,42.4213148],[2.7339308,42.4247315],[2.7547745,42.425454],[2.7705193,42.4116036],[2.7769019,42.4118976],[2.7837899,42.4174389],[2.8002853,42.4193192],[2.8034605,42.4318099],[2.8100668,42.4317001],[2.815378,42.4398717],[2.8266306,42.4388007],[2.8390674,42.4594089],[2.8616296,42.4550124],[2.8637605,42.4641049],[2.8704552,42.467438],[2.8823932,42.4604598],[2.8898909,42.4620287],[2.91173899733524,42.45755185229753],[2.9470577,42.4821294],[2.9674678,42.4652315],[2.977738557834198,42.46670325069962],[2.9896864,42.4740209],[3.014370743167123,42.467214837429495],[3.0318714,42.4750273],[3.0405513,42.4745774],[3.0468787,42.45734],[3.086147,42.427179],[3.0997028103613236,42.42602616137988],[3.1094166,42.4352386],[3.1208801,42.4381865],[3.1253679,42.4349775],[3.1447668,42.4331342],[3.1739073,42.4349137],[3.1737345,42.438228],[3.1778737,42.4397846],[3.1746494,42.4422652],[3.1665486,42.4403754],[3.1692517,42.4479614],[3.159838,42.4520805],[3.1676039,42.4568571],[3.1570958,42.4597605],[3.1622358,42.4652426],[3.1538691,42.4720459],[3.1551109,42.477208],[3.1370694,42.4825337],[3.1330395,42.4805859],[3.1296727,42.4828322],[3.1325617,42.485449],[3.1275502,42.487584],[3.1330012,42.4909385],[3.1323519,42.4964336],[3.1359851,42.499843],[3.1295344,42.499489],[3.1228449,42.5054792],[3.1332998,42.5107709],[3.1321122,42.5133791],[3.1411701,42.5157933],[3.1176338,42.5231821],[3.1171493,42.519379],[3.1070513,42.5159831],[3.1076886,42.520603],[3.1139081,42.5211034],[3.1081552,42.523053],[3.1096669,42.5251218],[3.0858258,42.5240754],[3.0844251,42.5264536],[3.0887968,42.5276817],[3.0827912,42.5318462],[3.0600111,42.5354284],[3.0516249,42.544429],[3.0418366,42.6207517],[3.0365627,42.6279879],[3.0374737,42.6576947],[3.0353527,42.6565469],[3.0345278,42.6614873],[3.040432272942504,42.70372852319357],[3.0381064,42.7048883],[3.0409875,42.7233599],[3.037795,42.7309197],[3.0414307473774826,42.79803395574057],[3.0394145,42.8080254],[3.056082,42.907131],[3.0548169384522494,42.925393040941124],[3.0399968,42.9301754],[3.038992,42.942776],[3.0672566269458406,43.018767783267705],[3.06396,43.0202845],[3.067743752089528,43.020029982268],[3.0839397,43.0588063],[3.093688461170515,43.06822016708869],[3.114024,43.106309],[3.13152083311194,43.11803832015378],[3.1638174,43.1534938],[3.244314,43.219428],[3.317719,43.263088],[3.4064166,43.288584],[3.452403,43.288764],[3.4917941091404687,43.27452393364197],[3.513357,43.281073],[3.589692,43.354885],[3.622162,43.374905],[3.6649598,43.3932752],[3.672293711194177,43.391049644340605],[3.7483756,43.4186685],[3.7534654,43.425827],[3.7679557997010726,43.42966144179623],[3.818753292707155,43.460160523397164],[3.8340071,43.47412],[3.8688325,43.4968277],[3.952973,43.539944],[3.990896,43.550849],[4.0535061,43.5574991],[4.084543789035952,43.553399703591964],[4.0902823,43.5561769],[4.1114272,43.551222],[4.127344,43.5436562],[4.1338655,43.5368265],[4.131783429266507,43.53499212610151],[4.1388586,43.5314037],[4.1357578,43.5238797],[4.125211329515189,43.521919598177895],[4.1196850279782655,43.514033167990995],[4.1225722,43.514153],[4.122048,43.510825],[4.1174311538056445,43.51013427675245],[4.132823,43.487047],[4.1708103,43.4713798],[4.2296595,43.4602038],[4.2304538,43.4793339],[4.2393683,43.4989045],[4.2590959,43.5076813],[4.296048,43.5146125],[4.3096651,43.5250488],[4.3244736,43.528287],[4.3078865,43.5454884],[4.3111872,43.5511667],[4.3169912,43.5519262],[4.3141169,43.5556683],[4.3186922,43.5572605],[4.3231069,43.5537627],[4.3160539,43.5477114],[4.3165188,43.5443192],[4.3342317,43.5354913],[4.3491551,43.5424936],[4.3511101,43.5470438],[4.364837,43.5472436],[4.3807318,43.5526222],[4.387868,43.5625432],[4.4091005,43.5609853],[4.4166376,43.5706402],[4.4028163,43.5731994],[4.4233692,43.5844198],[4.4487264,43.5834011],[4.4607245,43.5892532],[4.4744524,43.6045302],[4.4735275,43.6110616],[4.4647505,43.6154073],[4.4405306,43.6107005],[4.4262285,43.6245821],[4.4516429,43.6646245],[4.4779104,43.672904],[4.4762203,43.6856655],[4.4861445,43.6987222],[4.5250947,43.702236],[4.5384789,43.7075706],[4.5579637,43.6995884],[4.5807493,43.696802],[4.5959804,43.686819],[4.6167606,43.688887],[4.6275084,43.6854578],[4.6238275,43.6979559],[4.6134113,43.7115468],[4.6122293,43.7258736],[4.6241265,43.7478451],[4.6258295,43.7583285],[4.6522471,43.7854105],[4.6553651,43.8075318],[4.6422758,43.8311599],[4.6500012,43.8392011],[4.6639695,43.8432165],[4.6668374,43.8473227],[4.6598391,43.8533366],[4.641253,43.851102],[4.6483343,43.8591559],[4.6415066,43.8674231],[4.6603576,43.875934],[4.6641664,43.8708978],[4.6665865,43.8758452],[4.6926734,43.8845143],[4.7092879,43.8979959],[4.6971883,43.8964997],[4.7244487,43.9069508],[4.7397063,43.9194958],[4.7396309,43.9245884],[4.7461573,43.9303234],[4.749190754125513,43.93105428993488],[4.7513485,43.9325137],[4.768773560921584,43.93577263271896],[4.7789598748358335,43.93822695508725],[4.7937941,43.9545176],[4.814428689550491,43.9641543958472],[4.815011707356926,43.96489094516503],[4.811189815637967,43.97511191551763],[4.8101357,43.9775275],[4.810187027594879,43.97779369396977],[4.810087,43.9780612],[4.810508260638092,43.979459665250836],[4.8119775,43.9870794],[4.81280151458035,43.98707261471633],[4.8130903,43.9880313],[4.8216055927073915,43.98700011822302],[4.84065961831537,43.98684321933819],[4.842966710894615,43.98846466891671],[4.843291833041413,43.9895131037623],[4.84351748868259,43.99827046401395],[4.842437370135582,44.00972844244694],[4.8399164903593075,44.01245054460552],[4.8194305,44.0175342],[4.814279,44.0344283],[4.7880005,44.0527032],[4.7865872315959095,44.06555475326048],[4.7624388,44.0749112],[4.762150423824425,44.07582032906448],[4.7609542,44.0763071],[4.7605937901752275,44.08072774171882],[4.758461858196698,44.0874488285815],[4.756640836950384,44.08759970501408],[4.7411287437704805,44.08386524078787],[4.7281317,44.0787505],[4.724739171336722,44.07991952751586],[4.7228952,44.0794756],[4.722552196793015,44.08067313453642],[4.7208523,44.0812589],[4.7191848,44.0924298],[4.7081198,44.1027435],[4.708095581682867,44.10282988362612],[4.7080012,44.1029184],[4.70739419426679,44.105331642438756],[4.7061511,44.1097656],[4.706236475221535,44.10993432834321],[4.7061901,44.1101187],[4.7110403,44.1194282],[4.7116937,44.1348468],[4.7198344,44.1457155],[4.7162232,44.1768155],[4.7197083,44.1772147],[4.7223446,44.1874088],[4.7057031,44.1930741],[4.7044668,44.2000416],[4.7098221,44.2085855],[4.7057517,44.214644],[4.6800975,44.2120871],[4.6740517,44.214501],[4.677655,44.234753],[4.65416,44.254291],[4.650087742911224,44.26051256328311],[4.6495051,44.261057],[4.649536601464541,44.26135459297665],[4.6488276,44.2624378],[4.648890598238756,44.26317397505774],[4.648568,44.2637178],[4.649468511002949,44.270155495680655],[4.6433157,44.273618],[4.643184615903045,44.27385086909282],[4.6430662,44.2739203],[4.64238925417264,44.27526381825238],[4.636789452193943,44.285211789341545],[4.635858453450203,44.28541012766843],[4.6160086,44.2786011],[4.605067,44.291357],[4.5868166,44.2944693],[4.5772563,44.3010906],[4.5620594,44.3009379],[4.5446591,44.3205112],[4.5488357,44.3258924],[4.5329669,44.3225081],[4.5226706,44.3305774],[4.5126179,44.3281073],[4.5131401,44.3346215],[4.5073371,44.3370531],[4.507233467508161,44.33728230593517],[4.5070792,44.3373518],[4.50700711302067,44.337782938420844],[4.50428990208734,44.343792645048396],[4.503968623176141,44.34373653896857],[4.5033919,44.3398026],[4.501634299355476,44.33927298986005],[4.5015373,44.3386623],[4.498651210173839,44.338374108601734],[4.4975683,44.3380478],[4.487700526727394,44.33728062469633],[4.4817016,44.3366816],[4.481553849285759,44.336802747975554],[4.4807519,44.3367404],[4.4753723,44.3418713],[4.4660896,44.3403362],[4.4648514,44.3433384],[4.4543459,44.3398039],[4.4484544,44.2966753],[4.4532723,44.2978283],[4.4453521,44.2872971],[4.4344261,44.2832018],[4.4311427,44.2878226],[4.4332324,44.2915654],[4.4206573,44.2870624],[4.4005695,44.2873839],[4.3951694,44.2911463],[4.394227629077995,44.29979977112332],[4.3897476,44.3010252],[4.402723087628986,44.33318149162612],[4.392413133690062,44.3456246302959],[4.3676315,44.3391604],[4.3254455,44.3383268],[4.3302703,44.3319013],[4.3163849,44.32036],[4.3034412,44.3146316],[4.290065951587133,44.31489725288743],[4.2893452,44.2922275],[4.2801772,44.2830921],[4.2775412,44.2750712],[4.258796,44.2643356],[4.2415223,44.2698781],[4.2149247,44.2908209],[4.186485,44.2997589],[4.1777236,44.317723],[4.1630603,44.3121948],[4.1427736,44.3130932],[4.1418473,44.3274541],[4.1347679,44.3284936],[4.1319137,44.3358483],[4.1271922,44.3375182],[4.1160508,44.3268491],[4.1040803,44.3339581],[4.0943447,44.3347754],[4.0930686,44.3304674],[4.0751564,44.3298026],[4.0603071,44.3200753],[4.0522201,44.3170224],[4.0471172,44.3190535],[4.0499526,44.3214052],[4.0466084,44.3218012],[4.0477262,44.3241851],[4.0357544,44.3299041],[4.0545192,44.3377526],[4.050665,44.3467805],[4.0549216,44.3522239],[4.0532228,44.3598524],[4.057297623136636,44.363651298350405],[4.0522096,44.3674286],[4.0523581,44.3793045],[4.0437402,44.3843589],[4.0402203,44.3916251],[4.0470511,44.3974534],[4.056223,44.3926247],[4.0644616,44.3940505],[4.0623358,44.3986452],[4.0700215,44.4039883],[4.0477761,44.4180555],[4.0362702,44.4192016],[4.04633,44.4318329],[4.0371782,44.44608],[4.0341788,44.4436272],[4.0230801,44.4457352],[4.0220657,44.4499699],[4.0147538,44.4509327],[4.0153168,44.4545848],[3.9982345,44.4597484],[3.9969031,44.4660476],[3.987733,44.4728761],[3.9848536,44.4837779],[3.9869198,44.491743],[3.9842678,44.4929403],[3.9887369,44.5038774],[3.9812164,44.5158118],[3.9763741,44.5168881],[3.9790259,44.5227552],[3.9712532,44.5265323],[3.9696082,44.5335654],[3.9635149,44.5385658],[3.9664909,44.5402868],[3.9549675,44.5667805],[3.9455243,44.5736084],[3.9367403,44.5737491],[3.9301924,44.5689606],[3.9233707,44.5720215],[3.9156686,44.5817987],[3.9179509,44.5885502],[3.905068,44.5926748],[3.903537,44.5972251],[3.9080193,44.6082604],[3.9046746,44.612722],[3.8937968,44.6133594],[3.8922909,44.622929],[3.8957136,44.6373494],[3.8934713,44.6410069],[3.8978934,44.6441968],[3.890554,44.6566581],[3.8824959,44.6583953],[3.8836898,44.6650479],[3.8782479,44.6676557],[3.8791788,44.6731724],[3.8694371,44.6783399],[3.8767827,44.6891676],[3.8834604,44.6918813],[3.8844706,44.6967369],[3.8694309,44.6972684],[3.8671176,44.7031442],[3.8722226,44.7076159],[3.8610959,44.7111761],[3.8647558,44.7177124],[3.8612209,44.7199134],[3.8667218,44.7284156],[3.877682829837089,44.73234391860622],[3.8756668538156873,44.740181513455234],[3.8546017,44.7467138],[3.8352219,44.7482889],[3.8363265,44.7509154],[3.8297822,44.7550748],[3.8430763,44.76988],[3.8334565,44.7766641],[3.8178643,44.7721621],[3.8087672,44.7654693],[3.8030019,44.7707188],[3.8029029,44.7817433],[3.7987121,44.7861031],[3.7781297,44.7986583],[3.7719577,44.7969266],[3.7740359,44.8001357],[3.7704082,44.8039179],[3.7613543,44.801431],[3.7586145,44.8064639],[3.7627314,44.8095676],[3.7615608,44.8138906],[3.7500757,44.8228999],[3.7517907,44.8280593],[3.7466303,44.8296819],[3.7429567,44.8388401],[3.7352699,44.8400741],[3.7360514,44.8340314],[3.7218877,44.830741],[3.7097684,44.8371014],[3.6991728,44.8373059],[3.6979349,44.8307154],[3.663301,44.8298667],[3.6576649,44.836123],[3.6719107,44.8431438],[3.6694632,44.8468018],[3.6739062,44.854361],[3.6670918,44.8574159],[3.6536489,44.8761205],[3.6499613,44.8740036],[3.6434592,44.878314],[3.6324426,44.8772531],[3.6285683,44.8804265],[3.6149278,44.8741509],[3.6080529,44.8792808],[3.5942281,44.8766926],[3.5990079,44.8596951],[3.5902705,44.84668],[3.5944744,44.8411472],[3.5851356,44.8371688],[3.5894645,44.8327743],[3.5893386,44.8265073],[3.5789203,44.8254599],[3.5748974,44.8345898],[3.570231,44.8360434],[3.560098,44.832677],[3.5616036,44.8248037],[3.5392643,44.8281927],[3.5123992,44.8248646],[3.4988036,44.8189209],[3.4896927,44.8067768],[3.4781003,44.8098159],[3.4648249,44.8278632],[3.4559598,44.8290366],[3.4587469,44.839438],[3.4382515,44.8580234],[3.4361211,44.8800692],[3.4193652,44.8965447],[3.4168447,44.9062151],[3.4191056,44.9083121],[3.4130743,44.9157407],[3.4158759,44.9315626],[3.4115788,44.9475953],[3.4044821,44.9570612],[3.3969697,44.9585094],[3.3906029,44.9507445],[3.3716784,44.9603933],[3.3728479,44.9634586],[3.3767942,44.9629934],[3.370186,44.9699498],[3.3728866,44.975777],[3.3615077,44.9713144],[3.3546401,44.9547992],[3.3368969,44.956091],[3.315311,44.9442499],[3.3164829,44.9404602],[3.3121187,44.9378658],[3.3070113,44.9411278],[3.300084,44.9396252],[3.2860802,44.9263378],[3.2736777,44.9268516],[3.2618997,44.9318875],[3.2674247,44.9425238],[3.251879,44.941148],[3.2488096,44.9341917],[3.241674,44.9354945],[3.2485328,44.9293674],[3.2442002,44.926793],[3.2498156,44.9161387],[3.2266615,44.9098755],[3.2271391,44.8970222],[3.2382523,44.8867097],[3.2278628,44.8859888],[3.2155822,44.8743944],[3.1997365,44.8751251],[3.1924694,44.8696036],[3.191592,44.8623275],[3.1826083,44.8635392],[3.173333,44.8727888],[3.1637414,44.8739017],[3.1650506,44.878291],[3.1601963,44.8849283],[3.1413705,44.9032852],[3.1278342,44.9035577],[3.1211066,44.8951348],[3.1245574,44.8894681],[3.1175804,44.8899212],[3.1161246,44.894651],[3.1112854,44.8874129],[3.1025797,44.886929],[3.1077262,44.8781113],[3.1030679,44.8756709],[3.1025807,44.8710383],[3.1103385,44.8665534],[3.1046419,44.8661704],[3.093271,44.854798],[3.0990381,44.84983],[3.0966631,44.8466587],[3.1002321,44.8441031],[3.0973264,44.842515],[3.0993461,44.833234],[3.0843687,44.8333685],[3.0725252,44.8378676],[3.0738383,44.8259838],[3.0774612,44.8245784],[3.0639881,44.8202797],[3.0476957,44.8039516],[3.0455113,44.7983221],[3.0519499,44.7854347],[3.0425524,44.7722526],[3.0490932,44.7630883],[3.0380572,44.7585323],[3.0310104,44.7493334],[3.0306562,44.7364887],[3.026299,44.7288854],[3.0341882,44.72936],[3.0390446,44.7151769],[3.0278097,44.7170961],[3.0229755,44.7134308],[3.0161701,44.7141572],[3.0085178,44.6941176],[3.0012223,44.6895541],[2.9994199,44.6755199],[2.9823442147812314,44.651199233535216],[2.982303830794508,44.651078677576145],[2.9856331,44.6501068],[2.9822622,44.6451468],[3.0127975,44.6217192],[3.0320644,44.5976797],[3.0501191,44.5907587],[3.0606005,44.5794411],[3.0762891,44.5729535],[3.0840187,44.5597694],[3.0742111,44.5321653],[3.0786269,44.5170412],[3.0681636,44.502327],[3.100537,44.4797502],[3.1134349,44.476538],[3.1258695,44.460084],[3.136807,44.4561461],[3.1350305,44.44131],[3.1417291,44.438294],[3.1421365,44.4273064],[3.1292289,44.4217059],[3.1295298,44.4160016],[3.1263934,44.4142221],[3.1372406,44.4109267],[3.1406418,44.3922577],[3.11811,44.3856352],[3.12413,44.380187],[3.1194018,44.3638974],[3.1320611,44.357153],[3.1275244,44.3468523],[3.135159,44.3340991],[3.133936,44.3300554],[3.1541274,44.3311671],[3.1447723,44.3183666],[3.1462578,44.3138388],[3.1514632,44.3154804],[3.1543436,44.3085025],[3.1332109,44.2895344],[3.1225187,44.2854033],[3.1261478,44.2808339],[3.1201936,44.2620863],[3.1248423,44.2601685],[3.1382915,44.263933],[3.1437217,44.275563],[3.1476977,44.2764696],[3.1546256,44.2731141],[3.1600108,44.2592275],[3.1572851,44.2501736],[3.1611845,44.2448222],[3.1794272,44.2455374],[3.188648,44.2501348],[3.1927274,44.2405156],[3.2305624,44.2304238],[3.2296041,44.2255315],[3.2237413,44.2217685],[3.2245965,44.2119417],[3.211729,44.1953324],[3.2041324,44.1935258],[3.2041884,44.1898567],[3.2372677,44.1902014],[3.2669422,44.2016694],[3.2880944,44.199683],[3.2940468,44.2071528],[3.3173249,44.2005687],[3.3356259,44.2043128],[3.3453971,44.2008073],[3.3627032,44.2015815],[3.3618118,44.198221],[3.357814,44.1982568],[3.3574079,44.1932943],[3.3616137,44.1911264],[3.3608336,44.1876962],[3.3682011,44.1868871],[3.3750648,44.1790664],[3.3736976,44.1708502],[3.3570402,44.1680385],[3.3449244,44.1588679],[3.3346061,44.1588224],[3.332175,44.1416541],[3.3204659,44.135913],[3.3239303,44.1088087],[3.3122083,44.1040831],[3.2919244,44.1057988],[3.2785278,44.0969879],[3.2716678,44.097807],[3.2618961,44.0933461],[3.2676886,44.0883798],[3.27699,44.0873746],[3.2753371,44.0839425],[3.2896627,44.0717566],[3.2971319,44.0721802],[3.2943597,44.0674369],[3.3071517,44.0687139],[3.3190185,44.0795842],[3.3292074,44.0791102],[3.3370538,44.0667197],[3.3362907,44.0604113],[3.3526861,44.0496549],[3.3675374,44.0579938],[3.3725999,44.0532334],[3.3698361,44.0489235],[3.3818498,44.0567527],[3.3902502,44.0572452],[3.3922934,44.0496499],[3.4011119,44.0430309],[3.4168843,44.041827],[3.422104,44.0362653],[3.4520493,44.0215774],[3.4484511,44.0196641],[3.4494625,44.0118068],[3.4398592,43.998145],[3.4176441,43.9926294],[3.4058971,43.9695133],[3.3771528,43.9675458],[3.3754445,43.9558188],[3.3570656,43.9492509],[3.3505167,43.932316],[3.3540264,43.9303955],[3.3527935,43.9225104],[3.3572139,43.9206288],[3.355483,43.9160252],[3.3585431,43.9142881],[3.3440142,43.9060088],[3.3400984,43.9008808],[3.3428494,43.8943449],[3.3191324,43.8905597],[3.2902054,43.8953464],[3.2832568,43.8929011],[3.274626,43.8983751],[3.2650194,43.8953182],[3.2598275,43.8817755],[3.2425811,43.8743904],[3.2351342,43.8627285],[3.2373484,43.8523406],[3.2517441,43.8434997],[3.2491429,43.8297696],[3.2325016,43.8262749],[3.2127529,43.8133937],[3.1808569,43.8127399],[3.1580758,43.8174814],[3.149948,43.8135908],[3.1269194,43.8176842],[3.1111206,43.8282118],[3.0855124,43.8358422],[3.0617796,43.8336737],[3.0575145,43.8185131],[3.0636455,43.8153711],[3.0636869,43.80917],[3.0539034,43.8073722],[3.0483775,43.8015049],[3.0560373,43.7920866],[3.0588114,43.7795032],[3.0758346,43.7684799],[3.0689748,43.7618572],[3.068674,43.7570001],[3.0560995,43.7547392],[3.0525927,43.745878],[3.0592794,43.7380915],[3.0518778,43.7322645],[3.0586364,43.7268029],[3.0533861,43.7162275],[3.0691722,43.7072854],[3.0623383,43.7026274],[3.0607126,43.692689],[3.0458734,43.6974144],[3.0273861,43.6926189],[3.0145459,43.6986839],[3.0122964,43.7034624],[3.0090285,43.7017101],[2.9932112,43.7086632],[2.9891353,43.7062364],[2.9836102,43.7090642],[2.9536282,43.6950995],[2.9379082,43.6907435],[2.9334859,43.6948655],[2.9214211,43.6899506],[2.9185601,43.6870592],[2.921653,43.678373],[2.9173042,43.670105],[2.9190861,43.6632807],[2.9067262,43.654513],[2.8798176,43.6576445],[2.8733128,43.6450347],[2.8461401,43.6458062],[2.8284427,43.6371051],[2.8133894,43.6410857],[2.8132961,43.6359905],[2.807528,43.6354182],[2.7945013,43.624475],[2.7812147,43.626243],[2.7647533,43.6161357],[2.754349,43.6137823],[2.7439302,43.6197059],[2.738403,43.6316783],[2.7248393,43.6373098],[2.7217442,43.6445173],[2.7138285,43.645115],[2.7101738,43.6417333],[2.7097486,43.6467215],[2.6862311,43.6510088],[2.6844718,43.6538238],[2.6705187,43.6493558],[2.6527408,43.6489209],[2.6521182,43.6577449],[2.6455361,43.6605424],[2.6353545,43.6253356],[2.626103,43.6176419],[2.6285318,43.6109893],[2.6143168,43.5997386],[2.622038,43.592389],[2.627309,43.593393],[2.62661,43.588025],[2.631926,43.584357],[2.6155245,43.5665612],[2.6269433,43.5568055],[2.6308296,43.5483716],[2.6499775,43.5350267],[2.6547267,43.5270338],[2.6652972,43.5237554],[2.6763621,43.5135181],[2.658542,43.5169341],[2.6607514,43.5035007],[2.6545991,43.4967523],[2.6580077,43.479129],[2.6680011,43.4700921],[2.6649759,43.4620595],[2.6478191,43.4694935],[2.6384497,43.4672333],[2.646208,43.4589718],[2.61749,43.4380299],[2.604688,43.440623],[2.607914,43.436731],[2.606407,43.431306],[2.5983499,43.433391],[2.5959505,43.4292189],[2.5875495,43.4286588],[2.5816318,43.4233346],[2.5675155,43.4235857],[2.5611408,43.4203148],[2.552954,43.4246589],[2.519033,43.4236517],[2.5120478,43.4298302],[2.4990765,43.4310987],[2.496938,43.4370621],[2.4906128,43.4383496],[2.4524823,43.4318148],[2.4287225,43.4358602],[2.4203919,43.4284156],[2.4031186,43.4249231],[2.4069726,43.4194241],[2.3969151,43.4165708],[2.3933186,43.4196138],[2.3841394,43.4187068],[2.3788093,43.4231477],[2.3640664,43.4242924],[2.3318971,43.4380782],[2.3116637,43.4414871],[2.3064892,43.4472326],[2.281834,43.441017],[2.2583559,43.4600382],[2.2563907,43.4525163],[2.2448015,43.4480219],[2.2384021,43.4382343],[2.2287002,43.4315415],[2.2224625,43.431628],[2.2229718,43.4161016],[2.2292553,43.4112251],[2.2303479,43.4055774],[2.2245301,43.4028893],[2.2266825,43.3957318],[2.2145825,43.382835],[2.185509,43.3952248],[2.170301,43.4165331],[2.156896,43.4162021],[2.150402,43.4098641],[2.1409603,43.4074691],[2.1406824,43.4041826],[2.1326542,43.4035426],[2.1279437,43.3993422],[2.1135658,43.3989655],[2.1090829,43.3943694],[2.0958792,43.3964678],[2.09136,43.3936507],[2.085231,43.3987555],[2.0733935,43.3948917],[2.0662488,43.405172],[2.0716747,43.4068223],[2.0612676,43.4152552],[2.052867,43.4306054],[2.0291704,43.4368],[2.0391192,43.4248413],[2.0377867,43.422422],[2.0304477,43.4191716],[2.0206138,43.4228706],[2.014299,43.4147552],[1.9975826,43.4131617],[1.9880095,43.4075169],[1.978181,43.4183315],[1.9787298,43.414459],[1.9712583,43.4207355],[1.9659379,43.4152192],[1.9620095,43.4185385],[1.9638813,43.4226974],[1.9542182,43.4265618],[1.9497541,43.4194173],[1.9344489,43.4251464],[1.9190605,43.4214057],[1.9212828,43.4134965],[1.916859,43.4073222],[1.9102926,43.4062677],[1.914585,43.4008753],[1.9046343,43.3934252],[1.8954532,43.3968083],[1.9035226,43.4056373],[1.8993746,43.4074412],[1.904891,43.4076429],[1.8974627,43.4122584],[1.8967276,43.4176229],[1.8727382,43.4291558],[1.8749577,43.4358103],[1.8579797,43.443869],[1.8528767,43.4373975],[1.8466908,43.4374057],[1.8464371,43.4336938],[1.8426249,43.4326833],[1.8482405,43.4259506],[1.8422022,43.4148414],[1.8276374,43.4185427],[1.8171835,43.4109488],[1.8167175,43.4035499],[1.8261429,43.3949984],[1.8195655,43.3919774],[1.8121052,43.3955408],[1.803048,43.3925676],[1.8052026,43.3907929],[1.8025746,43.3870144],[1.8110402,43.3817671],[1.8012519,43.3761198],[1.8077386,43.372123],[1.8017255,43.3662148],[1.8067523,43.364842],[1.8041537,43.3579456],[1.8167839,43.3496029],[1.8134992,43.3413022],[1.7971887,43.340175],[1.782439,43.3461737],[1.7799007,43.3422535],[1.7728245,43.3418122],[1.7718318,43.3371067],[1.7489485,43.349663],[1.7496722,43.3447966],[1.7345931,43.3354568],[1.7232069,43.3408439],[1.7299832,43.3354888],[1.7245942,43.3287536],[1.7268668,43.3245479],[1.7337584,43.3229326],[1.7358826,43.3141346],[1.7265568,43.3136435],[1.7256168,43.3101102],[1.7061247,43.3048057],[1.7035207,43.3024982],[1.7161406,43.2954337],[1.7091091,43.291957],[1.6971819,43.2757815],[1.6887151,43.2736787]],[[1.945648,42.463817],[1.956604,42.481775],[1.967972,42.485702],[1.9710741498888935,42.482483999699234],[1.9781506,42.4858459],[1.9771451,42.4905131],[1.9813212,42.4950205],[1.9896829,42.4935759],[1.9987048,42.4852742],[1.9927877,42.4843163],[1.9863048,42.4754403],[1.9916922,42.4624873],[2.014389,42.45179],[2.012787,42.4483456],[1.9967161551183632,42.447486461571],[1.999495,42.443896],[1.986163,42.441261],[1.960634,42.443715],[1.947509,42.451234],[1.945648,42.463817]]]}},{"type":"Feature","id":"los-carneros","properties":{"name":"Los Carneros","slug":"los-carneros","parent_iso_a3":"CAL","source_name":"OpenStreetMap via Nominatim","source_url":"https://nominatim.openstreetmap.org/","source_license":"ODbL 1.0","source_queries":"Carneros Resort and Spa, Napa County, California, USA => Carneros Resort and Spa, Carneros Highway, Napa County, California, 94559, United States"},"geometry":{"type":"Polygon","coordinates":[[[-122.3356515,38.2554931],[-122.3345938,38.2556428],[-122.3349065,38.2560651],[-122.3356515,38.2554931]]]}},{"type":"Feature","id":"napa","properties":{"name":"Napa","slug":"napa","parent_iso_a3":"CAL","source_name":"OpenStreetMap via Nominatim","source_url":"https://nominatim.openstreetmap.org/","source_license":"ODbL 1.0","source_queries":"Napa Valley, California, USA => Napa Valley AVA, Napa County, California, United States | Napa County, California, USA => Napa County, California, United States"},"geometry":{"type":"Polygon","coordinates":[[[-122.6468084,38.598465],[-122.6305751,38.5787551],[-122.6319817,38.569725],[-122.6227099,38.5678162],[-122.6208349,38.5602897],[-122.6033518,38.5588841],[-122.5876052,38.5526608],[-122.5743061,38.5405053],[-122.5665975,38.5254538],[-122.5544959,38.5262283],[-122.5445302,38.5205078],[-122.5423085,38.5133796],[-122.5487669,38.5112193],[-122.5355197,38.5015514],[-122.5448255,38.4956312],[-122.5313009,38.478581],[-122.529617,38.4695892],[-122.5159536,38.470741],[-122.5058838,38.4646246],[-122.5100504,38.4622],[-122.5093213,38.4577675],[-122.4935395,38.4566547],[-122.4799803,38.4511519],[-122.4978805,38.4244778],[-122.4703625,38.4048766],[-122.4658479,38.3904862],[-122.4479138,38.3792369],[-122.45748,38.3674892],[-122.4268369,38.3488952],[-122.4211075,38.3392284],[-122.4122005,38.3342003],[-122.4138151,38.3310316],[-122.4091621,38.3205495],[-122.4054467,38.3220042],[-122.396332,38.3090566],[-122.3946478,38.3044967],[-122.4037976,38.2995328],[-122.4009328,38.289393],[-122.4047873,38.2816576],[-122.3972692,38.2722057],[-122.3874777,38.2734662],[-122.3898387,38.2605685],[-122.3735007,38.2477118],[-122.3740042,38.2444835],[-122.3652542,38.246347],[-122.3579094,38.2256282],[-122.3591591,38.2097192],[-122.3507733,38.202026],[-122.3496966,38.1941116],[-122.3602703,38.197198],[-122.3578218,38.1827377],[-122.3691241,38.1820375],[-122.3656514,38.1659856],[-122.3677523,38.1588501],[-122.3967635,38.1614453],[-122.4055491,38.1598499],[-122.4070422,38.1558739],[-122.1953162,38.1548642],[-122.1987193,38.1593532],[-122.1952814,38.1670622],[-122.2032678,38.1686579],[-122.2033552,38.172295],[-122.2089975,38.1728605],[-122.2150741,38.1793632],[-122.2128344,38.1845708],[-122.21556,38.1886087],[-122.2094143,38.1900724],[-122.2113071,38.192523],[-122.2047789,38.1985892],[-122.2054905,38.2084401],[-122.1947787,38.2126613],[-122.1963761,38.2182057],[-122.1931819,38.2216265],[-122.2014286,38.2402348],[-122.2124016,38.2491683],[-122.2107693,38.2525413],[-122.2034426,38.2490806],[-122.1947796,38.2509814],[-122.192904,38.2563308],[-122.2127313,38.2592462],[-122.2167416,38.2623958],[-122.2161516,38.2663121],[-122.2120366,38.2730932],[-122.1881473,38.2716592],[-122.2035998,38.2933766],[-122.198773,38.3013374],[-122.2061002,38.3157707],[-122.064968,38.3160077],[-122.0684402,38.318374],[-122.0614263,38.3296956],[-122.0697429,38.3424736],[-122.0736323,38.361646],[-122.12546541027073,38.42672414371522],[-122.12404329356798,38.44549832166549],[-122.1046941,38.4910873],[-122.1072987,38.4950724],[-122.1032013,38.5140741],[-122.1128367,38.5268679],[-122.1114651,38.5310075],[-122.1150242,38.5340714],[-122.1272121,38.5879546],[-122.1491316,38.6253798],[-122.1594356,38.619349],[-122.1666057,38.6198285],[-122.1684292,38.6299572],[-122.159123,38.6355137],[-122.1640713,38.6405148],[-122.1603908,38.64403],[-122.1651823,38.6541845],[-122.1875266,38.6615469],[-122.2020066,38.677629],[-122.1982042,38.6834965],[-122.201312,38.6906146],[-122.2063295,38.6957989],[-122.2131869,38.6937999],[-122.2224931,38.6994358],[-122.2269551,38.7208321],[-122.2237951,38.722388],[-122.2251146,38.7272134],[-122.2487441,38.7549974],[-122.2549592,38.7824728],[-122.273119,38.8093105],[-122.2875633,38.8399798],[-122.3017647,38.8396647],[-122.302893,38.8424784],[-122.3153411,38.8394071],[-122.3249594,38.846366],[-122.3300636,38.8421465],[-122.3419561,38.8419484],[-122.3508452,38.8359921],[-122.3849602,38.8520777],[-122.3959152,38.8643182],[-122.4039184,38.8558392],[-122.3754293,38.8262362],[-122.375117,38.8087209],[-122.379752,38.8021852],[-122.3972524,38.8048136],[-122.4049958,38.7978245],[-122.4125305,38.7859675],[-122.4080686,38.7844401],[-122.4091277,38.7761863],[-122.4030342,38.7730192],[-122.4158641,38.7683126],[-122.4641117,38.7050347],[-122.6272946,38.6676515],[-122.6234225,38.6644533],[-122.6231966,38.6528768],[-122.6339954,38.6373388],[-122.628353,38.622911],[-122.6336662,38.6200981],[-122.6468084,38.598465]],[[-122.3356515,38.2554931],[-122.3349065,38.2560651],[-122.3345938,38.2556428],[-122.3356515,38.2554931]]]}},{"type":"Feature","id":"sonoma","properties":{"name":"Sonoma","slug":"sonoma","parent_iso_a3":"CAL","source_name":"OpenStreetMap via Nominatim","source_url":"https://nominatim.openstreetmap.org/","source_license":"ODbL 1.0","source_queries":"Sonoma County, California, USA => Sonoma County, California, United States"},"geometry":{"type":"MultiPolygon","coordinates":[[[[-123.5355327439853,38.76856362681141],[-123.523293,38.746724],[-123.492457,38.736469],[-123.433607,38.686795],[-123.432461,38.677971],[-123.413982,38.666687],[-123.401095,38.642832],[-123.369488,38.612144],[-123.365887,38.600738],[-123.341668,38.586631],[-123.336979,38.567259],[-123.31532,38.557473],[-123.272557,38.528951],[-123.252658,38.510666],[-123.170924,38.479188],[-123.128729,38.44931],[-123.11276,38.420619],[-123.102057,38.412164],[-123.09581,38.395832],[-123.08703,38.391262],[-123.070932,38.359954],[-123.068388,38.34629],[-123.075967,38.322473],[-123.06244,38.295903],[-123.052887,38.298],[-123.04646,38.312048],[-123.029522,38.312692],[-123.0036683,38.2964998],[-122.993837,38.2996727],[-122.994896,38.3061752],[-122.9822738,38.3110811],[-122.970346,38.309979],[-122.9649988,38.3172775],[-122.9469943,38.3111736],[-122.9342612,38.3140447],[-122.9354676,38.3095706],[-122.925888,38.3127938],[-122.9218544,38.3084058],[-122.9165589,38.3127731],[-122.9209414,38.3169561],[-122.908364,38.3207519],[-122.9094751,38.3143674],[-122.8996832,38.316662],[-122.7399541,38.2070033],[-122.722558,38.2070804],[-122.7096754,38.197338],[-122.6877647,38.1947534],[-122.6805077,38.1896823],[-122.6671389,38.1897621],[-122.6490826,38.1811339],[-122.6338566,38.1784239],[-122.622641,38.1826782],[-122.6043243,38.1806214],[-122.5927789,38.1887651],[-122.5907991,38.1859418],[-122.5786812,38.1872687],[-122.5736806,38.183276],[-122.57059,38.1836252],[-122.5732466,38.1862621],[-122.5708853,38.1872944],[-122.5652081,38.1824878],[-122.5683505,38.1768621],[-122.5638538,38.1697255],[-122.5522037,38.1690957],[-122.5580546,38.1603172],[-122.5444952,38.1587286],[-122.5198404,38.1406139],[-122.5090066,38.1191281],[-122.50159081811056,38.113589276164774],[-122.45788,38.117699],[-122.449308,38.124469],[-122.434131,38.123345],[-122.41063,38.133846],[-122.40093248233421,38.14716891849405],[-122.40636528479912,38.15587067185949],[-122.4070422,38.1558739],[-122.40678872124845,38.15654889264364],[-122.407528,38.157733],[-122.40618645887372,38.15815266680604],[-122.4055491,38.1598499],[-122.3967635,38.1614453],[-122.39590613175297,38.16136860403173],[-122.3954097,38.1615239],[-122.39283691094649,38.1610940465561],[-122.36898135966688,38.158960045664],[-122.36757020244345,38.159468576421915],[-122.36701499453092,38.16135428543224],[-122.3691241,38.1820375],[-122.3578218,38.1827377],[-122.3602703,38.197198],[-122.34980424566847,38.194143021128944],[-122.3507733,38.202026],[-122.3591591,38.2097192],[-122.358337438675,38.226835645771075],[-122.3652542,38.246347],[-122.3740042,38.2444835],[-122.3735007,38.2477118],[-122.3898387,38.2605685],[-122.3874777,38.2734662],[-122.3972692,38.2722057],[-122.4047873,38.2816576],[-122.4009328,38.289393],[-122.4037976,38.2995328],[-122.4036957411022,38.29958805993824],[-122.4037283,38.2997082],[-122.394661576637,38.304533999659846],[-122.39472312911617,38.30470065038407],[-122.4054467,38.3220042],[-122.4091621,38.3205495],[-122.40928915129882,38.32083571629473],[-122.409353,38.3208163],[-122.4094241364979,38.321139805775765],[-122.4138151,38.3310316],[-122.41226724002908,38.334069320729505],[-122.41230958192018,38.33426187795025],[-122.4211075,38.3392284],[-122.42935830032411,38.3504251665382],[-122.45411240061388,38.36544576630741],[-122.4572197,38.3672041],[-122.45715277164028,38.36729064032031],[-122.45748,38.3674892],[-122.4479138,38.3792369],[-122.4658479,38.3904862],[-122.47052152703931,38.404989875703286],[-122.4978805,38.4244778],[-122.4799803,38.4511519],[-122.4935395,38.4566547],[-122.5093213,38.4577675],[-122.5100504,38.4622],[-122.5058838,38.4646246],[-122.5159536,38.470741],[-122.529617,38.4695892],[-122.5313009,38.478581],[-122.5448255,38.4956312],[-122.5355197,38.5015514],[-122.5487669,38.5112193],[-122.5423085,38.5133796],[-122.5445302,38.5205078],[-122.5544959,38.5262283],[-122.5665975,38.5254538],[-122.5743061,38.5405053],[-122.5876052,38.5526608],[-122.6033518,38.5588841],[-122.6193076,38.5595953],[-122.61955230811202,38.56018658263765],[-122.6208349,38.5602897],[-122.6227099,38.5678162],[-122.6318427,38.5695533],[-122.63182353296658,38.56969243790489],[-122.6319817,38.569725],[-122.6305751,38.5787551],[-122.6468084,38.598465],[-122.6336662,38.6200981],[-122.628353,38.622911],[-122.6339954,38.6373388],[-122.62319905867804,38.65300279772624],[-122.6234225,38.6644533],[-122.6272946,38.6676515],[-122.62694107722902,38.66773248772881],[-122.6275027,38.6682559],[-122.6252112,38.6739846],[-122.6393613,38.6894036],[-122.6370517,38.6937762],[-122.6439445,38.6988711],[-122.6474519,38.7069474],[-122.6732167,38.7062253],[-122.6955264,38.7130945],[-122.7007527,38.728631],[-122.7107361,38.7323827],[-122.712403,38.742007],[-122.7086529,38.7486304],[-122.7240873,38.7566164],[-122.7228895,38.7630387],[-122.7344957,38.7724064],[-122.7380288,38.7809844],[-122.7482551,38.7878558],[-122.7477949,38.8032599],[-122.7596959,38.8080478],[-122.7802869,38.826855],[-122.7914157,38.8303855],[-122.7963291,38.83891],[-122.8061214,38.8362143],[-122.8121371,38.8383014],[-122.8115813,38.842288],[-122.818257,38.8442181],[-122.8187213,38.8514843],[-123.0808357,38.8522205],[-123.0812697,38.8382842],[-123.136445,38.8395762],[-123.13602,38.8089741],[-123.368385,38.8065028],[-123.3682375,38.7771755],[-123.4995484,38.7789745],[-123.4996527,38.7738601],[-123.5071442,38.773463],[-123.5098874,38.7672017],[-123.5162242,38.7677913],[-123.5199051,38.7584345],[-123.5355327439853,38.76856362681141]]],[[[-122.502317,38.113521],[-122.49857546868773,38.11133712130051],[-122.50159081811056,38.113589276164774],[-122.502317,38.113521]]]]}},{"type":"Feature","id":"santa-barbara-county","properties":{"name":"Santa Barbara County","slug":"santa-barbara-county","parent_iso_a3":"CAL","source_name":"OpenStreetMap via Nominatim","source_url":"https://nominatim.openstreetmap.org/","source_license":"ODbL 1.0","source_queries":"Santa Barbara County, California, USA => Santa Barbara County, California, United States"},"geometry":{"type":"MultiPolygon","coordinates":[[[[-120.672839,34.907521],[-120.667647,34.898848],[-120.654973,34.901186],[-120.64461,34.895113],[-120.640248,34.879218],[-120.632558,34.871405],[-120.622188,34.8673],[-120.615573,34.858003],[-120.619212,34.819206],[-120.640248,34.758531],[-120.603054,34.704782],[-120.606055,34.67935],[-120.647834,34.585676],[-120.636627,34.562893],[-120.621616,34.552614],[-120.577931,34.553543],[-120.557836,34.54116],[-120.536363,34.535293],[-120.509986,34.521375],[-120.491607,34.49136],[-120.472681,34.450273],[-120.454107,34.442812],[-120.444342,34.451182],[-120.293207,34.468486],[-120.133412,34.472724],[-120.09142,34.458808],[-120.036599,34.463137],[-120.022136,34.457696],[-120.009968,34.461012],[-119.957072,34.435892],[-119.921528,34.433401],[-119.900601,34.420436],[-119.890366,34.419092],[-119.878636,34.406613],[-119.85472,34.408807],[-119.844385,34.403892],[-119.841012,34.412983],[-119.832035,34.416264],[-119.787649,34.417211],[-119.732947,34.397464],[-119.707879,34.395441],[-119.690898,34.403498],[-119.6877,34.410903],[-119.678061,34.414385],[-119.638512,34.415242],[-119.61716,34.420527],[-119.595855,34.41885],[-119.575894,34.411924],[-119.563175,34.414795],[-119.53684,34.39558],[-119.529428,34.394813],[-119.516806,34.386938],[-119.494863,34.383997],[-119.477798,34.372579],[-119.4777941,34.3797114],[-119.4732454,34.379427],[-119.4686276,34.388581],[-119.4517519,34.3971107],[-119.4456754,34.4042632],[-119.4453454,34.4087527],[-119.4545473,34.4216009],[-119.4530545,34.4290646],[-119.444669,34.4296387],[-119.4403805,34.4419501],[-119.4432625,34.4495908],[-119.4423521,34.9012713],[-119.5361318,34.897601],[-119.5792933,34.9223107],[-119.6142942,34.949849],[-119.6247983,34.9489436],[-119.6349982,34.9539062],[-119.6444342,34.953715],[-119.6721441,34.973098],[-119.6840887,34.9719635],[-119.7007392,34.9766152],[-119.718379,34.9714796],[-119.7270424,34.9760623],[-119.7453242,34.9737655],[-119.7811675,34.9907691],[-119.7879734,34.9883339],[-119.8003434,34.993798],[-119.8009686,34.9991318],[-119.830778,35.005746],[-119.8441116,35.0154019],[-119.8544069,35.0320074],[-119.8632959,35.0313701],[-119.865935,35.0350277],[-119.8852494,35.0403656],[-119.9019429,35.0359966],[-119.9019683,35.03853],[-119.9102672,35.0396025],[-119.9087918,35.0428546],[-119.9120731,35.0446778],[-119.909434,35.0459288],[-119.9173853,35.048817],[-119.9183227,35.0533945],[-119.9217694,35.0525832],[-119.9285744,35.0599394],[-119.9392345,35.0549162],[-119.9399815,35.0579724],[-119.9427938,35.0544114],[-119.9487572,35.0571439],[-119.9607198,35.0557073],[-119.9618137,35.0585514],[-119.980139,35.0575518],[-119.9797046,35.06184],[-119.985234,35.0616785],[-119.9870921,35.064913],[-119.9913805,35.0631606],[-120.0004254,35.0729341],[-120.0135683,35.0757286],[-120.0141064,35.0814312],[-120.0236384,35.0802598],[-120.0240896,35.0841173],[-120.0393071,35.0891409],[-120.0441079,35.0861355],[-120.0672866,35.0967982],[-120.0725125,35.1047032],[-120.0844834,35.1071306],[-120.0855078,35.1095459],[-120.0793009,35.1127648],[-120.082591,35.114665],[-120.0932862,35.1141697],[-120.0973748,35.1094726],[-120.102071,35.1134697],[-120.1024884,35.1085268],[-120.108287,35.1089271],[-120.109754,35.1034843],[-120.1170027,35.1066697],[-120.1192946,35.0987293],[-120.1243821,35.0997067],[-120.1280806,35.090799],[-120.1301118,35.0961426],[-120.1430809,35.0958993],[-120.1404594,35.0906954],[-120.1452866,35.0892679],[-120.1408069,35.0865596],[-120.1428904,35.0823431],[-120.1489155,35.0845583],[-120.1496267,35.0813346],[-120.1553217,35.0818337],[-120.1555996,35.0782391],[-120.174247,35.0707325],[-120.1725281,35.0642949],[-120.1799593,35.0617213],[-120.180237,35.0543119],[-120.1847511,35.0491347],[-120.1805323,35.0381096],[-120.1867652,35.0362872],[-120.1884499,35.030427],[-120.2055863,35.0272562],[-120.2103784,35.0204145],[-120.2399108,35.0223817],[-120.2509882,35.0297408],[-120.2572995,35.0176249],[-120.2611884,35.0266729],[-120.2674993,35.0203118],[-120.2779945,35.0191122],[-120.2790368,35.010649],[-120.2955042,35.0158717],[-120.3128492,35.0060421],[-120.3219982,35.0161642],[-120.3293164,35.0154199],[-120.3339438,34.9953885],[-120.3269987,34.9859668],[-120.3156616,34.9835801],[-120.3158524,34.9748903],[-120.3021538,34.9638304],[-120.3036816,34.9556796],[-120.2948273,34.9470925],[-120.2924832,34.9277477],[-120.2999314,34.9161906],[-120.2989068,34.9079514],[-120.3027093,34.9056516],[-120.3140641,34.9036115],[-120.3237346,34.9210039],[-120.3358357,34.9311927],[-120.3534409,34.939267],[-120.3740319,34.9563548],[-120.4371253,34.9876948],[-120.4960522,34.9931153],[-120.535203,34.9845036],[-120.5445784,34.9744911],[-120.5752221,34.9782105],[-120.5855003,34.9671223],[-120.5954828,34.9664258],[-120.6020631,34.9727626],[-120.6132621,34.9712572],[-120.6163522,34.966026],[-120.6341999,34.95972],[-120.65183361617801,34.97598678798713],[-120.672839,34.907521]]],[[[-120.449203,34.035866],[-120.446088,34.030217],[-120.42377,34.024946],[-120.415194,34.032469],[-120.406226,34.031415],[-120.360439,34.014757],[-120.351232,34.019022],[-120.308301,34.0182],[-120.306557,34.026397],[-120.311306,34.034477],[-120.330301,34.047175],[-120.356018,34.047081],[-120.36069,34.053098],[-120.356262,34.058511],[-120.358966,34.064972],[-120.369068,34.076225],[-120.368979,34.071311],[-120.380009,34.060898],[-120.394043,34.053285],[-120.403406,34.051457],[-120.415274,34.054496],[-120.43797,34.038538],[-120.449203,34.035866]]],[[[-120.248517,34.001127],[-120.237181,33.991713],[-120.225493,33.988458],[-120.219359,33.976723],[-120.210244,33.972488],[-120.17561,33.922232],[-120.133401,33.902824],[-120.124206,33.895086],[-120.109891,33.89314],[-120.109011,33.899738],[-120.101298,33.906889],[-120.080627,33.906363],[-120.071291,33.911785],[-120.049688,33.914781],[-120.01895,33.934153],[-119.999628,33.941479],[-119.96883,33.941117],[-119.970693,33.952931],[-119.978781,33.959371],[-119.980407,33.983467],[-120.008337,33.979027],[-120.033969,33.989577],[-120.047004,34.003813],[-120.049938,34.015605],[-120.042325,34.028081],[-120.044139,34.037273],[-120.057875,34.037785],[-120.072478,34.024895],[-120.096665,34.017861],[-120.145481,34.024497],[-120.170963,34.007414],[-120.18582,34.008918],[-120.201055,34.004696],[-120.217616,34.010541],[-120.236565,34.008803],[-120.248517,34.001127]]],[[[-119.933019,34.060229],[-119.928468,34.0558],[-119.92155,34.054679],[-119.919123,34.057537],[-119.899179,34.049601],[-119.877222,34.032483],[-119.877082,34.024387],[-119.887069,34.008777],[-119.874109,33.980047],[-119.866711,33.978934],[-119.850767,33.967383],[-119.840504,33.969574],[-119.825197,33.966532],[-119.817205,33.959338],[-119.801566,33.963211],[-119.759239,33.957342],[-119.753468,33.962301],[-119.719512,33.959134],[-119.706479,33.968675],[-119.684945,33.973874],[-119.657683,33.986062],[-119.589498,33.989006],[-119.580326,33.993586],[-119.559521,33.994309],[-119.547833,34.003847],[-119.542666,34.020164],[-119.529426,34.025248],[-119.521494,34.034291],[-119.564931,34.055325],[-119.588641,34.049712],[-119.610079,34.039646],[-119.607931,34.029474],[-119.615639,34.019543],[-119.633183,34.013635],[-119.654398,34.019085],[-119.666637,34.016765],[-119.677023,34.020751],[-119.68536,34.019871],[-119.711836,34.042255],[-119.732147,34.048557],[-119.737005,34.04643],[-119.744293,34.052151],[-119.759263,34.055809],[-119.78774,34.056189],[-119.806996,34.051947],[-119.824371,34.05508],[-119.83516,34.063586],[-119.856412,34.070552],[-119.904628,34.074302],[-119.917225,34.07882],[-119.924292,34.066858],[-119.933019,34.060229]]]]}},{"type":"Feature","id":"casablanca-valley","properties":{"name":"Casablanca Valley","slug":"casablanca-valley","parent_iso_a3":"CHL","source_name":"OpenStreetMap via Nominatim","source_url":"https://nominatim.openstreetmap.org/","source_license":"ODbL 1.0","source_queries":"Casablanca, Valparaiso Region, Chile => Casablanca, Provincia de Valparaíso, Región de Valparaíso, Chile"},"geometry":{"type":"MultiPolygon","coordinates":[[[[-71.7136619,-33.1854627],[-71.7135452,-33.1854695],[-71.7135881,-33.1854235],[-71.7136619,-33.1854627]]],[[[-71.7082249,-33.198221],[-71.7081578,-33.198257],[-71.7080961,-33.1980909],[-71.7082249,-33.198221]]],[[[-71.7078227,-33.1995676],[-71.6988373,-33.2052839],[-71.7009293,-33.2089711],[-71.6984993,-33.2112331],[-71.6871482,-33.2144623],[-71.6815048,-33.2215082],[-71.680019,-33.2339808],[-71.6866548,-33.2357464],[-71.6865636,-33.2408142],[-71.6950916,-33.2450076],[-71.695237,-33.2492121],[-71.6826848,-33.254937],[-71.6801582,-33.2620918],[-71.6739839,-33.2657385],[-71.6749924,-33.2743769],[-71.6693652,-33.2797917],[-71.6556807,-33.2762091],[-71.6461433,-33.2629244],[-71.6376247,-33.2644757],[-71.6362252,-33.2618848],[-71.6341041,-33.2663109],[-71.6193088,-33.2671099],[-71.6164972,-33.2578834],[-71.6083486,-33.2551369],[-71.606066,-33.2609207],[-71.5954418,-33.2515995],[-71.5770466,-33.2603162],[-71.5795001,-33.2678547],[-71.5721197,-33.2679734],[-71.5617375,-33.2572022],[-71.5572771,-33.2604365],[-71.5519521,-33.2564462],[-71.548576,-33.2610927],[-71.5374112,-33.2586462],[-71.5276841,-33.2670578],[-71.5320147,-33.2692246],[-71.53065,-33.2723661],[-71.5397613,-33.2878721],[-71.5314165,-33.2998728],[-71.5227313,-33.3036138],[-71.5236613,-33.3208859],[-71.5274763,-33.3227067],[-71.5268245,-33.3310504],[-71.5360594,-33.3535092],[-71.5503341,-33.3722277],[-71.5474047,-33.3950279],[-71.5857402,-33.388732],[-71.5905771,-33.4327854],[-71.6013905,-33.4332246],[-71.6164761,-33.4415268],[-71.616448,-33.4463661],[-71.5952236,-33.4564885],[-71.591671,-33.4616722],[-71.5830136,-33.4629151],[-71.5740508,-33.4580376],[-71.5411195,-33.4584162],[-71.536364,-33.4610996],[-71.5351329,-33.4584803],[-71.519665,-33.4687175],[-71.5124485,-33.4675769],[-71.5108062,-33.4750762],[-71.4912459,-33.4751647],[-71.4866045,-33.4716168],[-71.4831756,-33.4789005],[-71.4799392,-33.4722648],[-71.4710178,-33.4815695],[-71.4570031,-33.4880915],[-71.43796,-33.489029],[-71.4345291,-33.4878772],[-71.4354433,-33.4822613],[-71.43137,-33.4778524],[-71.4118878,-33.4745757],[-71.4071654,-33.4647691],[-71.3914541,-33.4544913],[-71.3826689,-33.4576077],[-71.3527542,-33.4512622],[-71.3362919,-33.4560914],[-71.3374117,-33.4410267],[-71.3434455,-33.4315618],[-71.342746,-33.4153018],[-71.3270518,-33.4070611],[-71.321511,-33.4104001],[-71.3055218,-33.4090908],[-71.2988152,-33.4129185],[-71.283364,-33.4106435],[-71.2645541,-33.3869538],[-71.2445534,-33.3834184],[-71.236061,-33.3743777],[-71.2251009,-33.3741945],[-71.2201431,-33.3605753],[-71.2143592,-33.3550713],[-71.2159718,-33.3493097],[-71.2109917,-33.3355373],[-71.2133467,-33.3310056],[-71.2066985,-33.3300709],[-71.2050921,-33.3203602],[-71.1955529,-33.3108822],[-71.2060874,-33.3086942],[-71.2148476,-33.2929373],[-71.2140429,-33.28596],[-71.2223697,-33.2793327],[-71.2265999,-33.2685133],[-71.2197693,-33.2588425],[-71.230199,-33.2418237],[-71.2445459,-33.23904],[-71.252393,-33.2318539],[-71.2607011,-33.2335085],[-71.2671223,-33.2235838],[-71.2736144,-33.2247079],[-71.2814548,-33.2146591],[-71.2943887,-33.2171314],[-71.2979838,-33.2094872],[-71.306351,-33.203558],[-71.32424,-33.203264],[-71.3323419,-33.1998558],[-71.3457473,-33.2044412],[-71.3500633,-33.1903877],[-71.358388,-33.1870841],[-71.3676091,-33.1758332],[-71.383093,-33.1839165],[-71.3960468,-33.2013342],[-71.4055955,-33.2016843],[-71.4071619,-33.2091172],[-71.4111316,-33.2108856],[-71.4184701,-33.2052841],[-71.436303,-33.2082707],[-71.4467191,-33.2038657],[-71.4623526,-33.2061706],[-71.4705479,-33.2005172],[-71.4864158,-33.2095122],[-71.4987754,-33.2032822],[-71.5206512,-33.2129142],[-71.5298393,-33.2085466],[-71.5370894,-33.2124539],[-71.5488141,-33.1993347],[-71.5516135,-33.1910273],[-71.5694177,-33.1861065],[-71.5811483,-33.1897939],[-71.6014756,-33.1702243],[-71.6227172,-33.1587566],[-71.6400887,-33.1584766],[-71.6450214,-33.1641979],[-71.6539196,-33.1663037],[-71.6708676,-33.158504],[-71.6997998,-33.1548972],[-71.6928266,-33.1669685],[-71.6845933,-33.1732183],[-71.6843051,-33.1796015],[-71.6893315,-33.1880487],[-71.6967908,-33.1887153],[-71.6994293,-33.1937749],[-71.7044483,-33.1925941],[-71.7078227,-33.1995676]]],[[[-71.7076133,-33.1982906],[-71.7074336,-33.1983086],[-71.7074905,-33.1982207],[-71.7076133,-33.1982906]]],[[[-71.7069106,-33.2011252],[-71.7068301,-33.2011611],[-71.7067497,-33.2010264],[-71.7069106,-33.2011252]]],[[[-71.7057976,-33.2029813],[-71.7052048,-33.2029027],[-71.7053953,-33.2027187],[-71.7057976,-33.2029813]]],[[[-71.7052744,-33.1911396],[-71.7049955,-33.191703],[-71.7040219,-33.1912743],[-71.7052744,-33.1911396]]],[[[-71.7044778,-33.2053444],[-71.7038877,-33.2053893],[-71.7040916,-33.2047497],[-71.7044778,-33.2053444]]],[[[-71.7032869,-33.1914673],[-71.7029624,-33.1915953],[-71.7030187,-33.1913214],[-71.7032869,-33.1914673]]],[[[-71.7025708,-33.2034144],[-71.7024903,-33.203475],[-71.7024099,-33.2033942],[-71.7025708,-33.2034144]]],[[[-71.702249,-33.1548503],[-71.7021686,-33.1548256],[-71.7022348,-33.1548022],[-71.702249,-33.1548503]]],[[[-71.7019835,-33.1547178],[-71.7018808,-33.1547483],[-71.7018486,-33.1546608],[-71.7019835,-33.1547178]]],[[[-71.7016643,-33.1544955],[-71.7015723,-33.1546226],[-71.7014033,-33.1544766],[-71.7016643,-33.1544955]]],[[[-71.7015696,-33.1549639],[-71.7012593,-33.1549895],[-71.7013719,-33.1548503],[-71.7015696,-33.1549639]]],[[[-71.7002266,-33.1555509],[-71.7001033,-33.1557395],[-71.7001006,-33.1555666],[-71.7002266,-33.1555509]]],[[[-71.6997465,-33.1565636],[-71.6996687,-33.1566063],[-71.6995392,-33.1564482],[-71.6997465,-33.1565636]]],[[[-71.6995177,-33.1567334],[-71.6993093,-33.1567096],[-71.6993925,-33.1566287],[-71.6995177,-33.1567334]]],[[[-71.699422,-33.1577986],[-71.699271,-33.1577865],[-71.6993085,-33.1576248],[-71.699422,-33.1577986]]],[[[-71.6994166,-33.1564738],[-71.6993353,-33.1565156],[-71.6991529,-33.1564033],[-71.6994166,-33.1564738]]],[[[-71.6994131,-33.1571331],[-71.6993925,-33.1572013],[-71.6992047,-33.1570194],[-71.6994131,-33.1571331]]],[[[-71.699202,-33.1578862],[-71.6990027,-33.1579324],[-71.6991073,-33.1577753],[-71.699202,-33.1578862]]],[[[-71.6991932,-33.1567536],[-71.6991135,-33.1567769],[-71.6990921,-33.1567163],[-71.6991932,-33.1567536]]],[[[-71.6991189,-33.1573608],[-71.6989035,-33.1574048],[-71.6989169,-33.1573037],[-71.6991189,-33.1573608]]],[[[-71.6991135,-33.1575718],[-71.6989526,-33.1575898],[-71.6990223,-33.1575314],[-71.6991135,-33.1575718]]],[[[-71.6991135,-33.1568106],[-71.699076,-33.1568757],[-71.6990081,-33.1568501],[-71.6991135,-33.1568106]]],[[[-71.6988319,-33.157262],[-71.6987461,-33.1573675],[-71.6985682,-33.1572543],[-71.6988319,-33.157262]]],[[[-71.6981359,-33.190575],[-71.6980943,-33.1905817],[-71.6980585,-33.1905186],[-71.6981359,-33.190575]]],[[[-71.6981176,-33.1598613],[-71.6979736,-33.1600373],[-71.6977046,-33.1597737],[-71.6981176,-33.1598613]]],[[[-71.6980559,-33.1595604],[-71.6978985,-33.1595995],[-71.6978314,-33.1595074],[-71.6980559,-33.1595604]]],[[[-71.6977724,-33.1593951],[-71.6975704,-33.1592752],[-71.697718,-33.1592617],[-71.6977724,-33.1593951]]],[[[-71.6977644,-33.160172],[-71.6976168,-33.1601743],[-71.6976134,-33.1601083],[-71.6977644,-33.160172]]],[[[-71.6975839,-33.1596906],[-71.6974371,-33.1596062],[-71.6975383,-33.1596008],[-71.6975839,-33.1596906]]],[[[-71.6975651,-33.1600274],[-71.6973513,-33.160053],[-71.6972011,-33.1598734],[-71.6975651,-33.1600274]]],[[[-71.6973344,-33.1597782],[-71.6971823,-33.1597477],[-71.6972824,-33.1596937],[-71.6973344,-33.1597782]]],[[[-71.6971877,-33.1601765],[-71.6970152,-33.1602026],[-71.6970268,-33.1600665],[-71.6971877,-33.1601765]]],[[[-71.6968972,-33.1605394],[-71.6967282,-33.160499],[-71.6967827,-33.1604594],[-71.6968972,-33.1605394]]],[[[-71.6938778,-33.1656842],[-71.6937134,-33.1656969],[-71.6937464,-33.1654866],[-71.6938778,-33.1656842]]],[[[-71.6922525,-33.215214],[-71.6922122,-33.2152836],[-71.6919659,-33.2152767],[-71.6922525,-33.215214]]],[[[-71.6920969,-33.2155372],[-71.6920379,-33.2155641],[-71.6919681,-33.2154384],[-71.6920969,-33.2155372]]],[[[-71.6919293,-33.1880879],[-71.6917643,-33.1881038],[-71.6917294,-33.1879746],[-71.6919293,-33.1880879]]],[[[-71.6918291,-33.2147987],[-71.691598,-33.2149829],[-71.6914344,-33.2147473],[-71.6918291,-33.2147987]]],[[[-71.6918179,-33.2150054],[-71.6917858,-33.2150547],[-71.6917245,-33.2150253],[-71.6918179,-33.2150054]]],[[[-71.6917003,-33.2152924],[-71.6916463,-33.2153599],[-71.6915283,-33.2152836],[-71.6917003,-33.2152924]]],[[[-71.6915497,-33.2153756],[-71.691547,-33.2154205],[-71.6914719,-33.215407],[-71.6915497,-33.2153756]]],[[[-71.6914135,-33.2151353],[-71.6912735,-33.2152006],[-71.6913056,-33.2150682],[-71.6914135,-33.2151353]]],[[[-71.6895542,-33.1832135],[-71.6889882,-33.18386],[-71.6890499,-33.1833505],[-71.6895542,-33.1832135]]],[[[-71.6879288,-33.2364352],[-71.687791,-33.2365055],[-71.6875399,-33.2363387],[-71.6879288,-33.2364352]]],[[[-71.6877481,-33.2358684],[-71.686864,-33.2362086],[-71.6873334,-33.2356948],[-71.6877481,-33.2358684]]],[[[-71.6874514,-33.236249],[-71.6872744,-33.2363656],[-71.6873548,-33.2362108],[-71.6874514,-33.236249]]],[[[-71.6857964,-33.2187741],[-71.6854642,-33.2189163],[-71.6853619,-33.2186697],[-71.6857964,-33.2187741]]],[[[-71.6853555,-33.2348296],[-71.685098,-33.2348655],[-71.6852547,-33.2346965],[-71.6853555,-33.2348296]]]]}},{"type":"Feature","id":"central-valley","properties":{"name":"Central Valley","slug":"central-valley","parent_iso_a3":"CHL","source_name":"OpenStreetMap via Nominatim","source_url":"https://nominatim.openstreetmap.org/","source_license":"ODbL 1.0","source_queries":"Maule Region, Chile => Región del Maule, Chile | Santiago Metropolitan Region, Chile => Región Metropolitana de Santiago, Chile"},"geometry":{"type":"MultiPolygon","coordinates":[[[[-72.7863763,-35.9785143],[-72.7861081,-35.9785794],[-72.7863012,-35.978397],[-72.7863763,-35.9785143]]],[[[-72.7862691,-35.9782104],[-72.7861349,-35.9782538],[-72.7862261,-35.9781626],[-72.7862691,-35.9782104]]],[[[-72.7861028,-35.977976],[-72.7859579,-35.9780801],[-72.7858775,-35.978015],[-72.7861028,-35.977976]]],[[[-72.785738,-35.9783363],[-72.7769888,-36.0043742],[-72.7783288,-36.0143795],[-72.7682743,-36.0104884],[-72.7659381,-36.0058104],[-72.7597544,-36.0053654],[-72.7390411,-36.0096291],[-72.7207039,-36.0189675],[-72.7218734,-36.0221999],[-72.7189015,-36.0233887],[-72.7132274,-36.0209954],[-72.708909,-36.0231127],[-72.7048093,-36.017231],[-72.6962517,-36.0220128],[-72.6869069,-36.0185657],[-72.6761431,-36.028169],[-72.6649744,-36.0322166],[-72.6571048,-36.0403155],[-72.6553563,-36.0474877],[-72.6447023,-36.0155043],[-72.6307956,-36.0251358],[-72.6289074,-36.0292789],[-72.6338072,-36.028156],[-72.6343597,-36.030811],[-72.6241083,-36.0312144],[-72.6247231,-36.0347407],[-72.6205346,-36.0352204],[-72.6246609,-36.0484525],[-72.6202406,-36.0553265],[-72.6141144,-36.0526205],[-72.6009555,-36.0567666],[-72.6021926,-36.0599534],[-72.5882687,-36.0650841],[-72.5909005,-36.0719822],[-72.5836714,-36.0776801],[-72.5758661,-36.0740597],[-72.5473163,-36.0776628],[-72.5417481,-36.0758332],[-72.5386313,-36.0695637],[-72.530762,-36.0690345],[-72.5190247,-36.0795965],[-72.5124208,-36.0804029],[-72.5081777,-36.0753974],[-72.4925164,-36.0722757],[-72.4867094,-36.0767416],[-72.4877072,-36.0801211],[-72.4932594,-36.0859564],[-72.5017134,-36.0857299],[-72.4972022,-36.0943056],[-72.5008634,-36.1004954],[-72.4932888,-36.10634],[-72.4888524,-36.1239733],[-72.4951315,-36.1294523],[-72.493007,-36.1350401],[-72.4981139,-36.1348679],[-72.5020138,-36.1412061],[-72.4981569,-36.1448928],[-72.4782227,-36.1528155],[-72.4672096,-36.1480161],[-72.4535931,-36.149715],[-72.4438476,-36.1556785],[-72.4267085,-36.1570732],[-72.4217996,-36.1693493],[-72.4016404,-36.1763015],[-72.3736274,-36.1697843],[-72.3711973,-36.1638772],[-72.3589799,-36.1572052],[-72.3450297,-36.173318],[-72.3354435,-36.1747015],[-72.3376241,-36.2055594],[-72.3601788,-36.2148956],[-72.4122163,-36.2079451],[-72.4124276,-36.2232089],[-72.3912121,-36.2335817],[-72.3863116,-36.2452336],[-72.389238,-36.2484133],[-72.3724849,-36.2574977],[-72.35114,-36.2452986],[-72.3454062,-36.2370629],[-72.3157134,-36.2325953],[-72.302372,-36.2429666],[-72.2949045,-36.2538255],[-72.2838154,-36.255738],[-72.2776716,-36.2614739],[-72.2552509,-36.2345356],[-72.2383341,-36.2069575],[-72.220476,-36.2079531],[-72.2236544,-36.2151747],[-72.2169811,-36.215482],[-72.2162247,-36.2100848],[-72.2109582,-36.2106799],[-72.2111287,-36.2152162],[-72.1871551,-36.2214764],[-72.1832418,-36.228236],[-72.154207,-36.235307],[-72.156347,-36.2411539],[-72.151927,-36.2418809],[-72.1526716,-36.2474644],[-72.1387967,-36.246077],[-72.1323461,-36.2311618],[-72.1362493,-36.2212488],[-72.1291119,-36.2155749],[-72.1319977,-36.2077711],[-72.1280334,-36.1984601],[-72.1314183,-36.1918624],[-72.1217731,-36.1869139],[-72.0986474,-36.1558905],[-72.0978266,-36.1466469],[-72.1034324,-36.1431004],[-72.1033406,-36.1232847],[-72.098416,-36.1253527],[-72.1024109,-36.1373109],[-72.100364,-36.1395708],[-72.0888952,-36.1306825],[-72.0772038,-36.1308907],[-72.0718229,-36.1350124],[-72.0798221,-36.1391095],[-72.0709029,-36.1488236],[-72.0731825,-36.1561831],[-72.0595895,-36.1564189],[-72.0358676,-36.1764855],[-72.0229287,-36.1747859],[-72.0253024,-36.1813157],[-72.0219389,-36.1887541],[-72.012124,-36.1911405],[-72.0129014,-36.1979031],[-72.0009087,-36.2030421],[-71.9992037,-36.2085142],[-71.9903131,-36.2089486],[-71.9911232,-36.2130085],[-71.9998082,-36.2162935],[-71.9998383,-36.2265891],[-71.9934835,-36.2315265],[-71.9929791,-36.2417249],[-71.9799998,-36.2394794],[-71.9809198,-36.2524497],[-71.9738174,-36.2590811],[-71.9654676,-36.2593882],[-71.9654971,-36.2537821],[-71.9583732,-36.2475093],[-71.9450212,-36.2589341],[-71.9247712,-36.2581576],[-71.9104583,-36.2687228],[-71.8745544,-36.2584431],[-71.8636807,-36.2459215],[-71.8475606,-36.2459907],[-71.846686,-36.25041],[-71.850425,-36.2533971],[-71.8478796,-36.2553913],[-71.840525,-36.2559666],[-71.8344607,-36.2511],[-71.8230155,-36.256157],[-71.8134429,-36.2543877],[-71.8106666,-36.2603118],[-71.8046824,-36.2630606],[-71.8038513,-36.2726924],[-71.7968668,-36.2754862],[-71.7866584,-36.2927702],[-71.7746685,-36.2967049],[-71.7680463,-36.3079279],[-71.7398804,-36.3197847],[-71.721856,-36.3339387],[-71.7135143,-36.3455971],[-71.7080292,-36.3494015],[-71.7025713,-36.3480812],[-71.7007656,-36.3538482],[-71.6917566,-36.3534041],[-71.6911554,-36.3579709],[-71.6602296,-36.3692456],[-71.6392976,-36.3742453],[-71.6271687,-36.3721526],[-71.6235504,-36.3771024],[-71.6102909,-36.3808901],[-71.5921231,-36.3926752],[-71.5835774,-36.3922004],[-71.5726125,-36.4038414],[-71.549252,-36.4026368],[-71.5450126,-36.407209],[-71.5235189,-36.4091476],[-71.5165452,-36.4047654],[-71.5023818,-36.4154719],[-71.4675626,-36.4122885],[-71.4502931,-36.4242004],[-71.4488771,-36.4301049],[-71.4394301,-36.4319524],[-71.4383896,-36.4525152],[-71.4330373,-36.4544485],[-71.4340619,-36.4608384],[-71.4203126,-36.4803994],[-71.4176025,-36.4922752],[-71.4105642,-36.5029655],[-71.3936448,-36.5102396],[-71.3535685,-36.5125571],[-71.3465436,-36.519951],[-71.3451416,-36.5355084],[-71.3382415,-36.5435251],[-71.3300523,-36.5419716],[-71.320383,-36.5319394],[-71.3192511,-36.5230142],[-71.3156918,-36.5214236],[-71.3090667,-36.503039],[-71.3082942,-36.4863323],[-71.2957576,-36.4784348],[-71.2942971,-36.4640266],[-71.2862224,-36.4590544],[-71.281863,-36.4485406],[-71.267401,-36.440454],[-71.238361,-36.4645875],[-71.224435,-36.4627884],[-71.2209803,-36.4512209],[-71.2077036,-36.4486102],[-71.1963415,-36.4376277],[-71.1972964,-36.4193313],[-71.1928439,-36.4134733],[-71.1810422,-36.4037032],[-71.1697447,-36.4047092],[-71.1652386,-36.4008579],[-71.1555183,-36.4049596],[-71.1389369,-36.3762947],[-71.1145449,-36.3610813],[-71.0994226,-36.3693579],[-71.0819614,-36.3678331],[-71.0721016,-36.3798233],[-71.0644825,-36.3813923],[-71.061464,-36.3914317],[-71.0645485,-36.3966739],[-71.0623545,-36.4064189],[-71.0651788,-36.4089986],[-71.0586166,-36.4213157],[-71.0598278,-36.4333486],[-71.0688115,-36.4512623],[-71.0604703,-36.4551968],[-71.0602033,-36.4647557],[-70.989641,-36.483302],[-70.971038,-36.485472],[-70.953158,-36.482475],[-70.934968,-36.472553],[-70.923315,-36.45674],[-70.916261,-36.419326],[-70.907786,-36.405167],[-70.88771418431892,-36.40092979956114],[-70.8841109,-36.3962939],[-70.8648634,-36.3971575],[-70.86981938071062,-36.40441066830085],[-70.84106414509371,-36.4151664119349],[-70.8170235,-36.3954951],[-70.7935005,-36.4197155],[-70.7890213,-36.4286743],[-70.76874348015576,-36.42521321563141],[-70.7604235,-36.4185672],[-70.7549304,-36.4080552],[-70.7464922,-36.4057109],[-70.7358138119763,-36.41821805980118],[-70.71865,-36.414572],[-70.708909,-36.403203],[-70.708599,-36.379949],[-70.729115,-36.346876],[-70.732215,-36.334267],[-70.712656,-36.300264],[-70.714878,-36.275252],[-70.710511,-36.265847],[-70.703122,-36.26006],[-70.68011378470594,-36.253552124461024],[-70.6667554,-36.2430618],[-70.6599190199644,-36.24273882088769],[-70.624677,-36.205179],[-70.604368,-36.194637],[-70.598322,-36.169626],[-70.588477,-36.150195],[-70.5686778,-36.1325003],[-70.5486417,-36.1414899],[-70.5281818,-36.1435975],[-70.5229595,-36.1519383],[-70.499129,-36.163631],[-70.471146,-36.162494],[-70.451483,-36.152262],[-70.435102,-36.136346],[-70.422725,-36.116606],[-70.41812117946147,-36.104038793536596],[-70.4263169,-36.0981461],[-70.424332,-36.0918283],[-70.4179698,-36.0881674],[-70.4127717,-36.0614113],[-70.4072678,-36.0535098],[-70.3889161,-36.0523865],[-70.38035921308428,-36.04585809424069],[-70.383684,-36.030513],[-70.40764714723673,-35.979686407250355],[-70.4175246,-35.978258],[-70.4230741,-35.9720261],[-70.417141,-35.9651619],[-70.4178411,-35.9605964],[-70.41257606966282,-35.957717589336085],[-70.405026,-35.938322],[-70.38813533608231,-35.924260709696156],[-70.4115073,-35.9240694],[-70.4124138,-35.9182948],[-70.4241371,-35.9147418],[-70.4255404,-35.9013443],[-70.4204953021902,-35.88472324103828],[-70.420245,-35.868352],[-70.357329,-35.815229],[-70.3594554510773,-35.79909718102963],[-70.3658023,-35.7923929],[-70.3793635,-35.7872408],[-70.3752794340192,-35.76301746976246],[-70.421537,-35.659683],[-70.4237734,-35.6400741],[-70.412261,-35.607386],[-70.411976,-35.587439],[-70.4181,-35.547545],[-70.40823,-35.506204],[-70.416421,-35.491114],[-70.4466212,-35.4635231],[-70.471766,-35.37939],[-70.460371,-35.371018],[-70.440605,-35.366781],[-70.428384,-35.357066],[-70.439753,-35.332157],[-70.47405131478554,-35.31469649612375],[-70.5003282,-35.3224421],[-70.5119886,-35.3104863],[-70.5669328,-35.2993288],[-70.5835839,-35.278311],[-70.57810204304337,-35.26135777093221],[-70.5797707,-35.2576188],[-70.56509537977689,-35.24037504007634],[-70.567716,-35.2234548],[-70.5551517,-35.2165692],[-70.5418882,-35.2022336],[-70.5265623,-35.1957549],[-70.5257499,-35.2023227],[-70.52255271159967,-35.20372697167483],[-70.386629,-35.16669],[-70.368517,-35.097133],[-70.36892473445639,-35.089897114013745],[-70.3731906,-35.0863189],[-70.3711307,-35.0670725],[-70.3759372,-35.0528806],[-70.3754222,-35.0461351],[-70.37156073877368,-35.043117092358344],[-70.372599,-35.024683],[-70.36720896472326,-35.004302856556635],[-70.3754222,-34.9996039],[-70.3893268,-34.9979165],[-70.39379,-34.9921509],[-70.413531,-34.9838533],[-70.4443666,-34.9920685],[-70.4559314,-34.9893382],[-70.4767024,-34.992854],[-70.4918086,-34.9744295],[-70.5264207,-34.965063],[-70.523051,-34.9512172],[-70.538845,-34.949297],[-70.5409169,-34.933371],[-70.5535555,-34.9391672],[-70.5673635,-34.9392288],[-70.5708075,-34.9446376],[-70.5678678,-34.9524995],[-70.5836284,-34.9574238],[-70.5857518,-34.9618448],[-70.5970609,-34.9569313],[-70.6155765,-34.9612064],[-70.6179797,-34.9848378],[-70.6216928,-34.9881308],[-70.6636417,-34.9645827],[-70.6690031,-34.9460271],[-70.685488,-34.9240713],[-70.6950474,-34.9259164],[-70.7025147,-34.9176912],[-70.7111085,-34.9155094],[-70.7151425,-34.9024835],[-70.7487238,-34.8840651],[-70.7507408,-34.8753957],[-70.7723342,-34.8584678],[-70.7879554,-34.8598764],[-70.7956802,-34.853115],[-70.8046066,-34.8541011],[-70.8153279,-34.8500953],[-70.8164503,-34.8667035],[-70.8260982,-34.8683628],[-70.8551631,-34.8593796],[-70.8615646,-34.8533863],[-70.8728146,-34.8540883],[-70.8829864,-34.8503905],[-70.9059762,-34.8576978],[-70.9276175,-34.8595851],[-70.9574908,-34.8722446],[-70.968343,-34.8654842],[-70.9673613,-34.8599755],[-70.9769449,-34.8509514],[-70.9820357,-34.8396742],[-71.0091046,-34.8242495],[-71.0172424,-34.824996],[-71.025863,-34.8080005],[-71.0342234,-34.8040473],[-71.0353661,-34.7996623],[-71.0441074,-34.7974377],[-71.04617,-34.7927858],[-71.0487154,-34.7923144],[-71.0533503,-34.8048115],[-71.0687507,-34.8202915],[-71.0988517,-34.8279265],[-71.1341955,-34.7866644],[-71.1383154,-34.7904709],[-71.1461322,-34.7906884],[-71.1536853,-34.7994284],[-71.1904209,-34.8054895],[-71.1943551,-34.8225745],[-71.2127368,-34.8356473],[-71.219775,-34.8345201],[-71.2314479,-34.8250792],[-71.2463825,-34.8274748],[-71.2614887,-34.823811],[-71.2659519,-34.7985826],[-71.2798564,-34.7920981],[-71.3030307,-34.7959043],[-71.314532,-34.8025295],[-71.3129731,-34.8101726],[-71.317107,-34.8163419],[-71.3418262,-34.8307157],[-71.3556387,-34.8264119],[-71.3593357,-34.831843],[-71.3768451,-34.8356473],[-71.3828533,-34.8481863],[-71.3787334,-34.8559342],[-71.3869731,-34.8642448],[-71.3865377,-34.8841665],[-71.3789846,-34.8945862],[-71.3698866,-34.8938822],[-71.3659358,-34.905199],[-71.36714,-34.9135917],[-71.3832761,-34.9078201],[-71.3970091,-34.8948678],[-71.4074779,-34.8963295],[-71.419325,-34.9038783],[-71.4261915,-34.8854339],[-71.4397527,-34.8803644],[-71.4473979,-34.884243],[-71.4600088,-34.8989508],[-71.4658453,-34.8996548],[-71.4838697,-34.8916294],[-71.4945127,-34.892615],[-71.5130819,-34.8765152],[-71.5271866,-34.8761263],[-71.5340246,-34.8696143],[-71.5422348,-34.8762112],[-71.5513326,-34.8723372],[-71.5671255,-34.8761397],[-71.5751937,-34.8671977],[-71.5788282,-34.8673608],[-71.5897848,-34.8800828],[-71.6050924,-34.8831339],[-71.608869,-34.8821482],[-71.6080107,-34.8714452],[-71.6133026,-34.8673385],[-71.6613973,-34.8553882],[-71.6691221,-34.8741211],[-71.6781904,-34.8795195],[-71.6890653,-34.8973351],[-71.6816738,-34.8957234],[-71.6684854,-34.9038782],[-71.6673803,-34.9081235],[-71.6747162,-34.9235721],[-71.7101669,-34.936986],[-71.7096091,-34.9279879],[-71.715188,-34.9163232],[-71.7273116,-34.9135783],[-71.7275155,-34.9034866],[-71.7447031,-34.8882983],[-71.7552066,-34.8834843],[-71.7723405,-34.8610121],[-71.7751944,-34.8453493],[-71.7903328,-34.8348705],[-71.7948175,-34.8276051],[-71.8018448,-34.8286355],[-71.8173266,-34.8409554],[-71.8283826,-34.8356411],[-71.8430328,-34.8364028],[-71.8464017,-34.8251126],[-71.8650591,-34.8179344],[-71.9133175,-34.8151422],[-71.9302905,-34.8044834],[-71.9436908,-34.7893737],[-71.9417113,-34.7734219],[-71.9528773,-34.7644169],[-71.9544089,-34.7575551],[-71.9668597,-34.7504492],[-71.9751933,-34.7545471],[-71.9978312,-34.7404774],[-71.9951382,-34.7325313],[-71.9990194,-34.7278889],[-71.9957651,-34.7157933],[-72.0024293,-34.7129629],[-72.0052019,-34.7050364],[-72.0217395,-34.6982015],[-72.033258,-34.7006954],[-72.0367832,-34.6960923],[-72.0367167,-34.6850912],[-72.0587897,-34.6873199],[-72.0656776,-34.6959054],[-72.0710474,-34.7305298],[-72.0785201,-34.7485351],[-72.0829752,-34.7535312],[-72.0912927,-34.7551928],[-72.106517,-34.7789892],[-72.1262902,-34.7946867],[-72.1267381,-34.8007657],[-72.134648,-34.809106],[-72.138218,-34.8191169],[-72.14302300506117,-34.821436054431075],[-72.1446714,-34.8518362],[-72.150017,-34.8678896],[-72.1616712,-34.8840167],[-72.1669257,-34.8838231],[-72.1798298,-34.8952724],[-72.1825415,-34.9355216],[-72.1870771,-34.943868],[-72.1857655,-34.9736982],[-72.1824664,-34.9785553],[-72.1858621,-34.9848185],[-72.187289,-35.0592375],[-72.193163,-35.0874805],[-72.2020116,-35.108732],[-72.223759,-35.1296139],[-72.25270437218482,-35.142290401384344],[-72.288238,-35.168552],[-72.364003,-35.207778],[-72.38301386368907,-35.222132435687016],[-72.4018496,-35.2537061],[-72.4047089,-35.3137813],[-72.4101699,-35.3202487],[-72.416292,-35.3164044],[-72.42998781416235,-35.32647608530457],[-72.4396759,-35.3488838],[-72.4579829,-35.3598049],[-72.4714369,-35.3615505],[-72.4780264,-35.3751828],[-72.49081682747845,-35.38507113422187],[-72.4885785,-35.4636149],[-72.5099051,-35.4765162],[-72.5176026,-35.4903951],[-72.5356409,-35.5088237],[-72.5600383,-35.5131272],[-72.5772044,-35.5346927],[-72.5845496,-35.5366265],[-72.6002578,-35.5496643],[-72.613304,-35.5527674],[-72.6234591,-35.5701666],[-72.62303,-35.5818597],[-72.6382327,-35.5984585],[-72.6381362,-35.6048527],[-72.5898135,-35.6851565],[-72.5642735,-35.7556156],[-72.5624013,-35.774807],[-72.5665265,-35.79469],[-72.573397,-35.8080655],[-72.5796586,-35.8146213],[-72.5931005,-35.8166735],[-72.6141733,-35.8261863],[-72.633386,-35.8421472],[-72.6495597,-35.8462869],[-72.6627106,-35.871086],[-72.6783022,-35.8775128],[-72.6844794,-35.8844432],[-72.6927218,-35.9151196],[-72.7219553,-35.9352304],[-72.7370025,-35.9397258],[-72.7509821,-35.9541655],[-72.7713992,-35.961148],[-72.7756478,-35.9696796],[-72.785738,-35.9783363]]],[[[-72.7816578,-35.9716804],[-72.7812716,-35.9717716],[-72.78128454213564,-35.97164978101697],[-72.7816578,-35.9716804]]],[[[-72.7813145,-35.9713678],[-72.78128454213564,-35.97164978101697],[-72.7808191,-35.9716116],[-72.7813145,-35.9713678]]],[[[-72.7732606,-35.9626677],[-72.7726724,-35.9628016],[-72.7729548,-35.9624897],[-72.7732606,-35.9626677]]],[[[-72.7628931,-35.9571743],[-72.762623,-35.9572053],[-72.7627911,-35.9571048],[-72.7628931,-35.9571743]]],[[[-71.7148502,-33.9484966],[-71.7084821,-33.9600027],[-71.7118295,-33.9671926],[-71.7008432,-33.9681002],[-71.6952964,-33.9752983],[-71.6870314,-33.9715783],[-71.6718861,-33.9730028],[-71.6659534,-33.9771374],[-71.6672512,-33.9973872],[-71.6551598,-33.9962042],[-71.6399412,-34.0012873],[-71.6152865,-34.0034085],[-71.6035143,-34.0121266],[-71.6029535,-34.0189677],[-71.5969349,-34.0257611],[-71.5877858,-34.0284199],[-71.5877321,-34.0343681],[-71.5764215,-34.0244578],[-71.5753701,-34.0184003],[-71.580703,-34.0115419],[-71.5722801,-34.0070116],[-71.5753722,-34.000284],[-71.569467,-33.9944703],[-71.5704756,-33.9892166],[-71.5636141,-33.9867632],[-71.542765,-34.0092417],[-71.4973092,-34.002778],[-71.4758308,-34.0076074],[-71.4589214,-34.0178916],[-71.4483771,-34.0143647],[-71.4318783,-34.032807],[-71.4201646,-34.0325652],[-71.412502,-34.0366639],[-71.4171412,-34.0504026],[-71.4148066,-34.0577662],[-71.3901536,-34.0757955],[-71.3867936,-34.0678132],[-71.3710158,-34.0609127],[-71.3509997,-34.0650669],[-71.3466184,-34.060726],[-71.3478243,-34.0560702],[-71.3412089,-34.0507653],[-71.334027,-34.0525022],[-71.3163051,-34.0429815],[-71.3120651,-34.0438989],[-71.3007633,-34.0305273],[-71.2922296,-34.0443487],[-71.2695446,-34.0539636],[-71.2649977,-34.0614246],[-71.2689156,-34.0662889],[-71.2660277,-34.0833969],[-71.2432718,-34.0955359],[-71.2316546,-34.1073178],[-71.2312598,-34.117128],[-71.2250542,-34.1246564],[-71.2146985,-34.1355923],[-71.2051605,-34.1353898],[-71.2019315,-34.1452377],[-71.1848283,-34.1584606],[-71.1482194,-34.1661184],[-71.1192676,-34.1640678],[-71.1059306,-34.1663768],[-71.0914896,-34.1748762],[-71.0894811,-34.1805755],[-71.0713925,-34.1841696],[-71.0665182,-34.1797696],[-71.0546307,-34.1789326],[-71.0525664,-34.1733903],[-71.0423612,-34.1717419],[-71.0323662,-34.1647442],[-71.0250752,-34.1704851],[-71.0050323,-34.1678797],[-70.9844319,-34.1733708],[-70.9687145,-34.1720438],[-70.9581505,-34.1643918],[-70.9434982,-34.159787],[-70.9337768,-34.151453],[-70.9142417,-34.1447652],[-70.9283011,-34.13642],[-70.9347598,-34.1228516],[-70.9411671,-34.1048695],[-70.9371481,-34.0895528],[-70.9211092,-34.0786348],[-70.9132528,-34.0805854],[-70.9057555,-34.0769189],[-70.8996183,-34.0794256],[-70.8931102,-34.0758862],[-70.8887478,-34.0386571],[-70.8702803,-34.0370195],[-70.8603593,-34.030818],[-70.8468002,-34.028556],[-70.8178532,-34.0355036],[-70.8126271,-34.0265367],[-70.8078149,-34.0255105],[-70.8069386,-34.0084595],[-70.7940745,-34.0002954],[-70.7917659,-33.9934562],[-70.7976767,-33.9881552],[-70.7979865,-33.9748862],[-70.8248596,-33.9618646],[-70.8249244,-33.9534732],[-70.8059333,-33.9450957],[-70.8033863,-33.9367886],[-70.7967055,-33.9314049],[-70.7704155,-33.9444878],[-70.7582876,-33.9429524],[-70.7438316,-33.9241408],[-70.7193602,-33.9172891],[-70.7082602,-33.9054478],[-70.7012084,-33.9057771],[-70.6908269,-33.9123316],[-70.684749,-33.9232754],[-70.6723398,-33.9333641],[-70.6577861,-33.9374587],[-70.6438494,-33.9334531],[-70.6361246,-33.9164939],[-70.6229067,-33.9113476],[-70.6172848,-33.901624],[-70.5985308,-33.8938408],[-70.5876303,-33.8923446],[-70.5784679,-33.8971536],[-70.5539203,-33.8810156],[-70.5166483,-33.8876065],[-70.5048466,-33.8774527],[-70.5026794,-33.86336],[-70.475986,-33.859538],[-70.4733896,-33.8625225],[-70.4493571,-33.8579432],[-70.437491,-33.8511718],[-70.4180289,-33.8563217],[-70.4116988,-33.870077],[-70.398953,-33.8807484],[-70.3837824,-33.8795014],[-70.374974,-33.8837456],[-70.3686601,-33.9067442],[-70.3757787,-33.9114722],[-70.3785199,-33.918555],[-70.3765297,-33.9286016],[-70.3606081,-33.9502487],[-70.3470469,-33.9562469],[-70.350802,-33.9692032],[-70.3405237,-33.979702],[-70.3289366,-33.9815169],[-70.3275204,-33.9917295],[-70.3217483,-33.9986855],[-70.3275204,-34.0097498],[-70.3208149,-34.0157439],[-70.3337216,-34.0233114],[-70.3443217,-34.0384535],[-70.3383243,-34.0543572],[-70.3276813,-34.0592371],[-70.3147316,-34.0572549],[-70.3082085,-34.066783],[-70.3014279,-34.0602948],[-70.2879202,-34.057806],[-70.2619994,-34.0712711],[-70.2479231,-34.0570772],[-70.2487493,-34.0474947],[-70.241561,-34.032621],[-70.214932,-34.0300425],[-70.2063704,-34.034417],[-70.184505,-34.0327988],[-70.1703,-34.04505],[-70.1752997,-34.0578327],[-70.1717377,-34.0708979],[-70.1595068,-34.0915669],[-70.1650644,-34.0964535],[-70.1640129,-34.1020861],[-70.1575756,-34.1112183],[-70.1436711,-34.1165301],[-70.1423621,-34.1199231],[-70.1572108,-34.129302],[-70.1657725,-34.1399941],[-70.1603437,-34.1493353],[-70.1634121,-34.1586399],[-70.1547432,-34.161321],[-70.1458597,-34.1739441],[-70.147233,-34.179252],[-70.1359034,-34.1877723],[-70.1169992,-34.1904436],[-70.1125574,-34.2016782],[-70.0886965,-34.2027518],[-70.0780642,-34.1984038],[-70.0699854,-34.2039586],[-70.0502873,-34.2264137],[-70.049268,-34.2430626],[-70.0543213,-34.2588392],[-70.0524438,-34.2804197],[-70.04685607712699,-34.28237754287256],[-70.040345,-34.277028],[-70.01424078382387,-34.272963326126444],[-70.0106616,-34.2658293],[-70.0024554,-34.2613132],[-69.9866974,-34.2610582],[-69.9839106,-34.2548244],[-69.9724227,-34.2497141],[-69.9543741,-34.2596816],[-69.94165327968912,-34.27556877693503],[-69.911568,-34.284573],[-69.905935,-34.280749],[-69.902292,-34.268657],[-69.832761,-34.243232],[-69.828885,-34.23331],[-69.837309,-34.209332],[-69.868599,-34.156725],[-69.87325,-34.139982],[-69.8735207,-34.132561],[-69.863974,-34.107529],[-69.855447,-34.031152],[-69.855809,-33.984746],[-69.86343800425432,-33.963651526682455],[-69.8733902,-33.964394],[-69.8833112,-33.9764522],[-69.8970076,-33.9728186],[-69.9057393,-33.9636298],[-69.90184573970734,-33.95845909219327],[-69.909552,-33.955704],[-69.908054,-33.927902],[-69.897279,-33.871368],[-69.914772,-33.793543],[-69.914255,-33.771943],[-69.906503,-33.760264],[-69.8915268482775,-33.750188588922455],[-69.8642789,-33.7168588],[-69.87265865071106,-33.69574490406496],[-69.88478,-33.6832442],[-69.895367,-33.662285],[-69.89392,-33.642752],[-69.87294,-33.586011],[-69.878831,-33.558002],[-69.8715234,-33.5388684],[-69.8598826,-33.5323714],[-69.8538423,-33.5243533],[-69.83774701457638,-33.51655944144035],[-69.830901,-33.458163],[-69.81668868474738,-33.43865201550981],[-69.8200196,-33.43248],[-69.79682955087273,-33.417201687729644],[-69.7999996,-33.4049298],[-69.8153955,-33.3909298],[-69.7950912,-33.3967657],[-69.78707057331965,-33.39226986793195],[-69.787674,-33.379408],[-69.805683,-33.344268],[-69.813899,-33.289491],[-69.8328379,-33.2741364],[-69.8405375,-33.2718468],[-69.8595109,-33.283439],[-69.8745801,-33.2761802],[-69.8867449,-33.2787499],[-69.9046487,-33.2730943],[-69.9088973,-33.2704391],[-69.9174803,-33.2447489],[-69.9216914,-33.2465749],[-69.915576,-33.2562604],[-69.9170887,-33.2672905],[-69.9370551,-33.2763682],[-69.9430311,-33.2846379],[-69.9495971,-33.2820504],[-69.9685228,-33.3003319],[-69.9713498,-33.3108678],[-70.003193,-33.3226036],[-70.0083804,-33.3170183],[-70.01089711421662,-33.29738970343158],[-70.0202671837603,-33.27927272968933],[-70.0388074,-33.2702978],[-70.03364864884021,-33.25339974653206],[-70.041121,-33.238952],[-70.05026613413861,-33.22725983759227],[-70.100833,-33.186862],[-70.109463,-33.169602],[-70.109773,-33.149448],[-70.092177,-33.091777],[-70.095484,-33.071314],[-70.10506923426455,-33.05522865946047],[-70.1162911,-33.0655157],[-70.1134522,-33.0719696],[-70.123297,-33.0742368],[-70.1287043,-33.0793881],[-70.1338649,-33.0945886],[-70.1467395,-33.0932673],[-70.1622948,-33.0977288],[-70.1665342,-33.1040887],[-70.1737118,-33.1063445],[-70.1795151,-33.1018943],[-70.1876593,-33.1025429],[-70.1899338,-33.108762],[-70.1995694,-33.1104141],[-70.2034414,-33.1234363],[-70.2343512,-33.1387281],[-70.2258647,-33.1492025],[-70.2293301,-33.1579692],[-70.238697,-33.1647248],[-70.2425439,-33.1739426],[-70.2388197,-33.1774486],[-70.2449083,-33.1868859],[-70.2664633,-33.1812385],[-70.2646394,-33.169313],[-70.2685018,-33.1614097],[-70.2717634,-33.1311549],[-70.2893587,-33.1307237],[-70.2955366,-33.1258754],[-70.29983,-33.113184],[-70.3290125,-33.1039095],[-70.3363939,-33.0972946],[-70.3423162,-33.0970789],[-70.3431745,-33.102831],[-70.3510709,-33.105707],[-70.3725286,-33.1052756],[-70.3876348,-33.0885937],[-70.3854032,-33.0821215],[-70.3938146,-33.0795325],[-70.3967329,-33.0717649],[-70.4058309,-33.065723],[-70.3951879,-33.0491056],[-70.4000626,-33.0424047],[-70.3990326,-33.0329069],[-70.4131089,-33.0249913],[-70.4333649,-33.0211052],[-70.452591,-33.0386633],[-70.4656373,-33.0625482],[-70.4747353,-33.0664324],[-70.4812584,-33.0803856],[-70.5086384,-33.0881524],[-70.5183373,-33.0790911],[-70.5273495,-33.0501749],[-70.5318985,-33.0502468],[-70.5525837,-33.032835],[-70.5457173,-33.0177227],[-70.5500947,-33.0073586],[-70.5775605,-32.9784908],[-70.5927525,-32.9694902],[-70.5913478,-32.9594853],[-70.5972862,-32.9532331],[-70.5934238,-32.9486461],[-70.6031174,-32.9425732],[-70.6091148,-32.9439913],[-70.6142009,-32.9514712],[-70.6196344,-32.9476692],[-70.6365538,-32.947012],[-70.6433988,-32.9518197],[-70.6586444,-32.953017],[-70.6754075,-32.9591924],[-70.6941185,-32.9547272],[-70.710598,-32.9565997],[-70.7176362,-32.9531427],[-70.7207261,-32.9492535],[-70.7224427,-32.9262024],[-70.7363472,-32.9221679],[-70.7729111,-32.9352795],[-70.7804642,-32.9285078],[-70.7917939,-32.928796],[-70.8002053,-32.9246175],[-70.817845,-32.9302835],[-70.8415757,-32.9228884],[-70.8649216,-32.932398],[-70.8718739,-32.9307411],[-70.8854352,-32.938377],[-70.896164,-32.9340549],[-70.9050904,-32.9359278],[-70.9158192,-32.9442116],[-70.9288655,-32.9675459],[-70.9383927,-32.9724425],[-70.9460316,-32.9718664],[-70.9534989,-32.9658177],[-70.9630261,-32.9732345],[-70.9868012,-32.9795708],[-70.9995041,-32.9756827],[-71.0134087,-32.9762587],[-71.0270558,-32.9888584],[-71.0267983,-33.0036156],[-71.0195027,-33.0126847],[-71.013752,-33.0367206],[-71.0008774,-33.0476568],[-71.0070572,-33.0537719],[-71.0089455,-33.0642026],[-71.0288582,-33.08355],[-71.0148431,-33.0951397],[-71.0199072,-33.1116765],[-71.0122071,-33.1330139],[-71.0125504,-33.1460941],[-71.0154686,-33.1485375],[-71.0113488,-33.1538551],[-71.0053406,-33.1541425],[-70.9936676,-33.1742604],[-70.9923466,-33.1828238],[-70.998432,-33.1923845],[-70.9972475,-33.198827],[-71.0267983,-33.2021303],[-71.0262068,-33.2163999],[-71.0336647,-33.214913],[-71.0393296,-33.2074447],[-71.0480843,-33.2095991],[-71.0564957,-33.2051466],[-71.0599289,-33.2243912],[-71.0748635,-33.2305658],[-71.0934029,-33.2197958],[-71.1108032,-33.2203459],[-71.1198181,-33.2312078],[-71.1402458,-33.2379607],[-71.1521655,-33.2285513],[-71.162374,-33.2253025],[-71.1708069,-33.2316744],[-71.189298,-33.2264266],[-71.2157875,-33.2342814],[-71.2158994,-33.2390609],[-71.2217767,-33.240721],[-71.2257332,-33.2469877],[-71.22095604433572,-33.256906014338774],[-71.2197693,-33.2588425],[-71.21992033911732,-33.259056341989854],[-71.219666,-33.2595844],[-71.22645787469972,-33.26887655198191],[-71.22483941553094,-33.27301601515874],[-71.22208037434801,-33.27956297428225],[-71.2140429,-33.28596],[-71.2148476,-33.2929373],[-71.2060874,-33.3086942],[-71.1955529,-33.3108822],[-71.2050921,-33.3203602],[-71.2066985,-33.3300709],[-71.2133467,-33.3310056],[-71.2109917,-33.3355373],[-71.2159718,-33.3493097],[-71.2143592,-33.3550713],[-71.2201431,-33.3605753],[-71.2227411,-33.3717767],[-71.22433397716743,-33.372087743890155],[-71.2251009,-33.3741945],[-71.236061,-33.3743777],[-71.2445534,-33.3834184],[-71.2645541,-33.3869538],[-71.283364,-33.4106435],[-71.2988152,-33.4129185],[-71.3055218,-33.4090908],[-71.321511,-33.4104001],[-71.3270518,-33.4070611],[-71.34277135562272,-33.41589119589048],[-71.3434455,-33.4315618],[-71.3374117,-33.4410267],[-71.3362919,-33.4560914],[-71.3413231,-33.4654099],[-71.3400122,-33.4763903],[-71.3529727,-33.4929982],[-71.348252,-33.5094597],[-71.3509986,-33.5285655],[-71.3319442,-33.5356486],[-71.3345192,-33.54135],[-71.3279101,-33.5611144],[-71.3309142,-33.5685524],[-71.329114,-33.5835405],[-71.3319421,-33.5854764],[-71.3357085,-33.6073214],[-71.3577515,-33.6228031],[-71.3820469,-33.6228478],[-71.384064,-33.6273414],[-71.3813657,-33.635332],[-71.3954795,-33.6421607],[-71.3996422,-33.6631214],[-71.4178598,-33.6570579],[-71.4264321,-33.6599602],[-71.4381158,-33.6791577],[-71.436131,-33.6843715],[-71.4208639,-33.6865587],[-71.4246726,-33.6967888],[-71.4205709,-33.7084395],[-71.3976467,-33.7197083],[-71.3901043,-33.7291135],[-71.3920999,-33.7370099],[-71.3584069,-33.7468558],[-71.3597555,-33.7705566],[-71.3796715,-33.7866254],[-71.3987892,-33.7848759],[-71.4350269,-33.7880182],[-71.4603124,-33.78585],[-71.4651953,-33.7805599],[-71.4743457,-33.7845731],[-71.4798198,-33.7773353],[-71.4930568,-33.7699264],[-71.5023353,-33.770174],[-71.520557,-33.778552],[-71.5356177,-33.7641018],[-71.5451369,-33.7650724],[-71.5526793,-33.7713048],[-71.5559721,-33.7833742],[-71.5564442,-33.873834],[-71.5616128,-33.8715981],[-71.5735647,-33.8740233],[-71.5815843,-33.8671675],[-71.6669183,-33.9192529],[-71.6908099,-33.9279812],[-71.7037134,-33.94051],[-71.7100821,-33.9412256],[-71.7148502,-33.9484966]]]]}},{"type":"Feature","id":"western-cape","properties":{"name":"Western Cape","slug":"western-cape","parent_iso_a3":"ZAF","source_name":"OpenStreetMap via Nominatim","source_url":"https://nominatim.openstreetmap.org/","source_license":"ODbL 1.0","source_queries":"Western Cape, South Africa => Western Cape, South Africa"},"geometry":{"type":"Polygon","coordinates":[[[17.766490541568025,-31.154929200535957],[17.818614,-31.23211],[17.859386,-31.260349],[17.871837,-31.272882],[17.8838,-31.320082],[17.893728,-31.344822],[17.922211,-31.363946],[17.961192,-31.416192],[18.009451,-31.456638],[18.023285,-31.490411],[18.071056,-31.533461],[18.11671,-31.59059],[18.126231,-31.612237],[18.172862,-31.663263],[18.196788,-31.697361],[18.213715,-31.730645],[18.234874,-31.80047],[18.235688,-31.828058],[18.276866,-31.892673],[18.27589,-31.957452],[18.29949,-32.022638],[18.31072,-32.12949],[18.349376,-32.260349],[18.344737,-32.300714],[18.321056,-32.327325],[18.31544,-32.343683],[18.333181,-32.382013],[18.337901,-32.451593],[18.334158,-32.491306],[18.310802,-32.572849],[18.296397,-32.608575],[18.273123,-32.647556],[18.15211,-32.751235],[18.118826,-32.773045],[18.080577,-32.781345],[18.037446,-32.766778],[17.986583,-32.726983],[17.974864,-32.712172],[17.98227,-32.704767],[17.967459,-32.703546],[17.919688,-32.716567],[17.905935,-32.725844],[17.90268,-32.738377],[17.902843,-32.777032],[17.897309,-32.792739],[17.883556,-32.796645],[17.861827,-32.815199],[17.843923,-32.81463],[17.843028,-32.823337],[17.875499,-32.85589],[17.881033,-32.867608],[17.875255,-32.879815],[17.865082,-32.890558],[17.862478,-32.907159],[17.8685,-32.929295],[17.885509,-32.966078],[17.878591,-32.981541],[17.901866,-33.036879],[17.912771,-33.047459],[17.932302,-33.034356],[17.954926,-33.02752],[17.940684,-33.006443],[17.970551,-33.002374],[17.999522,-33.00449],[18.023204,-33.014337],[18.037446,-33.033787],[18.040538,-33.048517],[18.037446,-33.091729],[18.040863,-33.101658],[18.071056,-33.129978],[18.091563,-33.135512],[18.096528,-33.159112],[18.101817,-33.167576],[18.123383,-33.18613],[18.127452,-33.197361],[18.11199,-33.205011],[18.099132,-33.200942],[18.067638,-33.167576],[18.03297,-33.140883],[18.037446,-33.129978],[18.026052,-33.123468],[18.00587,-33.091729],[17.995291,-33.088149],[17.954926,-33.101983],[17.99171,-33.150323],[18.029307,-33.164972],[18.075206,-33.202244],[18.084727,-33.215265],[18.087738,-33.225844],[18.11199,-33.253513],[18.150157,-33.319268],[18.156016,-33.339044],[18.146169,-33.35589],[18.254161,-33.419366],[18.282725,-33.445245],[18.307384,-33.479262],[18.314301,-33.496515],[18.316905,-33.558526],[18.320323,-33.567478],[18.344737,-33.582452],[18.390961,-33.62949],[18.400076,-33.633396],[18.40561,-33.652927],[18.431814,-33.69671],[18.465099,-33.817966],[18.484386,-33.843927],[18.48878,-33.86297],[18.475352,-33.899835],[18.443044,-33.904067],[18.404552,-33.903253],[18.372081,-33.925063],[18.351817,-33.982192],[18.314789,-34.029067],[18.316173,-34.043552],[18.330414,-34.062188],[18.358409,-34.054783],[18.347179,-34.075453],[18.341319,-34.114679],[18.324229,-34.122654],[18.316905,-34.130548],[18.313813,-34.144627],[18.316254,-34.157485],[18.32545,-34.167169],[18.35434,-34.175388],[18.362478,-34.186212],[18.372081,-34.212498],[18.385753,-34.222345],[18.378917,-34.250258],[18.382172,-34.26214],[18.406261,-34.301853],[18.421397,-34.318455],[18.44516,-34.336521],[18.470063,-34.347426],[18.48878,-34.342706],[18.47169,-34.33172],[18.467621,-34.311293],[18.476573,-34.24505],[18.474457,-34.22617],[18.460785,-34.184503],[18.442719,-34.168145],[18.440278,-34.15781],[18.441661,-34.14422],[18.446056,-34.13714],[18.478363,-34.106866],[18.495616,-34.096368],[18.555024,-34.073826],[18.647227,-34.070001],[18.740733,-34.077407],[18.800059,-34.089532],[18.816173,-34.097101],[18.858165,-34.150323],[18.845063,-34.167657],[18.82252,-34.184991],[18.823904,-34.205662],[18.838227,-34.239679],[18.839692,-34.254327],[18.831391,-34.273858],[18.813731,-34.290785],[18.810313,-34.301853],[18.817638,-34.342706],[18.809418,-34.354913],[18.808279,-34.364679],[18.817638,-34.376886],[18.838227,-34.383884],[18.847911,-34.381606],[18.851899,-34.373468],[18.872895,-34.361912],[18.970225,-34.34824],[18.999034,-34.339288],[19.08839,-34.342706],[19.098969,-34.335545],[19.122569,-34.302667],[19.139903,-34.294366],[19.122895,-34.337986],[19.111013,-34.352634],[19.085216,-34.356541],[19.085216,-34.363377],[19.101085,-34.372328],[19.119314,-34.400567],[19.133067,-34.411716],[19.146495,-34.414972],[19.207774,-34.418552],[19.27768,-34.406508],[19.290375,-34.409112],[19.304373,-34.417901],[19.323904,-34.438653],[19.344412,-34.468438],[19.360199,-34.500421],[19.365082,-34.527765],[19.360118,-34.53867],[19.300629,-34.606622],[19.296886,-34.617771],[19.31422,-34.610935],[19.331716,-34.617771],[19.350759,-34.604913],[19.374766,-34.599298],[19.398692,-34.601821],[19.448497,-34.640069],[19.499685,-34.664239],[19.57602,-34.72796],[19.626475,-34.753676],[19.642426,-34.772068],[19.653168,-34.774102],[19.667003,-34.77044],[19.683604,-34.756606],[19.69809,-34.753676],[19.858409,-34.749688],[19.875987,-34.75742],[19.890473,-34.769708],[19.953461,-34.808689],[19.983572,-34.820082],[19.999278,-34.821954],[20.015636,-34.818943],[20.041759,-34.805108],[20.057872,-34.801446],[20.057872,-34.79518],[20.044444,-34.768324],[20.072602,-34.736912],[20.146658,-34.692153],[20.187266,-34.677423],[20.211681,-34.672052],[20.222423,-34.675063],[20.228526,-34.65781],[20.261485,-34.627048],[20.277599,-34.617771],[20.318614,-34.603448],[20.341156,-34.578709],[20.374522,-34.569757],[20.39324,-34.554783],[20.448009,-34.493341],[20.482677,-34.470473],[20.524425,-34.454278],[20.664317,-34.438409],[20.841075,-34.46502],[20.859874,-34.458754],[20.868175,-34.437921],[20.85613,-34.416925],[20.832205,-34.401788],[20.805186,-34.398045],[20.823741,-34.390313],[20.88087,-34.376886],[20.873546,-34.376886],[20.913422,-34.360447],[20.961274,-34.356052],[21.05836,-34.363377],[21.098399,-34.370782],[21.262462,-34.421563],[21.305919,-34.424574],[21.348969,-34.419203],[21.415538,-34.394952],[21.438975,-34.372328],[21.474132,-34.366795],[21.51588,-34.352227],[21.537608,-34.348891],[21.559744,-34.353448],[21.597179,-34.372654],[21.702647,-34.390558],[21.746104,-34.38836],[21.788748,-34.38128],[21.8296,-34.368585],[21.894542,-34.336033],[21.923839,-34.295668],[21.918712,-34.262953],[21.921723,-34.246677],[21.946951,-34.223728],[21.98406,-34.210138],[22.114106,-34.193943],[22.134044,-34.188084],[22.147716,-34.178318],[22.129893,-34.169692],[22.115408,-34.15781],[22.111013,-34.141534],[22.123546,-34.120538],[22.152843,-34.093683],[22.1692,-34.083185],[22.18922,-34.075291],[22.275157,-34.057712],[22.317068,-34.056899],[22.410492,-34.065606],[22.455414,-34.057061],[22.49586,-34.039239],[22.547699,-34.003595],[22.583669,-33.994073],[22.629893,-33.995782],[22.742524,-34.028904],[22.766775,-34.032892],[22.785167,-34.02752],[22.768891,-34.021417],[22.753184,-34.009535],[22.730479,-33.979669],[22.774587,-33.983575],[22.796723,-33.989516],[22.812511,-34.000746],[22.797211,-34.000584],[22.790538,-34.004327],[22.792003,-34.020685],[22.800141,-34.035577],[22.856212,-34.061782],[22.936046,-34.082696],[22.951508,-34.083917],[22.984548,-34.075291],[23.012218,-34.077407],[23.026215,-34.080987],[23.032237,-34.086114],[23.03891,-34.079767],[23.038748,-34.072442],[23.028819,-34.058526],[23.001638,-34.042576],[22.998057,-34.02752],[23.006521,-34.035089],[23.018891,-34.039158],[23.049001,-34.041111],[23.057465,-34.076267],[23.062836,-34.082696],[23.408376,-34.11004],[23.408376,-34.103204],[23.38559,-34.100274],[23.367931,-34.086602],[23.361176,-34.066664],[23.37086,-34.044854],[23.386892,-34.031183],[23.427582,-34.012384],[23.588552,-33.981215],[23.64673406941377,-33.98186664458313],[23.6459,-33.96245],[23.63453,-33.95007],[23.63697,-33.93465],[23.64474,-33.93067],[23.63999,-33.92421],[23.64278,-33.91983],[23.63738,-33.91299],[23.63986,-33.90972],[23.6533,-33.90937],[23.65769,-33.90496],[23.64756,-33.89672],[23.64737,-33.89278],[23.65162,-33.89273],[23.65587,-33.88685],[23.68298,-33.88401],[23.69427,-33.86797],[23.7033,-33.86406],[23.62027,-33.84324],[23.60806,-33.83293],[23.56195,-33.82894],[23.554015,-33.796355],[23.55735,-33.79341],[23.51882,-33.78212],[23.51792,-33.78562],[23.48799,-33.79149],[23.48906,-33.80753],[23.46805,-33.80748],[23.417,-33.79466],[23.39504,-33.79264],[23.43007,-33.76176],[23.43994,-33.71739],[23.47536,-33.71766],[23.54127,-33.69954],[23.54167,-33.68301],[23.55553,-33.67296],[23.55652,-33.65154],[23.5859,-33.67275],[23.62878,-33.66933],[23.67044,-33.67256],[23.67498,-33.62587],[23.619889,-33.591483],[23.61677,-33.56958],[23.5962,-33.57252],[23.60012,-33.5275],[23.60614,-33.50335],[23.604,-33.4964],[23.57903,-33.48468],[23.51417,-33.46274],[23.49562,-33.44344],[23.46761,-33.44814],[23.423254,-33.441971],[23.39337,-33.44569],[23.35488,-33.44117],[23.36407,-33.46175],[23.31803,-33.4065],[23.297125,-33.38864],[23.1348,-33.38762],[23.11289,-33.40081],[23.06643,-33.40025],[22.93478,-33.42914],[22.83025,-33.41908],[22.77443,-33.41974],[22.7845,-33.41553],[22.73574,-33.39477],[22.73927,-33.32398],[22.77339,-33.32626],[22.77393,-33.30903],[22.79026,-33.30731],[22.84022,-33.22021],[22.8772,-33.18693],[22.89227,-33.14163],[22.95531,-33.07314],[22.95785,-33.04506],[22.93409,-33.02166],[22.93521,-33.01304],[22.96925,-32.99337],[22.94875,-32.95004],[23.00368,-32.89828],[23.00744,-32.87282],[23.09801,-32.87369],[23.11642,-32.85799],[23.08933,-32.79916],[23.14933,-32.76674],[23.18747,-32.76743],[23.2011,-32.785355],[23.25041,-32.78858],[23.30517,-32.8095],[23.37862,-32.82502],[23.397737,-32.76348],[23.3516,-32.76379],[23.3535,-32.72944],[23.33286,-32.70361],[23.26957,-32.67148],[23.30131,-32.65179],[23.30729,-32.61162],[23.288155,-32.55121],[23.24447,-32.51323],[23.24754,-32.46533],[23.22161,-32.42504],[23.27214,-32.40066],[23.287215,-32.404175],[23.30733,-32.39592],[23.33305,-32.35114],[23.34926,-32.36441],[23.40985,-32.3892],[23.42465,-32.35624],[23.44896,-32.32327],[23.52359,-32.32876],[23.59178,-32.34077],[23.66515,-32.34423],[23.67837,-32.32911],[23.64887,-32.29802],[23.67045,-32.23767],[23.69241,-32.23346],[23.70817,-32.21915],[23.74707,-32.20068],[23.76623,-32.17873],[23.79785,-32.19407],[23.85108,-32.24252],[23.86445,-32.249],[23.8923,-32.25495],[23.92096,-32.23342],[23.93536,-32.23193],[23.96115,-32.20652],[23.98446,-32.19638],[24.03053,-32.19348],[24.04405,-32.1819],[24.03803,-32.15813],[24.10013,-32.164],[24.11293,-32.15093],[24.102235,-32.14883],[24.11757,-32.13522],[24.13036,-32.13196],[24.13553,-32.12314],[24.13544,-32.09786],[24.109675,-32.08429],[24.09788,-32.110775],[24.09788,-32.08517],[24.10285,-32.06989],[24.10443,-32.06764],[24.11256,-32.07003],[24.11185,-32.06164],[24.12329,-32.05593],[24.134805,-32.0602],[24.14107,-32.05136],[24.12861,-32.04125],[24.14087,-32.01171],[24.17448,-32.01994],[24.17485,-32.01256],[24.1894,-32.01225],[24.1878,-32.00818],[24.19374,-32.00483],[24.18303,-31.99594],[24.22241,-31.95564],[24.20543,-31.94169],[24.19981,-31.94257],[24.18804,-31.93363],[24.19115,-31.92677],[24.1972,-31.92349],[24.1642,-31.90241],[24.14661,-31.89685],[24.14681,-31.90269],[24.13865,-31.90544],[24.10538,-31.90685],[24.10475,-31.88681],[24.1083,-31.88614],[24.12361,-31.84717],[24.15332,-31.85491],[24.15483,-31.82248],[24.17975,-31.81939],[24.1837,-31.81328],[24.15433,-31.79831],[24.15246,-31.78861],[24.10224,-31.79258],[24.07094,-31.80709],[24.05608,-31.77596],[24.04312,-31.76733],[24.02852,-31.73017],[24.02909,-31.72197],[24.04684,-31.70669],[23.96306,-31.70667],[23.96646,-31.71542],[23.95129,-31.74951],[23.94866,-31.77333],[23.91786,-31.79536],[23.91587,-31.822],[23.89404,-31.83678],[23.87863,-31.83368],[23.83785,-31.78334],[23.82935,-31.78027],[23.83715,-31.76791],[23.80852,-31.76366],[23.84762,-31.72922],[23.84155,-31.71506],[23.81566,-31.71416],[23.77747,-31.69706],[23.75649,-31.69571],[23.73449,-31.65457],[23.71516,-31.64705],[23.63948,-31.6601],[23.61914,-31.64943],[23.59449,-31.66225],[23.57453,-31.68917],[23.53547,-31.69177],[23.52389,-31.70533],[23.49611,-31.70269],[23.42314,-31.68214],[23.41645,-31.67222],[23.40173,-31.69957],[23.40709,-31.7138],[23.34511,-31.71089],[23.30242,-31.73015],[23.26344,-31.77834],[23.26236,-31.81539],[23.22503,-31.85404],[23.23037,-31.87569],[23.17116,-31.91814],[23.13945,-31.95154],[23.11884,-31.96007],[23.10435,-31.96061],[23.09849,-31.9777],[23.08762,-31.97229],[23.07089,-31.95381],[23.05867,-31.95484],[23.05259,-31.93978],[23.05226,-31.91029],[23.06739,-31.89074],[23.03871,-31.87745],[22.97583,-31.86083],[22.95382,-31.86297],[22.90195,-31.87577],[22.87472,-31.86164],[22.85897,-31.81829],[22.82529,-31.83766],[22.77688,-31.85691],[22.7351,-31.79938],[22.65153,-31.82167],[22.64431,-31.81432],[22.6332,-31.81574],[22.63176,-31.8234],[22.61492,-31.82287],[22.57834,-31.80551],[22.61907,-31.72465],[22.56614,-31.71317],[22.564815,-31.67792],[22.49576,-31.67034],[22.43325,-31.63818],[22.35514,-31.60541],[22.31229,-31.58346],[22.27292,-31.59254],[22.2601,-31.66247],[22.24988,-31.66466],[22.23738,-31.70298],[22.20401,-31.76403],[22.20628,-31.79225],[22.15986,-31.80974],[22.17688,-31.82072],[22.1666,-31.89309],[22.1315,-31.88426],[22.11587,-31.86263],[22.07886,-31.85489],[22.08402,-31.87587],[22.10046,-31.89304],[22.10171,-31.90053],[22.1004,-31.92434],[22.07133,-31.9393],[22.08923,-31.97435],[22.09498,-32.00106],[22.074125,-32.017915],[22.09359,-32.04592],[22.13396,-32.06439],[22.11995,-32.07697],[22.08965,-32.14638],[22.06956,-32.08145],[22.01644,-32.11426],[21.99952,-32.20595],[21.99592,-32.20298],[21.97124,-32.21643],[21.936205,-32.22288],[21.9246,-32.26196],[21.90744,-32.2528],[21.90165,-32.27091],[21.87417,-32.27657],[21.85511,-32.27551],[21.78062,-32.25093],[21.77025,-32.23841],[21.773,-32.22679],[21.74605,-32.22523],[21.73589,-32.20502],[21.71137,-32.22481],[21.69165,-32.24857],[21.67377,-32.24329],[21.64458,-32.20871],[21.60651,-32.20966],[21.5786,-32.22149],[21.53601,-32.22922],[21.549005,-32.290775],[21.56181,-32.31473],[21.55037,-32.32686],[21.51908,-32.33703],[21.47564,-32.33145],[21.44365,-32.35484],[21.42988,-32.37518],[21.4084,-32.36877],[21.35284,-32.39154],[21.3015,-32.37727],[21.30301,-32.40244],[21.28152,-32.43968],[21.26948,-32.45029],[21.23109,-32.46315],[21.19749,-32.4998],[21.18208,-32.50868],[21.14011,-32.58977],[21.15698,-32.62894],[21.09447,-32.65303],[21.06029,-32.6555],[21.03731,-32.6491],[20.96278,-32.6393],[20.8441,-32.66244],[20.82285,-32.69454],[20.78984,-32.71123],[20.7922,-32.73503],[20.83034,-32.78457],[20.83243,-32.81737],[20.79856,-32.89475],[20.74421,-32.91289],[20.73117,-32.944995],[20.65034,-32.93227],[20.6219,-32.94315],[20.59007,-32.94298],[20.5921,-32.92647],[20.56123,-32.88097],[20.4993,-32.94163],[20.4386,-32.94006],[20.38005,-32.90185],[20.36388,-32.91081],[20.36386,-32.88595],[20.35717,-32.86408],[20.34165,-32.85781],[20.2999,-32.80496],[20.25729,-32.79966],[20.21904,-32.78474],[20.18761,-32.75267],[20.19172,-32.68576],[20.18141,-32.6681],[20.14119,-32.64374],[20.136895,-32.61098],[20.114723,-32.570225],[20.12279,-32.55698],[20.09681,-32.50296],[20.09641,-32.47668],[20.0801816,-32.3975004],[20.1318532,-32.4210121],[20.1711816,-32.3803824],[20.16352,-32.35102],[20.21603,-32.30316],[20.2530132,-32.3112475],[20.2406066,-32.2241459],[20.16636,-32.22749],[20.18095,-32.18449],[20.15183,-32.18652],[20.13591,-32.19232],[20.11571,-32.21102],[20.10927,-32.23014],[20.09696,-32.25024],[20.08501,-32.24826],[20.05361,-32.25231],[20.03862,-32.29644],[20.00445,-32.32993],[19.9681956,-32.3506727],[19.9376834,-32.3770847],[19.8739234,-32.3828103],[19.8493974,-32.3660587],[19.8176965,-32.3603125],[19.8023431,-32.3933333],[19.76413,-32.41112],[19.7354639,-32.3860824],[19.7307615,-32.4103637],[19.7071063,-32.4202284],[19.7292826,-32.4419868],[19.67974,-32.46351],[19.6542833,-32.4384535],[19.6213335,-32.4702607],[19.62647,-32.50204],[19.60712,-32.54538],[19.612,-32.56655],[19.60495,-32.62946],[19.58724,-32.64778],[19.52825,-32.67324],[19.49917,-32.61209],[19.486805,-32.56544],[19.49497,-32.49894],[19.5159118,-32.4861346],[19.5071,-32.47314],[19.49538,-32.47372],[19.47978,-32.44134],[19.4726222,-32.43608],[19.46467,-32.41509],[19.4341725,-32.3736578],[19.4350981,-32.3681965],[19.4302,-32.36571],[19.40908,-32.29008],[19.49195,-32.25172],[19.49509,-32.24501],[19.48754,-32.24214],[19.48575,-32.23582],[19.49584,-32.22165],[19.49724,-32.21516],[19.4940972,-32.2087084],[19.50225,-32.2054],[19.49271,-32.19857],[19.50139,-32.17987],[19.4841,-32.16141],[19.47522,-32.14629],[19.49109,-32.13007],[19.50834,-32.1259],[19.51519,-32.1152],[19.5075,-32.08609],[19.48853,-32.1212],[19.48336,-32.11367],[19.48796,-32.09154],[19.4859606,-32.0767492],[19.4804554,-32.0732331],[19.46755,-32.07307],[19.42591,-32.0313],[19.39585,-32.01511],[19.38044,-32.03756],[19.36297,-32.04284],[19.35305,-32.027925],[19.32978,-32.01258],[19.32335,-31.9848],[19.28987,-31.965105],[19.27751,-31.97971],[19.26484,-31.96574],[19.27984,-31.922],[19.28968,-31.86304],[19.21071,-31.94804],[19.19968,-31.90477],[19.17232,-31.90977],[19.15605,-31.89967],[19.14179,-31.91207],[19.1308,-31.90657],[19.11812,-31.90714],[19.10935,-31.89813],[19.08591,-31.89396],[19.05801,-31.88037],[19.0262,-31.87661],[19.02576,-31.87088],[19.0314,-31.86822],[19.03006,-31.86291],[19.0346,-31.85895],[19.03145,-31.85478],[19.03295,-31.849],[19.02663,-31.84351],[19.03234,-31.83984],[19.03029,-31.83381],[19.0384,-31.8287],[19.04678,-31.82949],[19.06011,-31.81066],[19.07821,-31.80244],[19.07996,-31.79404],[19.08721,-31.79359],[19.08302,-31.78585],[19.0766,-31.78823],[19.07569,-31.78194],[19.07007,-31.78381],[19.06605,-31.78091],[19.06655,-31.76599],[19.08077,-31.75963],[19.09137,-31.762515],[19.09466,-31.75021],[19.08114,-31.73073],[19.07686,-31.7185],[19.06556,-31.70631],[19.05773,-31.6878],[19.0549,-31.67027],[19.07372,-31.66687],[19.07903,-31.6432],[19.07051,-31.62405],[19.09052,-31.59778],[19.0854,-31.57205],[19.05561,-31.57496],[19.05179,-31.57268],[19.08542,-31.52693],[19.06776,-31.51799],[19.04179,-31.51854],[19.02305,-31.50515],[19.01199,-31.51442],[19.00618,-31.512],[19.01968,-31.49925],[19.02464,-31.48209],[19.03686,-31.46427],[19.04299,-31.42497],[19.03066,-31.41539],[19.03403,-31.40219],[19.03088,-31.38954],[19.01236,-31.37006],[18.98013,-31.35524],[19.01301,-31.30568],[18.96642,-31.28449],[18.94446,-31.23732],[18.94971,-31.19588],[18.9476,-31.11291],[18.91234,-31.06083],[18.90347,-31.04178],[18.91177,-30.97893],[18.98449,-30.94581],[18.92416,-30.916],[18.87539,-30.88706],[18.96047,-30.86611],[18.9519,-30.74474],[18.8629704,-30.7171192],[18.7945004,-30.6676197],[18.79587,-30.62486],[18.7587109,-30.5678692],[18.6551495,-30.5567093],[18.57012,-30.43026],[18.50215,-30.44442],[18.48362,-30.52191],[18.52225,-30.6065],[18.44409,-30.51129],[18.38055,-30.45964],[18.41376,-30.52735],[18.37115,-30.59209],[18.37104,-30.65963],[18.26417,-30.81832],[18.25182,-30.82754],[18.21354,-30.81044],[18.19524,-30.81602],[18.20583,-30.83133],[18.190371,-30.834748],[18.16918,-30.84856],[18.08918,-30.78787],[18.08092,-30.78484],[18.05792,-30.77689],[18.006479,-30.79124],[17.99484,-30.81922],[17.99338,-30.91874],[17.97208,-30.91387],[17.93439,-30.91736],[17.91404,-30.92466],[17.8803,-30.92394],[17.87792,-30.94865],[17.92641,-31.01139],[17.89448,-31.0304],[17.8886,-31.04032],[17.87863,-31.04053],[17.81132,-31.09254],[17.83442,-31.17652],[17.766490541568025,-31.154929200535957]]]}},{"type":"Feature","id":"south-australia","properties":{"name":"South Australia","slug":"south-australia","parent_iso_a3":"AUS","source_name":"OpenStreetMap via Nominatim","source_url":"https://nominatim.openstreetmap.org/","source_license":"ODbL 1.0","source_queries":"South Australia, Australia => South Australia, Australia"},"geometry":{"type":"Polygon","coordinates":[[[129.00139905495058,-31.689057190711292],[129.09311,-31.677423],[129.138357,-31.677504],[129.20045,-31.656427],[129.286632,-31.656427],[129.365489,-31.643324],[129.451182,-31.643324],[129.471039,-31.640802],[129.536876,-31.622247],[129.753184,-31.615492],[129.943614,-31.589288],[130.078787,-31.594334],[130.136729,-31.576837],[130.156912,-31.573907],[130.267426,-31.574477],[130.31186,-31.585545],[130.547699,-31.585626],[130.696788,-31.605564],[130.79005,-31.608087],[130.833751,-31.601739],[130.9935,-31.554295],[131.092296,-31.491957],[131.135427,-31.474786],[131.177501,-31.477634],[131.345551,-31.530938],[131.535899,-31.605564],[131.78297,-31.727797],[131.923106,-31.823989],[132.077891,-31.90781],[132.107432,-31.932387],[132.161632,-31.991632],[132.194591,-32.017836],[132.233735,-32.032973],[132.278087,-32.038018],[132.326182,-32.033136],[132.374848,-32.015069],[132.397797,-32.012791],[132.420095,-32.013849],[132.471853,-32.03045],[132.483165,-32.026462],[132.457693,-31.997328],[132.452891,-31.983982],[132.462738,-31.964939],[132.475841,-31.955011],[132.516124,-31.941339],[132.56365,-31.934177],[132.58725,-31.934747],[132.658946,-31.949314],[132.776215,-31.95086],[132.798025,-31.956313],[132.844086,-31.990655],[132.868826,-32.015313],[132.934255,-32.0617],[132.966075,-32.073175],[132.976573,-32.108982],[132.987804,-32.111423],[133.010753,-32.09531],[133.033946,-32.097101],[133.055675,-32.108168],[133.134288,-32.177179],[133.147797,-32.19671],[133.161876,-32.195896],[133.192638,-32.184666],[133.244884,-32.201104],[133.262218,-32.215753],[133.270844,-32.218845],[133.27947,-32.214939],[133.305512,-32.190851],[133.32602,-32.199477],[133.356781,-32.205987],[133.411794,-32.211358],[133.421397,-32.208185],[133.435883,-32.190851],[133.448497,-32.192071],[133.473481,-32.205173],[133.494314,-32.19964],[133.490733,-32.186944],[133.472667,-32.173028],[133.450369,-32.163507],[133.426768,-32.160903],[133.418224,-32.156915],[133.414806,-32.146417],[133.418712,-32.133477],[133.450369,-32.12949],[133.476817,-32.111912],[133.486664,-32.114841],[133.490571,-32.139337],[133.496349,-32.144708],[133.552013,-32.172296],[133.561371,-32.172133],[133.57252,-32.163507],[133.579845,-32.144301],[133.586192,-32.103123],[133.603282,-32.09531],[133.62379,-32.096856],[133.671235,-32.11004],[133.682384,-32.122654],[133.678722,-32.129978],[133.66212,-32.143731],[133.664887,-32.153253],[133.692638,-32.163507],[133.696056,-32.174086],[133.693614,-32.191095],[133.712576,-32.201837],[133.760753,-32.216485],[133.763682,-32.220636],[133.765391,-32.247979],[133.769298,-32.257582],[133.776703,-32.264255],[133.788829,-32.266534],[133.812266,-32.247166],[133.826427,-32.245375],[133.847423,-32.27337],[133.89503,-32.313653],[133.908702,-32.34295],[133.949962,-32.389418],[133.946625,-32.40838],[133.929861,-32.420017],[133.910899,-32.422459],[133.90211,-32.413995],[133.896251,-32.399184],[133.883067,-32.410252],[133.869151,-32.43255],[133.859141,-32.45908],[133.860525,-32.488865],[133.865082,-32.505792],[133.853689,-32.529718],[133.8567,-32.541111],[133.864431,-32.546808],[133.875336,-32.548435],[133.901215,-32.543064],[133.915782,-32.519789],[133.936697,-32.500909],[133.952322,-32.498224],[133.994477,-32.506117],[134.006358,-32.498793],[134.031993,-32.466404],[134.052989,-32.45908],[134.082856,-32.470473],[134.090505,-32.46852],[134.108653,-32.45436],[134.131114,-32.451593],[134.148285,-32.456964],[134.229828,-32.523696],[134.25408,-32.554295],[134.273285,-32.588067],[134.296641,-32.660333],[134.297618,-32.678481],[134.283539,-32.702244],[134.271495,-32.73211],[134.244802,-32.752618],[134.23227,-32.768487],[134.220714,-32.803969],[134.214041,-32.806248],[134.199718,-32.800958],[134.195486,-32.782973],[134.1963,-32.760024],[134.2046,-32.741388],[134.216807,-32.725844],[134.193207,-32.721368],[134.117198,-32.718438],[134.087087,-32.712579],[134.074067,-32.713962],[134.06658,-32.725844],[134.108246,-32.779392],[134.124522,-32.806899],[134.132823,-32.835626],[134.124034,-32.859308],[134.087087,-32.882908],[134.067638,-32.906345],[134.059825,-32.910821],[134.068696,-32.929295],[134.08253,-32.935968],[134.120616,-32.938165],[134.138682,-32.949477],[134.148611,-32.951837],[134.164073,-32.938653],[134.175141,-32.938165],[134.190684,-32.946466],[134.204356,-32.962172],[134.211925,-32.981541],[134.209972,-33.000177],[134.198497,-33.011489],[134.164806,-33.018324],[134.148611,-33.02752],[134.16033,-33.040134],[134.170665,-33.043145],[134.199718,-33.039972],[134.221446,-33.041599],[134.233735,-33.047296],[134.241954,-33.058201],[134.265147,-33.10711],[134.271495,-33.146661],[134.278819,-33.162693],[134.333507,-33.205011],[134.346202,-33.198012],[134.352224,-33.188165],[134.354015,-33.16074],[134.359141,-33.153985],[134.36964,-33.160821],[134.378429,-33.17197],[134.37794,-33.17783],[134.40211,-33.172459],[134.446056,-33.153985],[134.47755,-33.157322],[134.541759,-33.192966],[134.589366,-33.202081],[134.604828,-33.21266],[134.628266,-33.246677],[134.644054,-33.231134],[134.662364,-33.225518],[134.638438,-33.205824],[134.630382,-33.185479],[134.618663,-33.182875],[134.590831,-33.184666],[134.574392,-33.176853],[134.570649,-33.160414],[134.581554,-33.145929],[134.607758,-33.14365],[134.670177,-33.161798],[134.693207,-33.164158],[134.706228,-33.172947],[134.719249,-33.192641],[134.730724,-33.225518],[134.692393,-33.228611],[134.676606,-33.233331],[134.686046,-33.250095],[134.730724,-33.27337],[134.813975,-33.352797],[134.824229,-33.392999],[134.861013,-33.479425],[134.867931,-33.54461],[134.847341,-33.602716],[134.854259,-33.622735],[134.840831,-33.63128],[134.849864,-33.63836],[134.882091,-33.650649],[134.912852,-33.687107],[134.945567,-33.711196],[135.005056,-33.74627],[135.064301,-33.794366],[135.13852,-33.869073],[135.154307,-33.879327],[135.177013,-33.883477],[135.189789,-33.892999],[135.217947,-33.952325],[135.259532,-33.997979],[135.265147,-34.017511],[135.265147,-34.062188],[135.271169,-34.091567],[135.265147,-34.103204],[135.273123,-34.115899],[135.265473,-34.127048],[135.249034,-34.134535],[135.230968,-34.136814],[135.245372,-34.159356],[135.265147,-34.178318],[135.30128,-34.179783],[135.328624,-34.221287],[135.346446,-34.275567],[135.361339,-34.407892],[135.366059,-34.42197],[135.388438,-34.45143],[135.395518,-34.472426],[135.391612,-34.504164],[135.376964,-34.512628],[135.376638,-34.523126],[135.389171,-34.569268],[135.404959,-34.580336],[135.407888,-34.570408],[135.418712,-34.557794],[135.428071,-34.548923],[135.438487,-34.545668],[135.443207,-34.55877],[135.437022,-34.599786],[135.503591,-34.611912],[135.497895,-34.623956],[135.436046,-34.632908],[135.405772,-34.644464],[135.37086,-34.628188],[135.340831,-34.603448],[135.355479,-34.59238],[135.349132,-34.585707],[135.319672,-34.576104],[135.306326,-34.563409],[135.302745,-34.550714],[135.309337,-34.53867],[135.327159,-34.527765],[135.242198,-34.509861],[135.224783,-34.504327],[135.213715,-34.492364],[135.209809,-34.469415],[135.218516,-34.43613],[135.209809,-34.431573],[135.20045,-34.435642],[135.189952,-34.466241],[135.153168,-34.502211],[135.149099,-34.524672],[135.140961,-34.540948],[135.109874,-34.578302],[135.108084,-34.595961],[135.121349,-34.604425],[135.17335,-34.576104],[135.230479,-34.565037],[135.251475,-34.56992],[135.287852,-34.592462],[135.340099,-34.638116],[135.342296,-34.6513],[135.319672,-34.685968],[135.332205,-34.689874],[135.359874,-34.685235],[135.429535,-34.71266],[135.45753,-34.731541],[135.47641,-34.74977],[135.512218,-34.79518],[135.604015,-34.880141],[135.622081,-34.91131],[135.623546,-34.947931],[135.632579,-34.952895],[135.680675,-34.952895],[135.690196,-34.9485],[135.684093,-34.918145],[135.697765,-34.91131],[135.703949,-34.890802],[135.741466,-34.861017],[135.782725,-34.857599],[135.822276,-34.874282],[135.854747,-34.905043],[135.864024,-34.929457],[135.878673,-34.931817],[135.912852,-34.945489],[135.927501,-34.955173],[135.94516,-34.997735],[135.96461,-35.007501],[135.977306,-34.997003],[136.003103,-34.990818],[136.012462,-34.979669],[135.998383,-34.962172],[135.99879,-34.945489],[135.969493,-34.876642],[135.972016,-34.8624],[136.012218,-34.818455],[136.018077,-34.801365],[136.019298,-34.75742],[136.016368,-34.744073],[136.009044,-34.736749],[135.999766,-34.735121],[135.991384,-34.740004],[135.988536,-34.748793],[135.990489,-34.771254],[135.985118,-34.780938],[135.973399,-34.786065],[135.959239,-34.771905],[135.947032,-34.767348],[135.904959,-34.803888],[135.867361,-34.819431],[135.81837,-34.82171],[135.805186,-34.81699],[135.79949,-34.805271],[135.82252,-34.787693],[135.826915,-34.77752],[135.837901,-34.766697],[135.882986,-34.768487],[135.888927,-34.74684],[135.883149,-34.735447],[135.864919,-34.718683],[135.861013,-34.709649],[135.868419,-34.668634],[135.874766,-34.643731],[135.890798,-34.631117],[135.910981,-34.633396],[135.930512,-34.65252],[135.943614,-34.637465],[135.939708,-34.62005],[135.91627,-34.589776],[135.924327,-34.578871],[135.930431,-34.549005],[135.936778,-34.534601],[135.951427,-34.520685],[135.966075,-34.515558],[135.991384,-34.513442],[136.042817,-34.486505],[136.069347,-34.481866],[136.08074,-34.504164],[136.087169,-34.532403],[136.10141,-34.534845],[136.115733,-34.516778],[136.122325,-34.483331],[136.124848,-34.452895],[136.122325,-34.442153],[136.111664,-34.428155],[136.11085,-34.417576],[136.126638,-34.39837],[136.114757,-34.383722],[136.138031,-34.35475],[136.199229,-34.330987],[136.232188,-34.308689],[136.293468,-34.208917],[136.318126,-34.185479],[136.32781,-34.15781],[136.35434,-34.124282],[136.358084,-34.093357],[136.369395,-34.073419],[136.431651,-34.027032],[136.451182,-34.017836],[136.4935,-34.009698],[136.54005,-33.972833],[136.581554,-33.948907],[136.585216,-33.921808],[136.607432,-33.902927],[136.670421,-33.883477],[136.711111,-33.866143],[136.724783,-33.846856],[136.761241,-33.838556],[136.807465,-33.808364],[136.878917,-33.802504],[136.96461,-33.753106],[136.946544,-33.751235],[136.889415,-33.77044],[136.883149,-33.754815],[136.883149,-33.744317],[136.910899,-33.73211],[136.920177,-33.724542],[136.930431,-33.69256],[136.945567,-33.682306],[136.965343,-33.684503],[136.985118,-33.6985],[136.993907,-33.719415],[137.020193,-33.730157],[137.083507,-33.716485],[137.132498,-33.712172],[137.15504,-33.705743],[137.184337,-33.677504],[137.201427,-33.671157],[137.224864,-33.653253],[137.251638,-33.612481],[137.305675,-33.4992],[137.316661,-33.481215],[137.359223,-33.431248],[137.36964,-33.413263],[137.37672,-33.389907],[137.382986,-33.311456],[137.388031,-33.293878],[137.434337,-33.221856],[137.444021,-33.185154],[137.444998,-33.16074],[137.452159,-33.140069],[137.469737,-33.128106],[137.512706,-33.108819],[137.590343,-33.034845],[137.596202,-33.019627],[137.595063,-32.992771],[137.609223,-32.977797],[137.632091,-32.961521],[137.656261,-32.951349],[137.674001,-32.955255],[137.704926,-32.97975],[137.733084,-32.991795],[137.769786,-32.990818],[137.778331,-32.982843],[137.775157,-32.970473],[137.754161,-32.938084],[137.752778,-32.917657],[137.76002,-32.905938],[137.771739,-32.912856],[137.780121,-32.910821],[137.808279,-32.858005],[137.809255,-32.846938],[137.806651,-32.77988],[137.79656,-32.726495],[137.78004,-32.702407],[137.753917,-32.693455],[137.75294,-32.682875],[137.760265,-32.660333],[137.762218,-32.617608],[137.760427,-32.59352],[137.752778,-32.574395],[137.764415,-32.524184],[137.773936,-32.519789],[137.779063,-32.525486],[137.786957,-32.553888],[137.812755,-32.560235],[137.821788,-32.568292],[137.805919,-32.580662],[137.803966,-32.594659],[137.821788,-32.622817],[137.843516,-32.640883],[137.849132,-32.65016],[137.844981,-32.676365],[137.849132,-32.697931],[137.862478,-32.69964],[137.887462,-32.709893],[137.896821,-32.721612],[137.938487,-32.752618],[137.902354,-32.774021],[137.902354,-32.78753],[137.957774,-33.004653],[137.969249,-33.017267],[137.978363,-33.021173],[138.000824,-33.020196],[138.010102,-33.024102],[138.028982,-33.050714],[138.040212,-33.081638],[138.040212,-33.112237],[138.043956,-33.125095],[138.03712,-33.139581],[138.025157,-33.148533],[137.992442,-33.135512],[137.972667,-33.149835],[137.952159,-33.14365],[137.894298,-33.179295],[137.854991,-33.190606],[137.840831,-33.205987],[137.821788,-33.246677],[137.810444,-33.259985],[137.818188,-33.293635],[137.861712,-33.343164],[137.869625,-33.358437],[137.86234,-33.39601],[137.903672,-33.455998],[137.937492,-33.52784],[137.936773,-33.552465],[137.930657,-33.577969],[137.933279,-33.603204],[137.930919,-33.616469],[137.906059,-33.627566],[137.898079,-33.613657],[137.910067,-33.596237],[137.903678,-33.587694],[137.878842,-33.59787],[137.862966,-33.626153],[137.800548,-33.6985],[137.776622,-33.693536],[137.751964,-33.72617],[137.715343,-33.787286],[137.653575,-33.832208],[137.617524,-33.869236],[137.602061,-33.876642],[137.625255,-33.899102],[137.629405,-33.910821],[137.62794,-33.920099],[137.615082,-33.941502],[137.590505,-33.951755],[137.552745,-33.984552],[137.531912,-34.015395],[137.551606,-34.049574],[137.55421,-34.072035],[137.548595,-34.087172],[137.519542,-34.137872],[137.506521,-34.150323],[137.49464,-34.148858],[137.470551,-34.137872],[137.461436,-34.140802],[137.452403,-34.155694],[137.453868,-34.163995],[137.474132,-34.192966],[137.489106,-34.237726],[137.492198,-34.282485],[137.483897,-34.355401],[137.464854,-34.404229],[137.444998,-34.404229],[137.435802,-34.419203],[137.415294,-34.463311],[137.414317,-34.472426],[137.431163,-34.46502],[137.444835,-34.451837],[137.459483,-34.447524],[137.478526,-34.466241],[137.482432,-34.483982],[137.480235,-34.526544],[137.493988,-34.554132],[137.499034,-34.589776],[137.512706,-34.617771],[137.478526,-34.71266],[137.478526,-34.761163],[137.458018,-34.801446],[137.452322,-34.844415],[137.452973,-34.883396],[137.446137,-34.917413],[137.417735,-34.945489],[137.391287,-34.954034],[137.357188,-34.937595],[137.307872,-34.928318],[137.287446,-34.911228],[137.266856,-34.905043],[137.223643,-34.906996],[137.139496,-34.926039],[137.094981,-34.924981],[137.03061,-34.899835],[137.019786,-34.901462],[137.014171,-34.917901],[136.971446,-34.965916],[136.980724,-34.984959],[136.975759,-34.996759],[136.951508,-35.014907],[136.941254,-35.02988],[136.941905,-35.03867],[136.957774,-35.062758],[136.962657,-35.081801],[136.960948,-35.096449],[136.929861,-35.151544],[136.895681,-35.172052],[136.903087,-35.178888],[136.889822,-35.188653],[136.855479,-35.204685],[136.837087,-35.241306],[136.83546,-35.247735],[136.839366,-35.256117],[136.853038,-35.266046],[136.873871,-35.294692],[136.913585,-35.296563],[136.95338,-35.283949],[136.980968,-35.255304],[137.039724,-35.227227],[137.062022,-35.226658],[137.122813,-35.240899],[137.1692,-35.242283],[137.191742,-35.224379],[137.208832,-35.197686],[137.238943,-35.172052],[137.260997,-35.165785],[137.332042,-35.172052],[137.350759,-35.166111],[137.383556,-35.136163],[137.403494,-35.1242],[137.425548,-35.118259],[137.481944,-35.117364],[137.520193,-35.131036],[137.561046,-35.131036],[137.581798,-35.140395],[137.619884,-35.166599],[137.671397,-35.180841],[137.684581,-35.178888],[137.718761,-35.144708],[137.749522,-35.131036],[137.752778,-35.093194],[137.746918,-35.058852],[137.752208,-35.047947],[137.773936,-35.034845],[137.766124,-35.008071],[137.774425,-34.976251],[137.800548,-34.918145],[137.814789,-34.860121],[137.837901,-34.830743],[137.845958,-34.811944],[137.870128,-34.774102],[137.87908,-34.690606],[137.886485,-34.666599],[137.910411,-34.623956],[137.883149,-34.589776],[137.888927,-34.580987],[137.892263,-34.526056],[137.930919,-34.414809],[137.999278,-34.356541],[138.037771,-34.308038],[138.036143,-34.298923],[138.010102,-34.263279],[138.009288,-34.244317],[138.016287,-34.227309],[138.053396,-34.180922],[138.063813,-34.162856],[138.068126,-34.140802],[138.078136,-34.128351],[138.100271,-34.144138],[138.158865,-34.211847],[138.164073,-34.230157],[138.153819,-34.250258],[138.15561,-34.260431],[138.205333,-34.288181],[138.226573,-34.320489],[138.259939,-34.438409],[138.279063,-34.483575],[138.2942,-34.504571],[138.3296,-34.520603],[138.341319,-34.537856],[138.3567,-34.576104],[138.368826,-34.590509],[138.39796,-34.607843],[138.433604,-34.636489],[138.440196,-34.65545],[138.440196,-34.675551],[138.445567,-34.685968],[138.480968,-34.698419],[138.486501,-34.702813],[138.489268,-34.713962],[138.496349,-34.723728],[138.506358,-34.730564],[138.536306,-34.740899],[138.547048,-34.759454],[138.550629,-34.781915],[138.548025,-34.801446],[138.535004,-34.780857],[138.516938,-34.769138],[138.500987,-34.770929],[138.493907,-34.791599],[138.486501,-34.873468],[138.490733,-34.913751],[138.509532,-34.995538],[138.513927,-35.038263],[138.507335,-35.056573],[138.476573,-35.091892],[138.466563,-35.110528],[138.458507,-35.166681],[138.459239,-35.185642],[138.471934,-35.214614],[138.472179,-35.227227],[138.467296,-35.239679],[138.445567,-35.260837],[138.441091,-35.281671],[138.444509,-35.322035],[138.438162,-35.342706],[138.408946,-35.363865],[138.356456,-35.384535],[138.287283,-35.469903],[138.257579,-35.490655],[138.159434,-35.528904],[138.139008,-35.54046],[138.122732,-35.555352],[138.104991,-35.610447],[138.107432,-35.620701],[138.158376,-35.659845],[138.176768,-35.668227],[138.201671,-35.671645],[138.244151,-35.66253],[138.280528,-35.644301],[138.280528,-35.651788],[138.437022,-35.65781],[138.531261,-35.645929],[138.569102,-35.63128],[138.605805,-35.61004],[138.622813,-35.595636],[138.639008,-35.567071],[138.660655,-35.558526],[138.74586,-35.538751],[138.79127,-35.535089],[138.814464,-35.538995],[138.869477,-35.561782],[138.882009,-35.560642],[138.907563,-35.548761],[138.948985,-35.556248],[138.993419,-35.54754],[138.999766,-35.538751],[138.97934,-35.528253],[138.946625,-35.536391],[138.935232,-35.531671],[138.910004,-35.509942],[138.826345,-35.507013],[138.808604,-35.501072],[138.793793,-35.483982],[138.803722,-35.475763],[138.881114,-35.471124],[138.890636,-35.473077],[138.898611,-35.479181],[138.908702,-35.494724],[138.917817,-35.501072],[138.974457,-35.509942],[139.007172,-35.521417],[139.030935,-35.517511],[139.037934,-35.508396],[139.031423,-35.497003],[139.014008,-35.486749],[138.969086,-35.475356],[138.956879,-35.4638],[138.952647,-35.435805],[138.961192,-35.413832],[138.9817,-35.400079],[139.02768,-35.384373],[139.046641,-35.39072],[139.074718,-35.392348],[139.102061,-35.389255],[139.184255,-35.344008],[139.198497,-35.329034],[139.185232,-35.324395],[139.177989,-35.315362],[139.223155,-35.31878],[139.267589,-35.331313],[139.301443,-35.356622],[139.315196,-35.397882],[139.338634,-35.376886],[139.351329,-35.370212],[139.362966,-35.376886],[139.364268,-35.38893],[139.349864,-35.428969],[139.355479,-35.441502],[139.375499,-35.463962],[139.373057,-35.476739],[139.361013,-35.489516],[139.350434,-35.492934],[139.284434,-35.480564],[139.273936,-35.48211],[139.260509,-35.494236],[139.230479,-35.500584],[139.218923,-35.507257],[139.222667,-35.517999],[139.236176,-35.524591],[139.270763,-35.531345],[139.284434,-35.538507],[139.355724,-35.593357],[139.360362,-35.607843],[139.346202,-35.627862],[139.337657,-35.647638],[139.340099,-35.668715],[139.338064,-35.687433],[139.315196,-35.700291],[139.297618,-35.700616],[139.243907,-35.694513],[139.229503,-35.689386],[139.224864,-35.675877],[139.253673,-35.651788],[139.256521,-35.636407],[139.241873,-35.635837],[139.232595,-35.63128],[139.224864,-35.615411],[139.23585,-35.59002],[139.240001,-35.565525],[139.234141,-35.54754],[139.184825,-35.528253],[139.155284,-35.503351],[139.135427,-35.498305],[139.113455,-35.511163],[139.085948,-35.535333],[139.076834,-35.551446],[139.075531,-35.576755],[139.055186,-35.569431],[139.041352,-35.573989],[139.036143,-35.586847],[139.041352,-35.604099],[139.094574,-35.632094],[139.167735,-35.685968],[139.186778,-35.690688],[139.375987,-35.830011],[139.418142,-35.871677],[139.457774,-35.882989],[139.475434,-35.896417],[139.593761,-36.022556],[139.610525,-36.076349],[139.665701,-36.183852],[139.672048,-36.227797],[139.665212,-36.227797],[139.565196,-36.049737],[139.44752,-35.927341],[139.348155,-35.847833],[139.000987,-35.585382],[138.959239,-35.566664],[138.917817,-35.576755],[138.968272,-35.606622],[138.999034,-35.617283],[139.031505,-35.64544],[139.062348,-35.658136],[139.098888,-35.686456],[139.129893,-35.699314],[139.161388,-35.727797],[139.198904,-35.746759],[139.456716,-35.95794],[139.472667,-35.984552],[139.514985,-36.035333],[139.567393,-36.075291],[139.634613,-36.203546],[139.729015,-36.372328],[139.853689,-36.621759],[139.857107,-36.634942],[139.863536,-36.767267],[139.857188,-36.80877],[139.842133,-36.84588],[139.81544,-36.879002],[139.784841,-36.902032],[139.672048,-36.953383],[139.675629,-36.968194],[139.686209,-36.976495],[139.71225,-36.988051],[139.729177,-37.003839],[139.735688,-37.018731],[139.739757,-37.05641],[139.753429,-37.081638],[139.774181,-37.103692],[139.788341,-37.126235],[139.781261,-37.152602],[139.764171,-37.164646],[139.747406,-37.170831],[139.741547,-37.180841],[139.77003,-37.22088],[139.794932,-37.268731],[139.988048,-37.487074],[140.021495,-37.50156],[140.025238,-37.484633],[140.036469,-37.482517],[140.063243,-37.490981],[140.082693,-37.50506],[140.114268,-37.517511],[140.131684,-37.537367],[140.134288,-37.556736],[140.110199,-37.563572],[140.110199,-37.570408],[140.137218,-37.59531],[140.213145,-37.642511],[140.240571,-37.665948],[140.281505,-37.731541],[140.287771,-37.748793],[140.337169,-37.816095],[140.353526,-37.847101],[140.359874,-37.882094],[140.37086,-37.893162],[140.390798,-37.899347],[140.398204,-37.919854],[140.457286,-37.939142],[140.555349,-38.00921],[140.575938,-38.018243],[140.602387,-38.037774],[140.625011,-38.036879],[140.634776,-38.040216],[140.6692,-38.061782],[140.690196,-38.068129],[140.713552,-38.070571],[140.951427,-38.054295],[140.96639207548608,-38.05887983462001],[140.9733549,-37.4657267],[140.9619017,-35.7997885],[140.9668149,-35.6567771],[140.9638208,-33.9807974],[140.9699859,-33.9828948],[140.9697772,-33.9956886],[140.9812224,-34.001187],[140.9754274,-34.0093909],[140.9864649,-34.0101055],[140.9804908,-34.0154147],[140.9858221,-34.021125],[140.9877112,-34.0300235],[140.9931937,-34.0311434],[140.9957225,-34.0213929],[141.0027803,-34.0211396],[140.9993887,-25.9963915],[129.0018381,-25.9986057],[129.00139905495058,-31.689057190711292]]]}},{"type":"Feature","id":"new-south-wales","properties":{"name":"New South Wales","slug":"new-south-wales","parent_iso_a3":"AUS","source_name":"OpenStreetMap via Nominatim","source_url":"https://nominatim.openstreetmap.org/","source_license":"ODbL 1.0","source_queries":"New South Wales, Australia => New South Wales, Australia"},"geometry":{"type":"MultiPolygon","coordinates":[[[[141.00065776696576,-28.999087195909134],[141.0027795518595,-34.019369450499546],[141.0027817,-34.0224443],[141.0123618,-34.0247365],[141.0043248,-34.0268834],[141.0017033,-34.0381842],[141.0172629,-34.0475177],[141.0194426,-34.0573119],[141.0271399,-34.0590786],[141.0234178,-34.0516594],[141.0323194,-34.0471165],[141.0310746,-34.0413007],[141.0348751,-34.0357171],[141.0434363,-34.0427043],[141.0394427,-34.0514086],[141.0424595,-34.0611029],[141.0491566,-34.0611371],[141.065644,-34.0499374],[141.0719473,-34.0629111],[141.0853041,-34.0625778],[141.0828672,-34.0708264],[141.0888675,-34.0765978],[141.0973016,-34.0711682],[141.0956097,-34.0609005],[141.0872533,-34.0571738],[141.0942356,-34.0506575],[141.1010515,-34.0512023],[141.1069146,-34.0610547],[141.1203356,-34.0648664],[141.1373382,-34.0576606],[141.1377997,-34.0617993],[141.1429712,-34.0635343],[141.1446849,-34.0565206],[141.1530659,-34.0545341],[141.1511892,-34.0601696],[141.1536815,-34.064006],[141.1439047,-34.0677481],[141.1531784,-34.0689155],[141.1536684,-34.0821184],[141.1658532,-34.0832118],[141.1735998,-34.0734376],[141.1786113,-34.08856],[141.1849496,-34.0919509],[141.1936636,-34.0896018],[141.1936478,-34.0841988],[141.1874277,-34.0794774],[141.1998304,-34.0721309],[141.205906,-34.0617222],[141.2109119,-34.0612086],[141.2154732,-34.0653946],[141.2220234,-34.0622908],[141.2223109,-34.0689245],[141.2283372,-34.0736967],[141.2358803,-34.0710136],[141.2372518,-34.0640968],[141.2427049,-34.0619238],[141.24733,-34.073156],[141.2416903,-34.0819768],[141.2425417,-34.0873412],[141.247443,-34.0880799],[141.2520875,-34.0788982],[141.2595642,-34.0781339],[141.2686912,-34.0921297],[141.2837005,-34.1038742],[141.2985432,-34.1069598],[141.3007896,-34.1137181],[141.3174502,-34.1124136],[141.3135284,-34.1248605],[141.3257009,-34.1264889],[141.3249354,-34.1387832],[141.3301463,-34.1370643],[141.3329408,-34.1306536],[141.3464067,-34.1243487],[141.3485042,-34.1123118],[141.3589719,-34.110723],[141.3687576,-34.1271148],[141.37177,-34.1264116],[141.370893,-34.1197135],[141.3815865,-34.1221425],[141.3881175,-34.1347304],[141.4082474,-34.1278563],[141.4103179,-34.1321869],[141.4074036,-34.146401],[141.417155,-34.1507787],[141.4339003,-34.1459047],[141.4328008,-34.1599414],[141.4445382,-34.1680163],[141.4488205,-34.1674682],[141.4502409,-34.1610781],[141.4659321,-34.165754],[141.4711906,-34.1592051],[141.4828007,-34.1634255],[141.4873741,-34.1548671],[141.496794,-34.1555232],[141.5108458,-34.1777053],[141.5187431,-34.1809099],[141.5067724,-34.1901334],[141.5185758,-34.2031591],[141.5171973,-34.2067996],[141.5061476,-34.210498],[141.5109715,-34.2165204],[141.5345852,-34.2098995],[141.5364314,-34.2049312],[141.530818,-34.1960092],[141.533546,-34.1914344],[141.5477371,-34.2008415],[141.5564951,-34.1972936],[141.5604685,-34.1908993],[141.5839216,-34.1988165],[141.5881134,-34.1959918],[141.5893157,-34.1871],[141.5958327,-34.1917882],[141.603285,-34.1912283],[141.6049477,-34.1839334],[141.5928331,-34.1819275],[141.5893833,-34.1773536],[141.6025604,-34.1687939],[141.6029591,-34.1622536],[141.5993353,-34.156085],[141.5878135,-34.1575651],[141.5839026,-34.1519652],[141.5953016,-34.1548058],[141.6045799,-34.1491146],[141.6125426,-34.1567773],[141.6185382,-34.1562872],[141.6209606,-34.1492858],[141.611818,-34.1390234],[141.6213103,-34.1451804],[141.6279826,-34.1454167],[141.6321192,-34.1401382],[141.6300566,-34.129696],[141.6326528,-34.1214849],[141.6546719,-34.1166889],[141.67745,-34.1012245],[141.688571,-34.1023176],[141.7082852,-34.0963523],[141.7127767,-34.112289],[141.7190112,-34.114895],[141.7298718,-34.1055781],[141.7254689,-34.0940237],[141.7314593,-34.0909587],[141.7463431,-34.1034051],[141.7618383,-34.0975377],[141.7526241,-34.1062437],[141.7569484,-34.1120973],[141.7778981,-34.1017748],[141.7746802,-34.1138527],[141.7768871,-34.1168786],[141.7865251,-34.1117271],[141.841384,-34.132452],[141.8514791,-34.1244897],[141.8532584,-34.1312343],[141.8677643,-34.1286518],[141.8764261,-34.1373819],[141.8887907,-34.1244163],[141.8847448,-34.1149863],[141.9033165,-34.1112638],[141.9133216,-34.1155429],[141.9225932,-34.114572],[141.9297854,-34.1257899],[141.9256301,-34.1346057],[141.9340536,-34.1382569],[141.9387686,-34.1350111],[141.9397547,-34.1222606],[141.9450046,-34.1194783],[141.9623788,-34.136],[141.9704376,-34.1361081],[141.9697428,-34.1198992],[141.9776517,-34.1127033],[141.9848972,-34.1129423],[141.993008,-34.1213002],[141.9984728,-34.1185507],[142.0128923,-34.1253576],[142.0222467,-34.1252317],[142.0248271,-34.1218563],[142.0166242,-34.116991],[142.0131331,-34.1056979],[142.0266643,-34.1067472],[142.0375817,-34.0995443],[142.0425152,-34.1051207],[142.0286999,-34.1187687],[142.0295806,-34.1261397],[142.0370152,-34.1297969],[142.0500787,-34.1254387],[142.0625997,-34.125867],[142.0756389,-34.1314197],[142.0771779,-34.1387129],[142.0666028,-34.1446928],[142.065347,-34.150612],[142.0775396,-34.1573467],[142.0827717,-34.1735466],[142.0930608,-34.1719166],[142.1054133,-34.1775274],[142.1196126,-34.1749112],[142.1201133,-34.1568929],[142.1380018,-34.1601342],[142.1487048,-34.1487577],[142.166671,-34.15409],[142.1592586,-34.1711801],[142.1666612,-34.171881],[142.163405,-34.1763984],[142.1661477,-34.1829247],[142.1783096,-34.183745],[142.1839001,-34.1757026],[142.1985814,-34.183498],[142.2188042,-34.1809728],[142.2277174,-34.1891925],[142.2294681,-34.2080567],[142.2366378,-34.2037922],[142.2441801,-34.2115436],[142.24378,-34.2165197],[142.2353334,-34.2237493],[142.2440303,-34.2324592],[142.2435408,-34.2461053],[142.2346764,-34.2496645],[142.2321379,-34.2556383],[142.2432505,-34.2589881],[142.2495859,-34.2667497],[142.244781,-34.2773941],[142.2483131,-34.287283],[142.2321162,-34.2974141],[142.2363942,-34.3073853],[142.2537297,-34.3060808],[142.2673312,-34.2952866],[142.2736711,-34.3040233],[142.2861591,-34.2965832],[142.2989647,-34.3057567],[142.288746,-34.3060686],[142.2840233,-34.3107618],[142.2799974,-34.319385],[142.2841323,-34.3267738],[142.2943847,-34.3234527],[142.3013239,-34.3291032],[142.316255,-34.3301222],[142.3219612,-34.3371143],[142.3309226,-34.3393789],[142.347157,-34.3372176],[142.3677462,-34.32691],[142.3732329,-34.3315229],[142.3796188,-34.3308984],[142.396578,-34.3375723],[142.397156,-34.3440797],[142.3883005,-34.3430549],[142.384456,-34.3469148],[142.3865391,-34.3553207],[142.3917815,-34.360291],[142.3899563,-34.3627657],[142.3850053,-34.3639172],[142.371756,-34.3577893],[142.3634176,-34.3623561],[142.3659633,-34.365056],[142.3781626,-34.3642336],[142.3682379,-34.3706078],[142.3730745,-34.3879808],[142.364375,-34.3853097],[142.3508116,-34.3965253],[142.3562299,-34.4006651],[142.351913,-34.4069034],[142.3600082,-34.4120676],[142.3516806,-34.4218733],[142.3645642,-34.4232653],[142.3599357,-34.4315363],[142.3678654,-34.4356068],[142.3608295,-34.4400649],[142.3645096,-34.4488883],[142.3533319,-34.4695819],[142.3563374,-34.4722968],[142.3643982,-34.4693283],[142.3723327,-34.4716972],[142.3792856,-34.4672652],[142.3836782,-34.4773507],[142.3746836,-34.4768026],[142.3631936,-34.4855808],[142.3589729,-34.4931701],[142.3598006,-34.4991746],[142.3699514,-34.503778],[142.3758391,-34.4922361],[142.3930562,-34.4926817],[142.3942446,-34.4948016],[142.3873831,-34.4984101],[142.3750798,-34.515281],[142.3806947,-34.5194526],[142.3936164,-34.5161377],[142.4003089,-34.5221884],[142.3699086,-34.526545],[142.3677737,-34.5304501],[142.3722942,-34.5349433],[142.3780887,-34.5319519],[142.3768497,-34.5411832],[142.3905398,-34.5490716],[142.3992756,-34.5471444],[142.4052955,-34.5412743],[142.4106893,-34.5534749],[142.406501,-34.5628966],[142.4082108,-34.5684182],[142.4258165,-34.5621483],[142.4301892,-34.5747238],[142.4447997,-34.575327],[142.4516193,-34.5842662],[142.4587429,-34.581239],[142.451605,-34.5727972],[142.448952,-34.5593572],[142.454785,-34.5575922],[142.4683879,-34.5647373],[142.4728335,-34.5767402],[142.4583605,-34.5875767],[142.4719104,-34.5925527],[142.4693938,-34.6014949],[142.4615197,-34.606044],[142.4684191,-34.6126545],[142.4583397,-34.6178227],[142.4639147,-34.6271209],[142.4522722,-34.6334061],[142.4565376,-34.6363208],[142.4650082,-34.6340403],[142.4710738,-34.6401373],[142.4808614,-34.6351921],[142.4839071,-34.6367031],[142.4717568,-34.6514695],[142.4713758,-34.6657768],[142.4755826,-34.6726203],[142.4939022,-34.6717804],[142.4960547,-34.667618],[142.4875561,-34.6668749],[142.486949,-34.6634428],[142.499585,-34.664852],[142.5062095,-34.6565347],[142.5163695,-34.6631728],[142.5007698,-34.6687708],[142.4974227,-34.6746738],[142.4994679,-34.6818582],[142.5080285,-34.6822508],[142.5132117,-34.6926363],[142.5102075,-34.6966627],[142.4998904,-34.6989727],[142.499596,-34.7029315],[142.5042994,-34.7042766],[142.5127826,-34.70028],[142.519399,-34.7029341],[142.5095447,-34.7139865],[142.5127311,-34.7235613],[142.5027416,-34.7314757],[142.4994571,-34.7387308],[142.5123404,-34.7418482],[142.507882,-34.7497715],[142.5241561,-34.7597906],[142.5286838,-34.7596298],[142.5335515,-34.7533576],[142.5383747,-34.763102],[142.5504735,-34.7630106],[142.5501529,-34.7691675],[142.556888,-34.7758273],[142.5672586,-34.7672055],[142.5754605,-34.7716013],[142.5945935,-34.7725558],[142.6170305,-34.785846],[142.6308353,-34.784755],[142.6395558,-34.7802845],[142.6446316,-34.7752241],[142.6464405,-34.7632387],[142.6392818,-34.757429],[142.6265891,-34.7606612],[142.6209832,-34.757686],[142.6163168,-34.736668],[142.6179401,-34.729214],[142.6234567,-34.7276869],[142.6373129,-34.7350706],[142.6617753,-34.7219273],[142.6673311,-34.7359022],[142.678596,-34.7393386],[142.6867914,-34.7341743],[142.6765237,-34.7288491],[142.6784863,-34.7224556],[142.6907057,-34.7268612],[142.699674,-34.7240821],[142.6847281,-34.7142981],[142.6911736,-34.7014361],[142.6820784,-34.6904534],[142.6789506,-34.6808524],[142.6805733,-34.6728858],[142.6842246,-34.6710192],[142.7058184,-34.6796961],[142.7109016,-34.6758431],[142.7090348,-34.6624718],[142.6954326,-34.6599283],[142.6892922,-34.6523437],[142.697375,-34.6411284],[142.6950933,-34.6357799],[142.7008229,-34.6244456],[142.7089321,-34.6227324],[142.7075426,-34.6188175],[142.6894292,-34.6180473],[142.7040582,-34.6135883],[142.7002928,-34.5989818],[142.7146707,-34.6004962],[142.7237107,-34.5923309],[142.7384576,-34.6018194],[142.7591701,-34.6001367],[142.7635147,-34.5967389],[142.7634036,-34.590438],[142.7468954,-34.5877808],[142.7482892,-34.5767608],[142.7584799,-34.5797876],[142.7834757,-34.5795085],[142.7830217,-34.5755595],[142.7699897,-34.5685146],[142.7818361,-34.5652113],[142.7884336,-34.55791],[142.7909767,-34.5464093],[142.7944173,-34.5514219],[142.8057385,-34.5541595],[142.8100964,-34.5608721],[142.7964205,-34.5720741],[142.8010753,-34.5793044],[142.7862464,-34.5838371],[142.7873527,-34.5899808],[142.7979772,-34.5977166],[142.8025831,-34.589113],[142.8101316,-34.5889837],[142.8093614,-34.5957691],[142.8029393,-34.601672],[142.8049927,-34.6084032],[142.8185042,-34.6123587],[142.8185102,-34.603135],[142.8231601,-34.6003065],[142.8249876,-34.6088644],[142.8382363,-34.6130459],[142.8410612,-34.6262141],[142.8454882,-34.6263358],[142.847619,-34.6201179],[142.8527148,-34.6191669],[142.8608012,-34.6278883],[142.8681733,-34.6273076],[142.8549652,-34.6395797],[142.8587577,-34.6450315],[142.8598038,-34.639752],[142.8630499,-34.6389956],[142.8716202,-34.6506504],[142.8603539,-34.6651103],[142.8641788,-34.6671103],[142.8715308,-34.6638047],[142.8757413,-34.6748786],[142.8866237,-34.67224],[142.8870298,-34.6800789],[142.8937897,-34.6788349],[142.8911781,-34.671812],[142.8997981,-34.671785],[142.8930847,-34.6656437],[142.9005254,-34.662405],[142.9013434,-34.654924],[142.9236765,-34.6479747],[142.9220823,-34.6564478],[142.9324212,-34.6554807],[142.9350089,-34.660741],[142.94315,-34.6616207],[142.9486831,-34.6696397],[142.9588618,-34.6648367],[142.9579274,-34.6710717],[142.9627891,-34.675649],[142.9676158,-34.6918436],[142.9725236,-34.6951717],[142.9771188,-34.6932301],[142.9822428,-34.6827061],[142.9751417,-34.6708897],[142.9858819,-34.6683617],[142.98931,-34.6625807],[142.994656,-34.6739881],[143.0006285,-34.6696637],[143.0167697,-34.6728577],[143.0079181,-34.6862588],[143.0101763,-34.6936591],[143.021782,-34.6928629],[143.0241917,-34.6829243],[143.0324984,-34.6829298],[143.0294204,-34.691852],[143.0394635,-34.7026119],[143.0443829,-34.6993021],[143.0375146,-34.6916811],[143.0403338,-34.6860605],[143.0436079,-34.6870043],[143.0469482,-34.6970863],[143.0548184,-34.6988562],[143.0648557,-34.6894181],[143.0669778,-34.6794732],[143.0706807,-34.6783387],[143.0718418,-34.6894069],[143.0762189,-34.6959586],[143.0925628,-34.7012786],[143.1064883,-34.6923271],[143.1125394,-34.6807466],[143.121383,-34.6874948],[143.1117756,-34.6869807],[143.1071194,-34.701496],[143.1276729,-34.6925112],[143.1180934,-34.6984469],[143.1180241,-34.7029923],[143.1335346,-34.7005661],[143.1349765,-34.7077435],[143.1471586,-34.7148362],[143.1479249,-34.7086554],[143.161686,-34.6979169],[143.1657979,-34.7019914],[143.1653567,-34.7181374],[143.1731938,-34.7197103],[143.1809551,-34.7094062],[143.1793003,-34.7173381],[143.1917476,-34.7127871],[143.1999979,-34.7172222],[143.1967622,-34.7208707],[143.2009091,-34.7334478],[143.2188442,-34.7294713],[143.2224619,-34.7325447],[143.2138411,-34.7380094],[143.2212667,-34.7428961],[143.2191054,-34.7526391],[143.224389,-34.7587247],[143.2289109,-34.7577511],[143.2287713,-34.747789],[143.2407249,-34.7454037],[143.2441533,-34.7548793],[143.2489067,-34.7578993],[143.2653523,-34.7486441],[143.2739074,-34.7526871],[143.2673477,-34.7547542],[143.2715332,-34.7594504],[143.2540894,-34.7666071],[143.2520268,-34.7724942],[143.2577144,-34.7786254],[143.2630429,-34.7736694],[143.273169,-34.7767235],[143.2659499,-34.7766671],[143.2634694,-34.7809421],[143.2757656,-34.7815506],[143.2732708,-34.7878973],[143.2767323,-34.7922607],[143.2862856,-34.7952779],[143.2846943,-34.784923],[143.2938164,-34.7907792],[143.2967389,-34.7854552],[143.3085734,-34.7800313],[143.313072,-34.781264],[143.3129971,-34.787018],[143.3173973,-34.790714],[143.3290874,-34.7863578],[143.333633,-34.7934229],[143.3482067,-34.7918963],[143.3515702,-34.7953127],[143.3472673,-34.8067599],[143.3596961,-34.8172031],[143.3515884,-34.8232708],[143.3541952,-34.8302447],[143.351333,-34.8387823],[143.3412696,-34.8461593],[143.3545966,-34.8457927],[143.3451436,-34.8531924],[143.3524942,-34.8584287],[143.3486421,-34.8647963],[143.3381858,-34.8705064],[143.3376434,-34.8757612],[143.3428761,-34.8759237],[143.3421459,-34.8813542],[143.3364608,-34.8795712],[143.333006,-34.8887219],[143.3339944,-34.8859568],[143.3279101,-34.8826241],[143.3211462,-34.8885577],[143.3284501,-34.8953308],[143.3257783,-34.8981163],[143.3326919,-34.9050163],[143.3297461,-34.9065889],[143.3329887,-34.9111723],[143.3403681,-34.9140033],[143.3421799,-34.9192837],[143.3392157,-34.927943],[143.3427802,-34.9327027],[143.3375142,-34.9371063],[143.3372794,-34.9405239],[143.341205,-34.9407481],[143.3373348,-34.9453889],[143.3331551,-34.9387206],[143.3217992,-34.9423956],[143.3196188,-34.9480686],[143.3225748,-34.9509608],[143.3173696,-34.9524613],[143.3238192,-34.9791752],[143.3180253,-34.9864047],[143.3185678,-34.9929327],[143.3296106,-34.9956399],[143.3381031,-35.0108677],[143.3316614,-35.0236743],[143.3358406,-35.0374096],[143.3307261,-35.0374598],[143.3281169,-35.0337905],[143.3218137,-35.0365483],[143.3277918,-35.0379672],[143.3242421,-35.0419079],[143.3295267,-35.0414984],[143.3287207,-35.0459108],[143.3365734,-35.0431783],[143.3302671,-35.0537032],[143.334437,-35.054338],[143.3343146,-35.0492463],[143.3372614,-35.0486441],[143.3380075,-35.0616833],[143.3416417,-35.0622229],[143.341649,-35.0584296],[143.3507613,-35.0645382],[143.3496226,-35.0698397],[143.3432374,-35.0647892],[143.3390677,-35.0677591],[143.3455939,-35.0739687],[143.3430444,-35.078878],[143.3374156,-35.08029],[143.3435359,-35.0823654],[143.3416274,-35.0849894],[143.3451077,-35.0870906],[143.3408373,-35.0883643],[143.3460685,-35.0935278],[143.3407297,-35.0954837],[143.3445708,-35.0962312],[143.3481529,-35.105388],[143.3490061,-35.10038],[143.3534122,-35.102736],[143.3527223,-35.0995062],[143.3609773,-35.103114],[143.357716,-35.1047845],[143.3617581,-35.1165135],[143.3737747,-35.1224983],[143.3906167,-35.1448003],[143.389839,-35.1498992],[143.3824084,-35.1558605],[143.3869552,-35.1594601],[143.3826582,-35.1628883],[143.3874905,-35.1622373],[143.3819534,-35.1729325],[143.3919836,-35.1726876],[143.3938725,-35.1779613],[143.3869669,-35.1830027],[143.3885932,-35.1863008],[143.3931182,-35.1855521],[143.3910208,-35.1890083],[143.3956412,-35.1930254],[143.4005492,-35.1898901],[143.4043568,-35.1937077],[143.416909,-35.1949443],[143.4260064,-35.1894108],[143.4312639,-35.1951816],[143.4337331,-35.1906923],[143.4493072,-35.1890293],[143.4590954,-35.2033267],[143.4647129,-35.2025527],[143.4661884,-35.2145888],[143.4715753,-35.2193842],[143.4943542,-35.2200321],[143.5050327,-35.2137834],[143.5183111,-35.2114672],[143.5238068,-35.2191822],[143.5289847,-35.2198532],[143.5487408,-35.2136884],[143.5470492,-35.206052],[143.5634725,-35.2024201],[143.5709008,-35.2069983],[143.5800999,-35.2142658],[143.5810895,-35.2199867],[143.575886,-35.2263364],[143.5780612,-35.2317095],[143.5642186,-35.2360681],[143.5665977,-35.2401457],[143.5635731,-35.2433777],[143.5696457,-35.2461367],[143.5739762,-35.256532],[143.5716409,-35.2681634],[143.5835032,-35.2650674],[143.5823325,-35.272822],[143.5906669,-35.2738543],[143.5843418,-35.2790429],[143.5906924,-35.2815749],[143.582236,-35.2873389],[143.579594,-35.295613],[143.5822736,-35.2980827],[143.5770709,-35.2984123],[143.5778082,-35.3032883],[143.5690145,-35.3024453],[143.5727088,-35.3056517],[143.5674871,-35.3083496],[143.5628786,-35.3180252],[143.5620894,-35.337271],[143.5671918,-35.3436544],[143.5725402,-35.3373498],[143.5745405,-35.3406582],[143.5797983,-35.3396968],[143.5903373,-35.3503482],[143.5984041,-35.3520911],[143.6030108,-35.3654054],[143.6096943,-35.3700995],[143.6160727,-35.368942],[143.6133262,-35.3768036],[143.6196671,-35.3870848],[143.6246892,-35.3879013],[143.6265244,-35.3807841],[143.6299145,-35.3847634],[143.6329136,-35.3833014],[143.6346354,-35.3865782],[143.6293776,-35.3923652],[143.6423344,-35.4010342],[143.6538696,-35.3948761],[143.6523945,-35.3914308],[143.6556242,-35.3908843],[143.657136,-35.3849967],[143.6681087,-35.38594],[143.6641504,-35.3776699],[143.667736,-35.3711812],[143.676476,-35.3705712],[143.6828383,-35.3741217],[143.6846372,-35.3681597],[143.6889007,-35.3713331],[143.6894774,-35.3773911],[143.6928413,-35.3778663],[143.6930487,-35.3838503],[143.702505,-35.3778197],[143.7031755,-35.3892863],[143.7117609,-35.3847274],[143.7094824,-35.392705],[143.7267612,-35.3902509],[143.7320144,-35.3940356],[143.7393988,-35.393548],[143.7450673,-35.3863977],[143.7513131,-35.3878802],[143.7517921,-35.3925937],[143.7643834,-35.3925801],[143.7628886,-35.4005891],[143.7688192,-35.4018046],[143.7685914,-35.4084171],[143.7615439,-35.4102792],[143.7589499,-35.4147564],[143.7602134,-35.4174851],[143.7661227,-35.4160863],[143.7628481,-35.4230628],[143.7899542,-35.4223221],[143.8000734,-35.4334663],[143.8184554,-35.437807],[143.8135705,-35.4466516],[143.8224483,-35.4460508],[143.8269027,-35.4550721],[143.8399777,-35.4577043],[143.8461208,-35.4633682],[143.8554316,-35.4618337],[143.8539225,-35.4689623],[143.8604196,-35.4745439],[143.8588651,-35.480098],[143.8638621,-35.4772297],[143.869668,-35.4817889],[143.8713769,-35.4778237],[143.8765801,-35.4861617],[143.8874932,-35.4852977],[143.8993894,-35.4953097],[143.9077292,-35.4941566],[143.9039448,-35.4950201],[143.9058193,-35.4999078],[143.9121379,-35.4995054],[143.9119841,-35.4948958],[143.9181393,-35.5008043],[143.9347665,-35.4992932],[143.9334483,-35.5066653],[143.9413127,-35.5017994],[143.9590324,-35.5044663],[143.9609979,-35.4989867],[143.9668821,-35.5028841],[143.9700977,-35.5000721],[143.9687399,-35.5055603],[143.9725294,-35.5095717],[143.9646782,-35.508506],[143.9624379,-35.5139749],[143.9709353,-35.5200123],[143.969272,-35.5230879],[143.9746569,-35.5325507],[143.9965793,-35.535671],[143.9956276,-35.5421896],[143.999254,-35.5451122],[143.9898571,-35.5546013],[144.0114361,-35.5631272],[144.0093931,-35.5580613],[144.0126857,-35.5540703],[144.0339075,-35.5558572],[144.0394302,-35.5493259],[144.0407848,-35.5555063],[144.0462178,-35.5524568],[144.0467506,-35.5629667],[144.0637004,-35.5700388],[144.0623943,-35.5767837],[144.105143,-35.5908676],[144.1032434,-35.5977687],[144.1136115,-35.6022861],[144.1109753,-35.6074497],[144.1159563,-35.613155],[144.1147796,-35.6197261],[144.1198043,-35.6208424],[144.1174548,-35.6260494],[144.1273985,-35.6343133],[144.1311701,-35.633305],[144.1314382,-35.6407724],[144.1372427,-35.6403333],[144.1425933,-35.6471359],[144.1524764,-35.6425134],[144.1494671,-35.6457603],[144.1569853,-35.6508057],[144.1513999,-35.6533598],[144.1584003,-35.6579382],[144.1625214,-35.6716164],[144.1744207,-35.674544],[144.1868441,-35.6703351],[144.1899537,-35.6738397],[144.1865352,-35.6750437],[144.1895978,-35.6766413],[144.1882724,-35.6804894],[144.1947657,-35.6856764],[144.2131624,-35.6865498],[144.2148421,-35.6920972],[144.2211412,-35.6930703],[144.216131,-35.6966457],[144.2196703,-35.6990271],[144.2157817,-35.7011001],[144.2157974,-35.706453],[144.2481014,-35.7210514],[144.2477275,-35.7296641],[144.2532073,-35.7298003],[144.2539992,-35.7385883],[144.267147,-35.7533551],[144.2710411,-35.7537173],[144.2778503,-35.7408164],[144.2854466,-35.7369558],[144.2959502,-35.7370279],[144.3013182,-35.7428354],[144.2946691,-35.7505139],[144.2951225,-35.754339],[144.2994286,-35.7517901],[144.3068132,-35.7572389],[144.3118347,-35.7494204],[144.314436,-35.7570432],[144.3176876,-35.7522102],[144.3278676,-35.7526793],[144.3278833,-35.7557045],[144.3216657,-35.7578956],[144.3225856,-35.7636117],[144.3186076,-35.7665734],[144.3241929,-35.7687114],[144.3311624,-35.7650947],[144.3362776,-35.7703745],[144.341647,-35.7638984],[144.3428503,-35.7715316],[144.3488271,-35.7670123],[144.3467598,-35.7746364],[144.3533258,-35.7760974],[144.3518653,-35.7858502],[144.3602623,-35.7847606],[144.3554439,-35.7884084],[144.3621816,-35.7956824],[144.3706637,-35.7904139],[144.3769594,-35.7931493],[144.373038,-35.7979431],[144.3757771,-35.8017885],[144.372315,-35.8081657],[144.3666792,-35.8112424],[144.3773421,-35.8110651],[144.3775478,-35.8142424],[144.3690438,-35.8131148],[144.3646994,-35.8197542],[144.3685441,-35.8247964],[144.3719619,-35.8230942],[144.3724152,-35.8166227],[144.375519,-35.820644],[144.3843223,-35.8196443],[144.3747831,-35.8251914],[144.379241,-35.8293428],[144.3721624,-35.8319558],[144.38171905271474,-35.83451587160119],[144.381606,-35.8370108],[144.373086,-35.8373245],[144.3756973,-35.8409939],[144.3843815,-35.8420096],[144.3805509,-35.843366],[144.3844952,-35.8463671],[144.3813285,-35.8523855],[144.3870886,-35.8551213],[144.3903103,-35.8506065],[144.388961,-35.8586164],[144.3971003,-35.8593397],[144.3986449,-35.8627229],[144.40549182505077,-35.8608148070444],[144.4081793,-35.8655126],[144.4018038,-35.8681052],[144.411014,-35.8711831],[144.4040085,-35.8742525],[144.4087148,-35.8752901],[144.4036075,-35.8807685],[144.4115824,-35.8812265],[144.4069387,-35.8840247],[144.4118377,-35.8861915],[144.4136045,-35.8924116],[144.4183213,-35.8932127],[144.4145925,-35.894917],[144.4167478,-35.8980668],[144.4085314,-35.8989504],[144.4079291,-35.9038792],[144.4147569,-35.9049022],[144.419065,-35.9001908],[144.4245152,-35.9001995],[144.4168682,-35.9058702],[144.41656,-35.9101141],[144.4207059,-35.9108841],[144.4204848,-35.9062603],[144.423562,-35.9060105],[144.4264887,-35.9186471],[144.4396792,-35.9247849],[144.44017,-35.9321853],[144.449478,-35.92867],[144.4453787,-35.9312989],[144.4460547,-35.9348133],[144.4578725,-35.9358519],[144.4599804,-35.9396424],[144.4616723,-35.9345452],[144.4662679,-35.9334553],[144.4639107,-35.9406961],[144.4721283,-35.941129],[144.4668312,-35.9463674],[144.4753775,-35.9479427],[144.4796893,-35.9454106],[144.4797396,-35.9534848],[144.4833354,-35.9493889],[144.4878967,-35.949756],[144.4823629,-35.9519542],[144.4811356,-35.9586681],[144.4887716,-35.9571291],[144.4873937,-35.9640861],[144.493592,-35.9686417],[144.4975461,-35.9684818],[144.5015231,-35.9580991],[144.5009622,-35.9706241],[144.5074769,-35.9710389],[144.5132063,-35.965169],[144.5100833,-35.973952],[144.5204834,-35.9701392],[144.5165549,-35.9862428],[144.511901,-35.9890816],[144.5160521,-35.9955327],[144.5286016,-35.994091],[144.539047,-36.0010098],[144.5475894,-36.0006293],[144.5474692,-36.0050329],[144.5537897,-36.0030487],[144.5577887,-36.0141137],[144.5630392,-36.0075416],[144.564156,-36.0168271],[144.5706326,-36.0171054],[144.5712612,-36.0240859],[144.5794653,-36.0210343],[144.5865783,-36.0271897],[144.5814724,-36.0297897],[144.5826312,-36.0383538],[144.5889447,-36.0383587],[144.5912566,-36.0433541],[144.5985309,-36.0373736],[144.6040347,-36.0425019],[144.6088639,-36.0417466],[144.6103179,-36.0394909],[144.606031,-36.0364044],[144.6156462,-36.0315682],[144.6189587,-36.0390881],[144.613291,-36.0424888],[144.6175936,-36.0468569],[144.6084576,-36.0638123],[144.6158365,-36.0664723],[144.6104822,-36.0712658],[144.6177132,-36.0771327],[144.6220476,-36.0762112],[144.6209048,-36.0710099],[144.6283409,-36.0653038],[144.6198584,-36.0631793],[144.6184334,-36.0597151],[144.6264228,-36.0618093],[144.6250776,-36.0520589],[144.6326141,-36.0481707],[144.6374914,-36.0475572],[144.643819,-36.0566331],[144.6469092,-36.0510037],[144.6529669,-36.0530302],[144.6546793,-36.0753596],[144.6578891,-36.0703833],[144.6646281,-36.0766171],[144.6679447,-36.0686277],[144.6699986,-36.0716747],[144.6739881,-36.0680418],[144.678542,-36.0691751],[144.6787061,-36.062536],[144.689125,-36.0614441],[144.6878792,-36.0663536],[144.692403,-36.0696429],[144.6823128,-36.0840326],[144.6836931,-36.0948918],[144.6877468,-36.096107],[144.6928338,-36.0911551],[144.6977319,-36.0939166],[144.6987085,-36.0872454],[144.7077413,-36.0928129],[144.7191365,-36.085905],[144.7197256,-36.0906203],[144.7257269,-36.089639],[144.7231459,-36.0942763],[144.7254684,-36.098657],[144.719116,-36.100535],[144.7173264,-36.1120776],[144.7204503,-36.114497],[144.725387,-36.1123507],[144.7265215,-36.1180711],[144.7347569,-36.1165508],[144.7312515,-36.1118707],[144.7404136,-36.107538],[144.7474773,-36.1215683],[144.7541375,-36.1224304],[144.7568381,-36.1188205],[144.7720578,-36.1161812],[144.7772133,-36.1298561],[144.7873902,-36.1273327],[144.7853983,-36.1223107],[144.7920969,-36.1226272],[144.7986851,-36.1132093],[144.8005885,-36.1150843],[144.7964916,-36.1196113],[144.8080231,-36.1236157],[144.8134956,-36.1139233],[144.8072661,-36.1134303],[144.8065324,-36.1074683],[144.8164717,-36.1095329],[144.8100267,-36.1024389],[144.8200162,-36.1080091],[144.823747,-36.1027336],[144.8297761,-36.1029741],[144.8354026,-36.0985256],[144.8420361,-36.1004293],[144.8432083,-36.0959091],[144.8397448,-36.0945148],[144.8439162,-36.0923859],[144.8419435,-36.0830253],[144.8506163,-36.0814823],[144.8472357,-36.0729279],[144.8562852,-36.0738589],[144.853803,-36.0698071],[144.8563015,-36.0656377],[144.8606747,-36.0666559],[144.8574832,-36.0684038],[144.8611927,-36.0719407],[144.863038,-36.0593023],[144.8749116,-36.0577597],[144.8890284,-36.0637187],[144.9016072,-36.0636958],[144.9040899,-36.0609255],[144.9083102,-36.0642654],[144.9322955,-36.0670403],[144.937613,-36.0698383],[144.9364744,-36.0758691],[144.9474304,-36.0828224],[144.9816283,-36.0725362],[144.9870163,-36.0636247],[144.9858972,-36.0564527],[144.9822577,-36.0484117],[144.9679598,-36.0422931],[144.9620586,-36.018201],[144.9546335,-36.0187633],[144.94564,-36.0121974],[144.946161,-36.0048102],[144.9236662,-35.9889537],[144.9260299,-35.9744431],[144.9309459,-35.9686099],[144.9575095,-35.9610165],[144.9488783,-35.9316974],[144.9527554,-35.9168066],[144.9671215,-35.9050437],[144.9647699,-35.8960452],[144.9750857,-35.8838564],[144.9697469,-35.8788657],[144.972583,-35.8740721],[144.9681345,-35.8657239],[144.9707892,-35.8610086],[144.9789974,-35.8583824],[144.9918207,-35.8588054],[144.9896498,-35.8546982],[144.9932686,-35.8559308],[144.9922383,-35.8523673],[144.9996073,-35.8549408],[145.0007097,-35.8493417],[145.0066447,-35.8561016],[145.0193167,-35.8565505],[145.0244903,-35.8470688],[145.030044,-35.8495634],[145.0362159,-35.8469899],[145.0382533,-35.838649],[145.0410673,-35.8415942],[145.0496509,-35.8336319],[145.0509933,-35.8387922],[145.0542929,-35.8380451],[145.0535347,-35.8352976],[145.0612254,-35.8372816],[145.0717543,-35.8333835],[145.0741238,-35.8267077],[145.0766397,-35.8318587],[145.0774605,-35.8274125],[145.0899958,-35.8254916],[145.0934831,-35.8280363],[145.0892777,-35.8311673],[145.0919028,-35.8359874],[145.0993878,-35.8258105],[145.1041167,-35.8285657],[145.114057,-35.8204615],[145.1152651,-35.8260267],[145.1222784,-35.8207713],[145.1229037,-35.8282126],[145.1268265,-35.8295577],[145.1275978,-35.8205713],[145.1287789,-35.8272882],[145.1339733,-35.8273872],[145.1359356,-35.8340994],[145.1396319,-35.8283942],[145.1476593,-35.8335864],[145.1589138,-35.8308085],[145.1534672,-35.8428477],[145.1682103,-35.84257],[145.1718864,-35.8387454],[145.1812387,-35.8420175],[145.1827153,-35.8350448],[145.189812,-35.8341884],[145.1933306,-35.8376997],[145.1979167,-35.8348196],[145.2063135,-35.8379562],[145.2148652,-35.8361807],[145.2159831,-35.8414809],[145.2228913,-35.8424527],[145.2244973,-35.8396114],[145.2200266,-35.8368849],[145.2247788,-35.8321506],[145.2293288,-35.8333393],[145.235201,-35.8295432],[145.2406013,-35.8336758],[145.2462702,-35.8303397],[145.2529925,-35.8350733],[145.2608582,-35.83546],[145.2597769,-35.8394533],[145.2642015,-35.842145],[145.2583007,-35.8506555],[145.2672054,-35.8524579],[145.2726201,-35.8451925],[145.278761,-35.853418],[145.2849814,-35.8507105],[145.2841947,-35.8566836],[145.2925794,-35.8538375],[145.2964518,-35.8606206],[145.3090028,-35.86046],[145.3122425,-35.8556895],[145.3243711,-35.8506891],[145.3415511,-35.8624285],[145.3501215,-35.8605375],[145.355707,-35.867056],[145.3605986,-35.8611815],[145.3773948,-35.8587845],[145.3867418,-35.8503552],[145.4103226,-35.8488488],[145.4096581,-35.8367736],[145.4206157,-35.8370853],[145.4137392,-35.8309813],[145.4200052,-35.8281863],[145.426008,-35.8296311],[145.4291626,-35.8344986],[145.4367824,-35.8301665],[145.4415614,-35.8357782],[145.447982,-35.8308463],[145.4514811,-35.8217274],[145.4625026,-35.8269401],[145.4691069,-35.8182052],[145.4686413,-35.8128866],[145.4777075,-35.8047982],[145.4743425,-35.8124111],[145.4929817,-35.8150143],[145.496925,-35.8089004],[145.5115757,-35.8122888],[145.5214583,-35.8188399],[145.528012,-35.811821],[145.5271369,-35.8066462],[145.5354941,-35.8019972],[145.534819,-35.8079123],[145.5418926,-35.8090407],[145.5363406,-35.8184658],[145.5390894,-35.8220143],[145.5477304,-35.8129224],[145.5623966,-35.8130297],[145.5629141,-35.816132],[145.5570447,-35.8187312],[145.5594617,-35.8234599],[145.5572309,-35.8272574],[145.566459,-35.8266676],[145.5638932,-35.834295],[145.5757215,-35.839203],[145.5809502,-35.8479692],[145.5935938,-35.8497652],[145.5925401,-35.855776],[145.5864967,-35.8610473],[145.5977968,-35.8619334],[145.5950599,-35.8689841],[145.6009717,-35.8750612],[145.6054146,-35.8747569],[145.6023781,-35.8679352],[145.609915,-35.8703537],[145.6147598,-35.8653267],[145.6262315,-35.8625012],[145.6286814,-35.8677053],[145.6148932,-35.8727256],[145.6170027,-35.8755612],[145.6275589,-35.874897],[145.6204611,-35.8839134],[145.6299158,-35.880472],[145.6314877,-35.8876483],[145.6399319,-35.8943733],[145.6474312,-35.893537],[145.6509511,-35.899583],[145.6579969,-35.9011982],[145.6614842,-35.912412],[145.6687002,-35.9131326],[145.6689081,-35.9192668],[145.6789327,-35.917105],[145.6737361,-35.9260417],[145.6858499,-35.930719],[145.6874294,-35.9238651],[145.6977756,-35.9208167],[145.7032767,-35.9252438],[145.6957024,-35.9257108],[145.6971976,-35.9364571],[145.7078695,-35.9323268],[145.7143529,-35.9373886],[145.7207015,-35.9347943],[145.7260914,-35.9421382],[145.7260458,-35.9463823],[145.7176463,-35.9446453],[145.7169277,-35.9507938],[145.7243879,-35.9542589],[145.7343137,-35.9513356],[145.7364401,-35.9551739],[145.7307309,-35.9586181],[145.7440707,-35.959175],[145.746053,-35.9642462],[145.7577712,-35.9580073],[145.7662044,-35.9666348],[145.7783287,-35.9601217],[145.781806,-35.9638261],[145.7770401,-35.9726222],[145.7847719,-35.9719647],[145.7881886,-35.975317],[145.7930621,-35.9728044],[145.7931714,-35.9825883],[145.8066801,-35.9827747],[145.810012,-35.9913017],[145.8168675,-35.9881994],[145.8131101,-35.9836954],[145.8284428,-35.9829987],[145.8290495,-35.9798065],[145.8247879,-35.9784788],[145.8284977,-35.9753023],[145.8365164,-35.9774277],[145.8360534,-35.9819456],[145.8391453,-35.9833713],[145.8485335,-35.9814561],[145.8455509,-35.9736366],[145.8540096,-35.9766658],[145.8592599,-35.974824],[145.8592511,-35.9713386],[145.8485502,-35.9685586],[145.8538751,-35.9658332],[145.8546636,-35.9595863],[145.8607396,-35.9605381],[145.871885,-35.955469],[145.8899377,-35.9572832],[145.8937811,-35.9534596],[145.9028196,-35.9525161],[145.910352,-35.9559606],[145.901046,-35.9611757],[145.9029928,-35.9688886],[145.9067705,-35.9634144],[145.9139765,-35.9696304],[145.9155418,-35.9644012],[145.9246486,-35.9642881],[145.9285894,-35.9667726],[145.9252966,-35.9708233],[145.9277783,-35.9739967],[145.9348845,-35.9725893],[145.9451806,-35.9617079],[145.9538636,-35.9618636],[145.9533877,-35.9652067],[145.9443199,-35.9668032],[145.9512999,-35.9762569],[145.9461227,-35.9791806],[145.9456632,-35.9839319],[145.952021,-35.9840611],[145.9525013,-35.9924207],[145.9645315,-35.9963472],[145.95834,-36.0066067],[145.9623437,-36.0095003],[145.9709077,-36.0054878],[145.9740994,-36.0081715],[145.9693368,-36.0133253],[145.9721274,-36.0157602],[145.9776881,-36.0094783],[145.9890779,-36.0130441],[146.0072962,-36.0031311],[146.0163416,-36.007657],[146.021998,-35.9998135],[146.0339685,-35.9952717],[146.0390247,-36.0017938],[146.0436609,-35.9993541],[146.0491592,-36.0026578],[146.0516039,-35.9949702],[146.0561983,-35.9989954],[146.0583693,-36.0140194],[146.070975,-36.0158143],[146.0742639,-36.0100023],[146.0762084,-36.0179662],[146.0932866,-36.0216471],[146.0966535,-36.0178494],[146.0892439,-36.012824],[146.0914709,-36.009314],[146.1012068,-36.012958],[146.1041559,-36.0084054],[146.1125007,-36.006735],[146.1075419,-36.0142493],[146.1195059,-36.0180898],[146.119256,-36.0139923],[146.1243586,-36.0141311],[146.1345091,-36.002515],[146.1407211,-36.0089312],[146.1319859,-36.0101036],[146.1312766,-36.01927],[146.1455617,-36.0136021],[146.1465092,-36.02046],[146.1533056,-36.0247862],[146.1567332,-36.0212544],[146.1615231,-36.024067],[146.1732355,-36.0193085],[146.1783126,-36.0289139],[146.1764089,-36.0337452],[146.1821887,-36.0344676],[146.1785678,-36.038415],[146.1858221,-36.042089],[146.1974471,-36.0291082],[146.1989227,-36.0372206],[146.204716,-36.0390353],[146.2118001,-36.0283355],[146.216101,-36.0331214],[146.2103027,-36.0356342],[146.2111524,-36.038729],[146.2207589,-36.0363216],[146.2221939,-36.029864],[146.228009,-36.0288676],[146.2302214,-36.0339364],[146.2340965,-36.0281377],[146.2431567,-36.0287421],[146.2412465,-36.0236661],[146.2507242,-36.0232927],[146.244709,-36.018202],[146.2516542,-36.019356],[146.2571014,-36.0120721],[146.2618213,-36.0164098],[146.2609936,-36.0217117],[146.267043,-36.0209349],[146.2677721,-36.0250422],[146.2730666,-36.0265453],[146.2780535,-36.0227222],[146.2743322,-36.0205772],[146.2767866,-36.0173306],[146.2747863,-36.0124027],[146.2827274,-36.0108823],[146.2786991,-36.0156915],[146.286429,-36.0142142],[146.2910252,-36.0205008],[146.2818849,-36.0233386],[146.2824454,-36.0266223],[146.2916105,-36.0243718],[146.2933357,-36.0290898],[146.2860374,-36.0304649],[146.291496,-36.0358179],[146.2848836,-36.0371504],[146.2834697,-36.0418096],[146.2913952,-36.038792],[146.2920574,-36.0451841],[146.2996254,-36.047712],[146.3021266,-36.0445867],[146.2968346,-36.044678],[146.2970216,-36.0399928],[146.3009569,-36.0364787],[146.3022513,-36.0425532],[146.3086976,-36.0391317],[146.3130061,-36.0455687],[146.316255,-36.0381813],[146.3196935,-36.0423194],[146.3293253,-36.0431248],[146.3314727,-36.0360403],[146.3250296,-36.0337357],[146.3311582,-36.0264041],[146.3385599,-36.0263198],[146.3459565,-36.0292172],[146.3498262,-36.0414948],[146.3573059,-36.0404941],[146.3688753,-36.0507003],[146.3795284,-36.0447592],[146.3761354,-36.0384329],[146.3825831,-36.0394379],[146.3878005,-36.035295],[146.3793865,-36.0270637],[146.3806379,-36.0129567],[146.3884607,-36.0071353],[146.3990889,-36.0072663],[146.3979585,-35.9966937],[146.4026898,-35.9884401],[146.4150164,-35.9845707],[146.4118028,-35.9814056],[146.4140337,-35.9752549],[146.4194486,-35.9786667],[146.4189375,-35.973209],[146.4250947,-35.9729877],[146.4216969,-35.9657691],[146.4258392,-35.9637063],[146.4374113,-35.9672897],[146.4427588,-35.9763277],[146.4476567,-35.9646681],[146.4537616,-35.9621973],[146.4561416,-35.9665138],[146.461602,-35.9651441],[146.4619319,-35.970588],[146.469647,-35.9761179],[146.465389,-35.9796463],[146.4665057,-35.9838972],[146.4699174,-35.980715],[146.4727813,-35.9837182],[146.4765766,-35.9819518],[146.4868846,-35.9852251],[146.4893623,-35.990443],[146.4978513,-35.9906985],[146.5035883,-35.9875869],[146.502146,-35.9831934],[146.4919933,-35.9847136],[146.5005704,-35.9792889],[146.4961194,-35.9731589],[146.5016932,-35.9575629],[146.5117997,-35.9635932],[146.5193944,-35.9600836],[146.5217017,-35.9629827],[146.5193357,-35.9686992],[146.5253254,-35.9691597],[146.532755,-35.9758982],[146.5319985,-35.9834598],[146.537995,-35.981615],[146.549437,-35.9918718],[146.5557324,-35.9891228],[146.5497967,-35.9851515],[146.5548929,-35.9842251],[146.5518934,-35.9789535],[146.5587687,-35.9784262],[146.5586833,-35.9714012],[146.5626146,-35.9677484],[146.5663099,-35.9702727],[146.5629594,-35.9749712],[146.5842116,-35.9834228],[146.5869122,-35.9817026],[146.5843365,-35.9742799],[146.5952885,-35.9737584],[146.5991311,-35.9702772],[146.6012588,-35.9755352],[146.6037794,-35.9726468],[146.6173685,-35.9738732],[146.6108043,-35.9794338],[146.6162841,-35.9822487],[146.6078506,-35.986752],[146.6130838,-35.990355],[146.613974,-35.9962541],[146.6203487,-35.9934056],[146.6222471,-35.9997113],[146.6261954,-35.9958291],[146.627979,-35.9997572],[146.6338186,-35.9999045],[146.6312134,-36.0040038],[146.6403953,-36.0095577],[146.6421789,-36.0041536],[146.6452271,-36.0077713],[146.6502936,-36.0067453],[146.6501339,-36.0136282],[146.6587322,-36.0145609],[146.6578487,-36.0177395],[146.6503804,-36.018959],[146.6583426,-36.0218927],[146.6561856,-36.0263743],[146.6692443,-36.0282591],[146.6657721,-36.0209616],[146.6680397,-36.0182536],[146.6715241,-36.0260276],[146.6744359,-36.0219684],[146.680918,-36.022774],[146.6819661,-36.0257868],[146.6751402,-36.0282837],[146.6829905,-36.029943],[146.6801025,-36.0344613],[146.6857883,-36.0405069],[146.6951118,-36.0343963],[146.6899291,-36.0301226],[146.7074942,-36.036055],[146.7101211,-36.0335994],[146.705873,-36.0301907],[146.7158588,-36.0264232],[146.7221449,-36.0286574],[146.7317032,-36.0235327],[146.7327787,-36.0263738],[146.728082,-36.0294796],[146.7351446,-36.03631],[146.7313796,-36.038677],[146.7309462,-36.0452998],[146.7447377,-36.0477278],[146.7529822,-36.0419425],[146.7469509,-36.056472],[146.7496508,-36.0611506],[146.7551961,-36.059022],[146.7532137,-36.0552122],[146.7583728,-36.0558325],[146.7564104,-36.0518792],[146.7618879,-36.0514359],[146.7611984,-36.0587102],[146.7645761,-36.059333],[146.7667402,-36.055409],[146.7677489,-36.0586434],[146.7759679,-36.0592294],[146.781397,-36.0644852],[146.7825392,-36.0587898],[146.7871148,-36.0588879],[146.7868838,-36.0645831],[146.795947,-36.0653265],[146.7989298,-36.0629511],[146.7936433,-36.0613199],[146.7945999,-36.0588307],[146.800968,-36.058621],[146.8032688,-36.0551273],[146.8063365,-36.061002],[146.8144415,-36.0641309],[146.8130863,-36.0681032],[146.818414,-36.06795],[146.8144914,-36.0704613],[146.8156008,-36.0740847],[146.8254329,-36.0705876],[146.8232705,-36.07445],[146.8275542,-36.0775913],[146.821316,-36.0839704],[146.8251987,-36.0887532],[146.8370608,-36.0821787],[146.8464655,-36.0866826],[146.8566452,-36.0851669],[146.8610427,-36.0819963],[146.8581871,-36.075206],[146.8646767,-36.078251],[146.8644268,-36.0731114],[146.8728779,-36.0736825],[146.8811315,-36.0874614],[146.890386,-36.0879845],[146.9010368,-36.0829997],[146.9068273,-36.0848927],[146.9029044,-36.0866185],[146.906109,-36.0915151],[146.9033789,-36.0983806],[146.9123292,-36.1049388],[146.9069105,-36.1070239],[146.9069123,-36.1109305],[146.9139441,-36.1127595],[146.9176873,-36.1080903],[146.9239249,-36.1083464],[146.9214784,-36.1007342],[146.927797,-36.0969424],[146.9281523,-36.1058395],[146.9437121,-36.1159508],[146.9526451,-36.1106226],[146.9484948,-36.102875],[146.9519303,-36.0999297],[146.950873,-36.0933687],[146.9588251,-36.0919073],[146.955163,-36.0890828],[146.9592869,-36.084514],[146.9569668,-36.0780946],[146.9662105,-36.0835385],[146.9726598,-36.0822164],[146.9811229,-36.0947954],[146.9904507,-36.086184],[146.9994154,-36.0873068],[147.0074188,-36.0837696],[147.0066441,-36.0891458],[147.016485,-36.0897235],[147.0129758,-36.0957055],[147.0136544,-36.104807],[147.0177623,-36.1057552],[147.0199304,-36.0990296],[147.0277704,-36.100982],[147.026426,-36.1052888],[147.0317292,-36.1092324],[147.0331306,-36.115286],[147.0430491,-36.1096085],[147.0434235,-36.1051609],[147.0531774,-36.1068017],[147.0554207,-36.1014411],[147.0506603,-36.0952808],[147.0633666,-36.0830385],[147.0598562,-36.075225],[147.0617825,-36.0666888],[147.0672199,-36.068976],[147.0684779,-36.0613745],[147.0746517,-36.0650052],[147.0806058,-36.0576615],[147.086495,-36.0564837],[147.0810689,-36.054266],[147.0886049,-36.0537926],[147.0906963,-36.0495149],[147.0956912,-36.0527982],[147.0923291,-36.0440679],[147.0981351,-36.0464062],[147.0998829,-36.0419856],[147.0966814,-36.0397155],[147.1039876,-36.0333112],[147.0930462,-36.0272282],[147.0989929,-36.0273202],[147.0982393,-36.0159734],[147.1015991,-36.0199932],[147.10655,-36.0159104],[147.1062528457611,-36.01199290725497],[147.1095,-36.0126883],[147.1067321,-36.0052052],[147.1160126,-36.008421],[147.1114079,-36.0014468],[147.1157953,-35.9987525],[147.1199772,-36.0005913],[147.1232453,-35.9946659],[147.1247567,-36.0004117],[147.1219626,-36.0041358],[147.1260334,-36.0050207],[147.126886,-36.0179584],[147.1356307,-36.0284607],[147.1425749,-36.0296201],[147.1435908,-36.0376305],[147.1481511,-36.032218],[147.1555828,-36.035146],[147.1647035,-36.0308798],[147.1870565,-36.0375221],[147.1888602,-36.0430178],[147.1961355,-36.0433703],[147.2068324,-36.0499837],[147.2151478,-36.046767],[147.2252155,-36.0489188],[147.2322386,-36.0422152],[147.2392231,-36.0431317],[147.2425662,-36.0382566],[147.2519552,-36.0414945],[147.2670487,-36.0393887],[147.2801388,-36.0435322],[147.2854003,-36.0397268],[147.2873155,-36.043481],[147.3050267,-36.0475873],[147.302027,-36.0504296],[147.3082435,-36.0604168],[147.3142121,-36.060146],[147.3127695,-36.052855],[147.3178771,-36.0550436],[147.3196277,-36.0614295],[147.3284757,-36.0558644],[147.3322092,-36.0469153],[147.342525,-36.0432823],[147.3529729,-36.0317352],[147.3455231,-36.0230433],[147.3463147,-36.0155561],[147.3554649,-36.007669],[147.3555666,-36.0035332],[147.3510545,-36.001404],[147.3575914,-35.9945838],[147.3554499,-35.9896998],[147.3655494,-35.9863399],[147.3741148,-35.9781479],[147.3733591,-35.9688934],[147.3901248,-35.9727354],[147.38895,-35.9630301],[147.3943984,-35.9609794],[147.3871126,-35.959489],[147.3929018,-35.9549723],[147.3907329,-35.9487421],[147.4043573,-35.9437226],[147.408187,-35.9481588],[147.4150538,-35.9471174],[147.4395206,-35.956016],[147.4438221,-35.9533697],[147.4447837,-35.9584904],[147.4505,-35.960874],[147.4560519,-35.9587847],[147.454627,-35.9525639],[147.4630897,-35.9445854],[147.4780828,-35.941805],[147.4814005,-35.9482973],[147.4856144,-35.9489098],[147.4944958,-35.9438182],[147.5114445,-35.9625357],[147.5153452,-35.9591637],[147.5249961,-35.9635773],[147.5197695,-35.9687602],[147.5209896,-35.9726219],[147.5148833,-35.9758515],[147.5198956,-35.9802633],[147.5199814,-35.9860129],[147.545732,-35.9972686],[147.5514848,-36.0042714],[147.584,-35.9843732],[147.5815532,-35.9780309],[147.5655045,-35.978646],[147.5591508,-35.9721958],[147.5477266,-35.977821],[147.5518633,-35.9712509],[147.5495652,-35.9648517],[147.560654,-35.9688971],[147.5670656,-35.9649317],[147.56403,-35.9696131],[147.5714696,-35.9691323],[147.5752748,-35.9752157],[147.5805938,-35.9689923],[147.5935864,-35.9698911],[147.6012849,-35.9791228],[147.6260137,-35.9650819],[147.6380537,-35.9619083],[147.6468794,-35.9460634],[147.6716165,-35.9425381],[147.6797215,-35.9445457],[147.7081969,-35.9287904],[147.7175546,-35.9386856],[147.7182152,-35.9454677],[147.7295177,-35.9483746],[147.7414498,-35.9566112],[147.7573128,-35.9550036],[147.7632905,-35.9589089],[147.7730068,-35.9587626],[147.7664786,-35.9641746],[147.7759043,-35.9682714],[147.8062783,-35.9652509],[147.8158456,-35.9722025],[147.8131948,-35.9764949],[147.8170267,-35.9796063],[147.8338439,-35.9794259],[147.8397907,-35.9836156],[147.8414738,-35.9801162],[147.8509219,-35.9814989],[147.8436846,-35.985943],[147.8487462,-35.9859929],[147.849628,-35.9896235],[147.8595976,-35.9872769],[147.8611105,-35.9917119],[147.8741359,-35.9919408],[147.8819062,-35.9964787],[147.882839,-36.001878],[147.88663,-35.9979971],[147.8979282,-35.9995542],[147.8991969,-35.9954231],[147.8959346,-35.9930048],[147.912251,-35.9952605],[147.9134455,-35.9983133],[147.9086391,-36.0016266],[147.9141431,-36.0017091],[147.9164872,-36.0048019],[147.9140572,-36.0092341],[147.9169449,-36.0110812],[147.9128981,-36.0181158],[147.9163803,-36.01984],[147.9105455,-36.0214749],[147.9149639,-36.0232778],[147.91148,-36.026739],[147.9225649,-36.0280778],[147.9319398,-36.0350645],[147.9240996,-36.035623],[147.9273705,-36.0381016],[147.9240847,-36.042548],[147.9343221,-36.0477915],[147.9381291,-36.0422269],[147.9452698,-36.0466531],[147.9589828,-36.0409566],[147.9564853,-36.0442655],[147.9647846,-36.046903],[147.9643308,-36.0431269],[147.9708712,-36.0392637],[147.9707396,-36.0434213],[147.974476,-36.0385401],[147.9741017,-36.0468429],[147.979904,-36.0462503],[147.9811271,-36.0404271],[147.9817757,-36.0448555],[147.9876292,-36.0430583],[147.9840531,-36.0452248],[147.9872183,-36.0462977],[147.9880879,-36.0525036],[147.9885204,-36.0492218],[147.9916777,-36.0525795],[147.9922469,-36.0486889],[147.9997424,-36.0462389],[147.9970228,-36.0598063],[148.0003968,-36.0629286],[147.9946842,-36.0611674],[147.9915561,-36.0642694],[147.994588,-36.0655757],[147.9884091,-36.0701906],[147.9925258,-36.0743838],[147.9886104,-36.0747382],[147.9888173,-36.0785431],[147.992886,-36.08133],[147.9841282,-36.0792884],[147.9869356,-36.0845222],[147.983473,-36.0820087],[147.9803989,-36.0865259],[147.986142,-36.0879379],[147.984593,-36.0906219],[147.989193,-36.0930765],[147.9940878,-36.0927716],[147.9914236,-36.0951402],[147.9958183,-36.0958772],[147.9943999,-36.1003634],[147.9993659,-36.0985616],[147.99949,-36.1036396],[147.9941162,-36.1054415],[147.9982636,-36.1068143],[147.99817,-36.1101458],[147.9917594,-36.1108938],[147.9967568,-36.1121816],[147.9928785,-36.112105],[147.9930046,-36.1155866],[147.9984083,-36.1158882],[147.9931705,-36.1165345],[147.995484,-36.1188869],[147.9909775,-36.1219383],[147.9984762,-36.1216717],[148.0015896,-36.1312468],[148.0064697,-36.1298263],[147.9999697,-36.1362249],[148.0020335,-36.1400412],[148.0047616,-36.1358381],[148.0074494,-36.1408724],[148.0102544,-36.1363779],[148.0106633,-36.1392144],[148.0142758,-36.1376039],[148.0211312,-36.1420735],[148.0254683,-36.1400043],[148.0290528,-36.1444339],[148.0299664,-36.1406552],[148.0325274,-36.1430767],[148.0378201,-36.1411695],[148.0348456,-36.1444704],[148.035395,-36.1527508],[148.0315304,-36.1494563],[148.0291634,-36.1553902],[148.0226023,-36.1540012],[148.0268568,-36.1615878],[148.0349345,-36.1628868],[148.0323182,-36.1676499],[148.0306142,-36.1658284],[148.0236586,-36.1702641],[148.0262679,-36.1757992],[148.0216765,-36.1760597],[148.0243483,-36.1882167],[148.036374,-36.1943581],[148.0395794,-36.2057344],[148.036868,-36.2069898],[148.0405652,-36.2079092],[148.0344399,-36.2087325],[148.0385798,-36.2124497],[148.0352693,-36.2134071],[148.0369902,-36.2169688],[148.0334012,-36.2160615],[148.0261848,-36.2235666],[148.0349117,-36.2340266],[148.035518,-36.2405089],[148.0287685,-36.246788],[148.0384344,-36.2584947],[148.035851,-36.2603598],[148.0403687,-36.2600634],[148.0305883,-36.2654075],[148.0355768,-36.272989],[148.0330862,-36.2756757],[148.0377589,-36.280114],[148.033835,-36.2825187],[148.0402405,-36.284322],[148.0401691,-36.2927085],[148.0353453,-36.2928066],[148.0394217,-36.2991656],[148.0438413,-36.2993379],[148.034977,-36.3103145],[148.0381663,-36.3144956],[148.0464001,-36.3153009],[148.0472244,-36.3190911],[148.0539876,-36.3170151],[148.0580285,-36.3195425],[148.0511553,-36.3239529],[148.055587,-36.333555],[148.0522691,-36.3382641],[148.0539467,-36.3413442],[148.045223,-36.3518188],[148.0491455,-36.355618],[148.0443255,-36.3542873],[148.0378211,-36.3663424],[148.046026,-36.3671714],[148.040026,-36.3718191],[148.0437453,-36.3749202],[148.0382871,-36.3785561],[148.0454212,-36.3824114],[148.0377103,-36.3906148],[148.0463073,-36.3907977],[148.0496511,-36.3991146],[148.0581419,-36.4009603],[148.0584367,-36.4066618],[148.0546017,-36.4089709],[148.0599122,-36.4157679],[148.0763206,-36.4180603],[148.0803447,-36.4222229],[148.0791532,-36.4250542],[148.0878517,-36.4352308],[148.0874969,-36.4519219],[148.1237954,-36.4630019],[148.1250082,-36.4789806],[148.1190656,-36.4820645],[148.1265948,-36.4847836],[148.1175806,-36.4955216],[148.1277726,-36.5025195],[148.1294941,-36.5132856],[148.1393223,-36.5256947],[148.132818,-36.5344648],[148.1334248,-36.5391278],[148.1279461,-36.5416797],[148.1287432,-36.5459628],[148.1235622,-36.5504145],[148.1335519,-36.5673483],[148.1473153,-36.5631599],[148.1507023,-36.5582063],[148.1587985,-36.5657508],[148.1563929,-36.5715222],[148.1626109,-36.5727238],[148.1607601,-36.5798081],[148.169388,-36.5736515],[148.1714236,-36.5783486],[148.1794435,-36.5803048],[148.1900401,-36.5766323],[148.1900641,-36.584878],[148.2058267,-36.5868457],[148.204404,-36.5924029],[148.2174343,-36.5981728],[148.2124215,-36.6007537],[148.2157861,-36.6045394],[148.2095231,-36.610425],[148.2069466,-36.6082644],[148.2022489,-36.6120047],[148.2143207,-36.6106936],[148.2140258,-36.6200471],[148.2195501,-36.6202386],[148.2205123,-36.625808],[148.2149158,-36.6344476],[148.2116835,-36.6330424],[148.2161245,-36.6396991],[148.2122056,-36.6396706],[148.2095025,-36.6450981],[148.2109849,-36.6505756],[148.203092,-36.653608],[148.2002535,-36.6594843],[148.2029162,-36.6621173],[148.1961049,-36.6678459],[148.199147,-36.6721687],[148.1902976,-36.6748254],[148.1839051,-36.6829837],[148.1876302,-36.6861759],[148.1854973,-36.6878026],[148.1889756,-36.6881602],[148.1732864,-36.7021443],[148.1700535,-36.71285],[148.1623271,-36.7115547],[148.161925,-36.715427],[148.1544979,-36.7202406],[148.1492192,-36.7196483],[148.1391113,-36.7323325],[148.1306412,-36.7344251],[148.1366822,-36.738356],[148.1317818,-36.7448867],[148.1326052,-36.7507855],[148.1203361,-36.7564044],[148.1201903,-36.7595059],[148.1261805,-36.7594016],[148.1127906,-36.7682196],[148.1037972,-36.7877954],[148.0978937,-36.7867844],[148.1000097,-36.7914428],[148.1047124,-36.7898482],[148.1106341,-36.7984497],[148.1087889,-36.8008469],[148.120424,-36.8061353],[148.1227131,-36.8010033],[148.1264952,-36.8013781],[148.1265513,-36.796615],[148.1442097,-36.7959115],[148.1563433,-36.7900307],[148.1637377,-36.7947555],[148.1682171,-36.7924646],[148.1795881,-36.7963914],[148.1824459,-36.804826],[148.1948889,-36.7962393],[148.9937921,-37.1191411],[149.97636999544045,-37.5056281035564],[149.985362,-37.495864],[149.967133,-37.453709],[149.956798,-37.41546],[149.957286,-37.377862],[149.97169,-37.337579],[149.951345,-37.299737],[149.95102,-37.284275],[149.964366,-37.268731],[149.985362,-37.259047],[150.007335,-37.259373],[150.053559,-37.276137],[150.053559,-37.268731],[150.019542,-37.22088],[150.014415,-37.205336],[150.011404,-37.173435],[150.00587,-37.158868],[149.997569,-37.150486],[149.946056,-37.119236],[149.913097,-37.124688],[149.896658,-37.119317],[149.882091,-37.107599],[149.87615,-37.09588],[149.905772,-37.070977],[149.922537,-37.061782],[149.932302,-37.070977],[149.94158,-37.062188],[149.943696,-37.053399],[149.939952,-37.033868],[149.926768,-37.018243],[149.920177,-37.002618],[149.923106,-36.983494],[149.93214,-36.965509],[149.943696,-36.953383],[149.911388,-36.938572],[149.903819,-36.928399],[149.909679,-36.905532],[149.934825,-36.870701],[149.939952,-36.85296],[149.930024,-36.830499],[149.965099,-36.794529],[149.979503,-36.769952],[149.989106,-36.704685],[149.995372,-36.686456],[150.029063,-36.624282],[150.056977,-36.587172],[150.065766,-36.566583],[150.06365,-36.543145],[150.053559,-36.500909],[150.056814,-36.488946],[150.074229,-36.463311],[150.067393,-36.429295],[150.070486,-36.406345],[150.079275,-36.386],[150.092296,-36.367852],[150.108246,-36.351332],[150.138194,-36.330011],[150.142345,-36.320001],[150.132823,-36.282403],[150.146495,-36.273533],[150.144786,-36.252862],[150.124197,-36.195245],[150.121104,-36.173761],[150.123057,-36.152602],[150.143321,-36.114435],[150.135753,-36.097752],[150.102061,-36.076349],[150.097016,-36.081313],[150.081554,-36.083754],[150.09018,-36.075291],[150.087738,-36.062677],[150.106781,-36.048598],[150.129649,-36.059503],[150.148692,-36.062595],[150.156586,-36.025079],[150.163422,-35.956638],[150.160818,-35.939711],[150.150238,-35.91253],[150.14975,-35.898207],[150.190929,-35.857192],[150.232432,-35.843845],[150.238617,-35.833103],[150.240977,-35.809747],[150.238536,-35.799493],[150.225841,-35.778904],[150.21811,-35.751153],[150.190929,-35.726821],[150.231781,-35.713311],[150.253429,-35.726251],[150.273692,-35.730645],[150.291677,-35.722833],[150.306895,-35.700291],[150.33253,-35.639418],[150.372325,-35.578871],[150.389659,-35.557875],[150.406505,-35.548761],[150.409353,-35.538507],[150.406993,-35.4874],[150.409923,-35.466892],[150.445486,-35.42547],[150.450938,-35.408461],[150.485037,-35.384373],[150.492035,-35.373142],[150.485037,-35.350193],[150.48463,-35.324314],[150.489106,-35.305759],[150.499522,-35.289727],[150.539724,-35.247735],[150.548106,-35.221368],[150.553966,-35.213556],[150.585948,-35.196222],[150.637218,-35.179295],[150.684418,-35.176039],[150.69557613983326,-35.18884851162181],[150.6956782,-35.1774866],[150.6891803,-35.1766744],[150.6909164,-35.1698251],[150.6834404,-35.1703175],[150.6867976,-35.1676001],[150.684533,-35.1648835],[150.6776545,-35.1672158],[150.6731069,-35.1638231],[150.6601071,-35.1631894],[150.6306581,-35.1671509],[150.6075716,-35.1744226],[150.5938431,-35.1840755],[150.5917064,-35.1730288],[150.6018491,-35.1701638],[150.606189,-35.1557417],[150.6048984,-35.152477],[150.5962122,-35.1506722],[150.5938834,-35.1439446],[150.6337502,-35.1489351],[150.6572726,-35.1293159],[150.6612288,-35.1176817],[150.70425501352818,-35.122251851061435],[150.701508,-35.092869],[150.696951,-35.079767],[150.677501,-35.075779],[150.687022,-35.038995],[150.695567,-35.026137],[150.767589,-35.007257],[150.787364,-35.014907],[150.781261,-35.028578],[150.792817,-35.05047],[150.778087,-35.078546],[150.80714,-35.110528],[150.832856,-35.090916],[150.844737,-35.077244],[150.843598,-35.054132],[150.854991,-35.021661],[150.851573,-35.014907],[150.827647,-35.012628],[150.796153,-35.004002],[150.776215,-34.986993],[150.787364,-34.959731],[150.779796,-34.952895],[150.787364,-34.945489],[150.776134,-34.935805],[150.754161,-34.928155],[150.745779,-34.918145],[150.764008,-34.917413],[150.776866,-34.910089],[150.778494,-34.901625],[150.75408,-34.893324],[150.727061,-34.874119],[150.728689,-34.869806],[150.753429,-34.858087],[150.779307,-34.806899],[150.833751,-34.782403],[150.847911,-34.751723],[150.870453,-34.626723],[150.883637,-34.607029],[150.917003,-34.603448],[150.897227,-34.60117],[150.842052,-34.5617],[150.812185,-34.561212],[150.800955,-34.548272],[150.841319,-34.510675],[150.86085,-34.513279],[150.867035,-34.522556],[150.854991,-34.541436],[150.873302,-34.545505],[150.887218,-34.530206],[150.897779,-34.502081],[150.918868,-34.486404],[150.90305,-34.450861],[150.90805,-34.407641],[150.928275,-34.363487],[150.924918,-34.330419],[150.940628,-34.302159],[150.968953,-34.262675],[151.027957,-34.200796],[151.068357,-34.175111],[151.096117,-34.162938],[151.168956,-34.110121],[151.177094,-34.100356],[151.177013,-34.089532],[151.170421,-34.086033],[151.146821,-34.086033],[151.136078,-34.082696],[151.149181,-34.078302],[151.164073,-34.054783],[151.175548,-34.046645],[151.225841,-34.047052],[151.231212,-34.04046],[151.23227,-34.024102],[151.16033,-34.017511],[151.149181,-34.031996],[151.143565,-34.03281],[151.125499,-34.02044],[151.095225,-34.014418],[151.106293,-34.000909],[151.145356,-34.003676],[151.164073,-34.000746],[151.176036,-33.987481],[151.182302,-33.963474],[151.201915,-33.959161],[151.24936,-34.003839],[151.267426,-33.981703],[151.281423,-33.952325],[151.273692,-33.937433],[151.292491,-33.891778],[151.294444,-33.870375],[151.287852,-33.856378],[151.280121,-33.870701],[151.269867,-33.876642],[151.254731,-33.8742],[151.247325,-33.867283],[151.246918,-33.856378],[151.252778,-33.842462],[151.266368,-33.828383],[151.291759,-33.829848],[151.304698,-33.825372],[151.308767,-33.78102],[151.317149,-33.757501],[151.317638,-33.746759],[151.304454,-33.72617],[151.309179,-33.692973],[151.340753,-33.617466],[151.325472,-33.592058],[151.317123,-33.622148],[151.309094,-33.637533],[151.29526,-33.64878],[151.291502,-33.636533],[151.298736,-33.606489],[151.309993,-33.578875],[151.299338,-33.570624],[151.281641,-33.572902],[151.249522,-33.606378],[151.225597,-33.609063],[151.225597,-33.602227],[151.241954,-33.59588],[151.252778,-33.582452],[151.23406,-33.573337],[151.226817,-33.554864],[151.230724,-33.534926],[151.245942,-33.521091],[151.255544,-33.546808],[151.266449,-33.561212],[151.282888,-33.562107],[151.308767,-33.547621],[151.320567,-33.551365],[151.34311,-33.548272],[151.362682,-33.532103],[151.380056,-33.536798],[151.386485,-33.533949],[151.406993,-33.534601],[151.424164,-33.527765],[151.432465,-33.509535],[151.427876,-33.494414],[151.441596,-33.491283],[151.447521,-33.486454],[151.439065,-33.463585],[151.45091,-33.453114],[151.451998,-33.444986],[151.4453,-33.435972],[151.457227,-33.419805],[151.485846,-33.394025],[151.49,-33.374534],[151.503829,-33.36001],[151.504995,-33.343743],[151.495294,-33.339587],[151.474546,-33.363001],[151.451228,-33.355461],[151.444021,-33.345636],[151.442704,-33.334216],[151.469737,-33.32822],[151.452727,-33.311515],[151.453795,-33.304199],[151.49102,-33.273611],[151.51611,-33.261109],[151.540867,-33.277542],[151.532259,-33.302929],[151.515463,-33.316666],[151.515341,-33.327082],[151.568957,-33.292228],[151.57602,-33.282485],[151.563181,-33.26501],[151.568953,-33.244225],[151.589994,-33.218937],[151.612263,-33.207551],[151.625987,-33.191583],[151.634939,-33.158624],[151.646739,-33.144708],[151.652915,-33.110433],[151.665689,-33.087343],[151.670584,-33.06113],[151.7038,-33.028521],[151.734386,-33.014825],[151.737635,-32.972002],[151.748863,-32.957023],[151.772507,-32.945609],[151.803559,-32.919366],[151.799237,-32.89368],[151.834033,-32.864967],[151.856219,-32.855859],[151.875662,-32.842088],[151.935188,-32.815829],[151.984927,-32.798746],[152.059429,-32.785254],[152.109386,-32.794122],[152.122569,-32.790134],[152.140147,-32.770196],[152.150157,-32.766046],[152.174815,-32.76922],[152.185069,-32.766778],[152.189464,-32.758559],[152.190929,-32.736586],[152.197765,-32.729913],[152.190196,-32.725274],[152.167328,-32.718438],[152.092296,-32.718438],[152.060883,-32.697931],[152.109386,-32.684259],[152.136729,-32.663751],[152.170746,-32.684259],[152.190684,-32.684259],[152.205577,-32.697931],[152.219249,-32.697198],[152.203721,-32.686536],[152.187501,-32.669136],[152.191989,-32.65267],[152.235862,-32.606999],[152.264174,-32.594256],[152.28593,-32.588804],[152.294764,-32.559589],[152.35356,-32.514923],[152.402394,-32.489429],[152.539886,-32.442092],[152.52156,-32.427494],[152.520499,-32.410176],[152.540782,-32.341729],[152.554454,-32.321222],[152.527043,-32.312661],[152.525957,-32.281665],[152.54656,-32.24627],[152.569509,-32.219334],[152.564787,-32.206021],[152.545382,-32.196888],[152.535679,-32.1832],[152.516953,-32.177392],[152.510083,-32.161881],[152.520274,-32.115818],[152.528331,-32.097101],[152.555346,-32.071631],[152.546373,-32.043679],[152.609255,-31.945848],[152.692882,-31.885349],[152.715776,-31.85917],[152.747215,-31.842585],[152.736728,-31.827349],[152.744185,-31.793023],[152.775548,-31.754853],[152.800929,-31.733208],[152.803901,-31.719227],[152.788949,-31.704009],[152.832147,-31.655679],[152.848533,-31.64422],[152.836562,-31.625196],[152.849915,-31.59978],[152.845381,-31.569319],[152.876587,-31.532446],[152.934502,-31.482811],[152.940381,-31.462484],[152.934354,-31.438392],[152.916435,-31.420657],[152.917828,-31.395254],[152.932589,-31.366008],[152.976736,-31.320001],[152.970412,-31.255677],[152.959894,-31.240315],[152.979218,-31.199245],[152.980615,-31.165915],[153.00888,-31.122248],[153.041631,-31.090103],[153.059501,-31.07721],[153.060919,-31.060583],[153.057892,-31.051637],[153.045924,-31.046573],[153.03988,-31.029965],[153.046599,-30.992754],[153.063327,-30.959593],[153.081879,-30.943943],[153.087901,-30.92669],[153.089366,-30.905694],[153.086274,-30.894708],[153.072113,-30.881931],[153.064626,-30.893487],[153.054535,-30.892999],[153.027517,-30.875584],[153.005001,-30.835814],[152.999859,-30.751122],[152.987796,-30.734634],[153.010997,-30.655369],[153.007986,-30.651625],[153.018077,-30.633071],[153.02307,-30.575506],[153.050548,-30.473321],[153.07545,-30.438409],[153.089366,-30.38893],[153.132091,-30.323826],[153.146495,-30.286065],[153.137218,-30.257989],[153.189626,-30.174981],[153.203787,-30.129164],[153.205577,-30.073663],[153.199229,-30.035821],[153.202403,-30.024672],[153.216563,-30.007257],[153.224457,-29.986912],[153.260102,-29.943292],[153.271495,-29.901625],[153.273774,-29.857354],[153.294932,-29.826593],[153.288422,-29.771254],[153.296397,-29.73504],[153.321625,-29.697524],[153.323009,-29.682306],[153.31544,-29.642267],[153.329112,-29.618097],[153.322276,-29.597589],[153.324474,-29.57586],[153.344005,-29.535414],[153.352061,-29.490004],[153.36378,-29.470392],[153.356456,-29.424005],[153.369965,-29.396661],[153.36671,-29.382745],[153.349457,-29.361098],[153.340343,-29.322686],[153.350597,-29.28102],[153.37086,-29.241632],[153.415212,-29.175958],[153.418305,-29.164972],[153.445811,-29.151625],[153.436209,-29.085138],[153.453787,-29.035577],[153.475597,-29.000177],[153.521332,-28.943455],[153.582286,-28.896091],[153.605968,-28.867446],[153.610118,-28.826104],[153.600108,-28.78338],[153.601329,-28.761407],[153.61964,-28.729587],[153.616954,-28.695733],[153.630626,-28.661554],[153.620942,-28.644464],[153.584239,-28.608087],[153.57602,-28.589614],[153.562511,-28.504571],[153.563487,-28.46087],[153.590831,-28.318536],[153.591075,-28.268487],[153.581228,-28.246759],[153.570567,-28.19378],[153.562511,-28.174981],[153.531993,-28.177911],[153.485855,-28.1570349],[153.476931,-28.15702],[153.466665,-28.164603],[153.457134,-28.18054],[153.4356,-28.187207],[153.419196,-28.199681],[153.414456,-28.20811],[153.40661,-28.210415],[153.390412,-28.228892],[153.389527,-28.234935],[153.356812,-28.249619],[153.33518,-28.248412],[153.330213,-28.237064],[153.304239,-28.239667],[153.295786,-28.233866],[153.278912,-28.233636],[153.266021,-28.240927],[153.262409,-28.246788],[153.245848,-28.245832],[153.2367489,-28.2544126],[153.231833,-28.26511],[153.217028,-28.262139],[153.207553,-28.253435],[153.198113,-28.256323],[153.1881607,-28.2475153],[153.178049,-28.247458],[153.171691,-28.260516],[153.174911,-28.274777],[153.161067,-28.279824],[153.168505,-28.294163],[153.164098,-28.297666],[153.154794,-28.295691],[153.15227,-28.301878],[153.142654,-28.305302],[153.1434052,-28.3119935],[153.1354471,-28.3119872],[153.13331,-28.316801],[153.124665,-28.318641],[153.12989,-28.330665],[153.124161,-28.339771],[153.116927,-28.343028],[153.108829,-28.357543],[153.080537,-28.354162],[153.065283,-28.344234],[153.04606,-28.339455],[153.0388004,-28.3431317],[153.021147,-28.338638],[153.0081991,-28.3417172],[152.98917,-28.336675],[152.98371,-28.338167],[152.972614,-28.331853],[152.941254,-28.334525],[152.933856,-28.338311],[152.923628,-28.331766],[152.899532,-28.325214],[152.880013,-28.309607],[152.866337,-28.313036],[152.849593,-28.311214],[152.841695,-28.321025],[152.831138,-28.320265],[152.823366,-28.335267],[152.808904,-28.342765],[152.808546,-28.350216],[152.804226,-28.353594],[152.793451,-28.353987],[152.775455,-28.346625],[152.760338,-28.352235],[152.761584,-28.359815],[152.751062,-28.363914],[152.740972,-28.360123],[152.72288,-28.344096],[152.712678,-28.341471],[152.707351,-28.343675],[152.699344,-28.335469],[152.688551,-28.334678],[152.686418,-28.329075],[152.679339,-28.330416],[152.673641,-28.325981],[152.673369,-28.317837],[152.667228,-28.311752],[152.638288,-28.310997],[152.624513,-28.2982042],[152.614517,-28.269555],[152.600303,-28.283836],[152.597996,-28.292048],[152.6017,-28.307381],[152.5794929,-28.3389242],[152.569133,-28.3235176],[152.5560285,-28.3233965],[152.5552603,-28.3167953],[152.5480548,-28.3209393],[152.5415174,-28.3130081],[152.5257115,-28.3055641],[152.5326119,-28.2721953],[152.5366715,-28.2660096],[152.5339745,-28.2626942],[152.5219341,-28.2607969],[152.5161096,-28.256842],[152.515602,-28.2517481],[152.5080335,-28.249115],[152.4878553,-28.2531985],[152.482129,-28.257949],[152.463586,-28.259373],[152.46002,-28.26447],[152.461456,-28.269626],[152.448253,-28.281026],[152.442877,-28.290442],[152.444831,-28.298822],[152.414572,-28.298101],[152.409517,-28.315734],[152.417259,-28.333089],[152.400126,-28.347594],[152.38616,-28.368554],[152.364758,-28.366106],[152.355946,-28.361197],[152.341582,-28.36786],[152.320781,-28.367186],[152.309659,-28.363168],[152.304919,-28.372005],[152.290697,-28.382471],[152.288432,-28.393151],[152.267606,-28.390047],[152.252211,-28.410416],[152.239263,-28.417583],[152.228544,-28.436965],[152.217189,-28.449236],[152.207305,-28.44541],[152.204648,-28.438247],[152.190266,-28.433948],[152.184519,-28.438872],[152.160504,-28.433123],[152.142038,-28.442236],[152.135179,-28.452083],[152.127902,-28.453683],[152.121134,-28.462669],[152.102816,-28.463025],[152.094093,-28.469047],[152.0702,-28.468003],[152.067033,-28.48559],[152.045672,-28.494966],[152.035945,-28.507253],[152.018973,-28.51781],[152.016864,-28.525281],[152.000564,-28.5280128],[151.988951,-28.525613],[151.983616,-28.504707],[151.9783697,-28.5023445],[151.9556852,-28.5187155],[151.9585432,-28.5271072],[151.952902,-28.5386489],[151.9565481,-28.5428823],[151.9544977,-28.5516014],[151.9583142,-28.5568978],[151.9574522,-28.5634045],[151.9857752,-28.5815174],[151.9915827,-28.5947769],[151.989095,-28.603842],[151.993912,-28.611297],[151.990804,-28.6244],[152.001794,-28.63993],[152.00203,-28.650129],[152.005792,-28.651335],[152.010168,-28.664951],[152.03915,-28.664448],[152.04498,-28.668174],[152.044526,-28.672894],[152.052567,-28.68194],[152.066354,-28.680968],[152.066079,-28.697454],[152.076049,-28.708175],[152.071199,-28.714861],[152.042726,-28.731623],[152.047714,-28.740329],[152.036286,-28.7568889],[152.036873,-28.776146],[152.041726,-28.778581],[152.034743,-28.79071],[152.038351,-28.797031],[152.0354507,-28.8063272],[152.037291,-28.819231],[152.03273,-28.829004],[152.023168,-28.831587],[152.017057,-28.838514],[152.01831,-28.845822],[152.015064,-28.850626],[152.025956,-28.858253],[152.036909,-28.851794],[152.039547,-28.854623],[152.035874,-28.858658],[152.038126,-28.864696],[152.030867,-28.869488],[152.024479,-28.88991],[152.016715,-28.892531],[152.009703,-28.907663],[152.00109,-28.90973],[152.000928,-28.899316],[151.997593,-28.895483],[151.9645551,-28.9180988],[151.95623,-28.916793],[151.916048,-28.929307],[151.91338,-28.920595],[151.900358,-28.914966],[151.881636,-28.911884],[151.871322,-28.914457],[151.859105,-28.907213],[151.849363,-28.90785],[151.837909,-28.916547],[151.834783,-28.932275],[151.839557,-28.942665],[151.832232,-28.959829],[151.825579,-28.963333],[151.813804,-28.959374],[151.815,-28.950786],[151.809516,-28.949785],[151.806394,-28.944636],[151.777834,-28.959885],[151.770227,-28.955846],[151.772735,-28.938251],[151.762362,-28.934138],[151.754586,-28.922326],[151.743471,-28.918646],[151.746341,-28.913842],[151.731799,-28.882695],[151.73386,-28.871578],[151.726628,-28.866876],[151.716797,-28.874869],[151.706536,-28.871784],[151.702131,-28.882271],[151.695537,-28.884391],[151.695686,-28.888407],[151.686092,-28.888931],[151.674758,-28.907595],[151.666316,-28.905359],[151.651449,-28.917029],[151.644389,-28.916839],[151.636751,-28.922061],[151.634688,-28.929234],[151.625809,-28.923689],[151.616835,-28.926122],[151.609616,-28.923279],[151.588361,-28.931922],[151.5770906,-28.9450317],[151.5668061,-28.9417304],[151.5455662,-28.9529975],[151.536094,-28.9806193],[151.5246697,-28.9887603],[151.5220356,-28.9960959],[151.5157058,-28.9982145],[151.4977983,-29.0208795],[151.4949115,-29.0329135],[151.4972553,-29.0422331],[151.4900917,-29.0565747],[151.502375,-29.0655209],[151.5027757,-29.0698667],[151.4934283,-29.0717711],[151.4853406,-29.0893351],[151.4629415,-29.098313],[151.4527438,-29.1262513],[151.4323541,-29.1400941],[151.4285786,-29.1471214],[151.4164673,-29.1491657],[151.4098935,-29.1539328],[151.4021169,-29.1713486],[151.3941159,-29.178028],[151.3584696,-29.1722791],[151.3384276,-29.179266],[151.3222513,-29.166676],[151.3155965,-29.1660923],[151.3093104,-29.1465874],[151.3180083,-29.1380568],[151.3010732,-29.1140123],[151.2903466,-29.1138863],[151.2804675,-29.1021568],[151.2751313,-29.076424],[151.2855096,-29.0654472],[151.2854203,-29.0581615],[151.2905451,-29.0510957],[151.285791,-29.0473965],[151.28651,-29.0367414],[151.2763809,-29.0357094],[151.2716762,-29.0303917],[151.2835054,-29.0174951],[151.2841023,-29.0068215],[151.2763916,-28.9870628],[151.2820871,-28.98096],[151.2719389,-28.9727325],[151.2733173,-28.9676982],[151.2804234,-28.9649709],[151.2815276,-28.9584917],[151.2816125,-28.9490087],[151.2741667,-28.9379122],[151.242318,-28.9233728],[151.2346415,-28.9048032],[151.2293847,-28.908803],[151.2149659,-28.904299],[151.2070075,-28.8983364],[151.2067728,-28.8919787],[151.1995897,-28.8842544],[151.1840001,-28.8782202],[151.1729848,-28.8803021],[151.1610654,-28.8653799],[151.1318979,-28.8600625],[151.1251494,-28.850556],[151.1153489,-28.850528],[151.1086239,-28.8427291],[151.1044916,-28.8440684],[151.1033285,-28.8365838],[151.0968401,-28.8383911],[151.0826636,-28.8345145],[151.0721701,-28.8407051],[151.0714907,-28.8449114],[151.0536903,-28.8498174],[151.0530181,-28.8449228],[151.0444023,-28.8438913],[151.0389154,-28.8383045],[151.0429934,-28.8330787],[151.0365702,-28.8256929],[151.0375853,-28.8184345],[151.0422594,-28.8157638],[151.0427037,-28.8015966],[151.0332806,-28.793931],[151.024087,-28.7934833],[151.0258158,-28.7819568],[151.0185877,-28.7731105],[151.0285334,-28.770532],[151.0282252,-28.7619751],[151.0245663,-28.7530618],[151.0099232,-28.7409472],[150.9834198,-28.7361681],[150.9794894,-28.7326279],[150.9704278,-28.7320735],[150.9633437,-28.7378385],[150.9524394,-28.7367006],[150.94592,-28.7288228],[150.9384203,-28.731247],[150.9381818,-28.7256563],[150.9324047,-28.7223457],[150.9306145,-28.7051085],[150.9247637,-28.6990185],[150.9154161,-28.6985182],[150.9074365,-28.6885244],[150.8947254,-28.6884733],[150.8909342,-28.6950049],[150.8858967,-28.6958439],[150.8844309,-28.6904944],[150.880253,-28.6890507],[150.8740645,-28.6943935],[150.8700504,-28.6862633],[150.8634974,-28.6882615],[150.8521862,-28.680187],[150.8490481,-28.6737185],[150.8187746,-28.6666936],[150.8163501,-28.6624851],[150.8185968,-28.6575531],[150.8044974,-28.6537039],[150.7963333,-28.6561279],[150.7824853,-28.645526],[150.7720257,-28.6447746],[150.7671518,-28.6384623],[150.7543744,-28.6400891],[150.751259,-28.63425],[150.7272847,-28.6355633],[150.7242449,-28.6409688],[150.7102701,-28.6455147],[150.7095516,-28.652157],[150.7013647,-28.6553592],[150.692013,-28.6538945],[150.6813713,-28.6616739],[150.6734211,-28.6504621],[150.6415199,-28.6653587],[150.6322296,-28.6770898],[150.6253944,-28.6690464],[150.6203875,-28.6690645],[150.6179813,-28.6739951],[150.6004519,-28.6713274],[150.599945,-28.6650748],[150.5815916,-28.6559476],[150.5608899,-28.662304],[150.5538985,-28.6532936],[150.5483176,-28.6581933],[150.5544202,-28.6642713],[150.5510237,-28.6715995],[150.5349715,-28.6724486],[150.5274658,-28.6693304],[150.5255588,-28.6655526],[150.539286,-28.6600481],[150.524573,-28.654486],[150.5138446,-28.6623068],[150.4870056,-28.6573416],[150.4817194,-28.663778],[150.4728153,-28.6601088],[150.4592492,-28.6689912],[150.4566862,-28.6635584],[150.4530171,-28.6659596],[150.4422159,-28.6643093],[150.4255419,-28.6510378],[150.4128638,-28.6504003],[150.4158103,-28.645466],[150.4148255,-28.6342292],[150.4094047,-28.634332],[150.4016226,-28.6271826],[150.3875197,-28.6338077],[150.3848235,-28.6316431],[150.3866842,-28.6260312],[150.3796328,-28.6271649],[150.3701434,-28.6211418],[150.370321,-28.6105155],[150.3633057,-28.6073806],[150.3682287,-28.5982755],[150.3628217,-28.5967504],[150.3628311,-28.5890665],[150.3515267,-28.5867443],[150.3505748,-28.5750562],[150.327879,-28.5711224],[150.3201495,-28.5569565],[150.300541,-28.5485113],[150.2956207,-28.5394875],[150.2900486,-28.5371809],[150.2821253,-28.5428081],[150.2684422,-28.5401098],[150.243982,-28.5547744],[150.2356309,-28.553927],[150.2385693,-28.5599752],[150.2299276,-28.5557351],[150.2337257,-28.5607835],[150.2284099,-28.5677637],[150.2137015,-28.5672391],[150.2126037,-28.5743003],[150.1917964,-28.5666683],[150.1863999,-28.5730242],[150.18108,-28.5691639],[150.1867631,-28.5689158],[150.1858509,-28.5651121],[150.1773223,-28.5633598],[150.1826116,-28.5564713],[150.1739856,-28.557932],[150.1705835,-28.5635106],[150.1671084,-28.5556044],[150.1699086,-28.5541814],[150.168663,-28.5506003],[150.1632394,-28.5557458],[150.1578429,-28.5543418],[150.1542667,-28.5574014],[150.1525149,-28.5502008],[150.1474049,-28.5530336],[150.1481436,-28.5583196],[150.1437638,-28.5574677],[150.1428592,-28.5619426],[150.1387405,-28.5601106],[150.1384476,-28.5654694],[150.136274,-28.5600248],[150.131652,-28.5656579],[150.1303911,-28.5626006],[150.1253926,-28.5645963],[150.1215754,-28.5596465],[150.1206864,-28.562748],[150.1131856,-28.5628436],[150.115834,-28.566592],[150.111134,-28.5703403],[150.1041399,-28.5649485],[150.0922282,-28.5640557],[150.0927722,-28.5784426],[150.0852714,-28.5756418],[150.0879975,-28.5772824],[150.0852217,-28.5809157],[150.0809257,-28.5774271],[150.0798005,-28.581751],[150.0826509,-28.5824607],[150.0800429,-28.5842786],[150.0722189,-28.5801104],[150.072623,-28.5766409],[150.069042,-28.5810986],[150.0663905,-28.5777001],[150.0581747,-28.5789421],[150.0565552,-28.5864595],[150.0511216,-28.5852831],[150.048843,-28.5894429],[150.0442052,-28.5865005],[150.0456693,-28.582286],[150.036235,-28.5861675],[150.0268567,-28.5790103],[150.0218614,-28.5827064],[150.0153584,-28.5805636],[150.0172422,-28.5833615],[150.0129338,-28.5835798],[150.015203,-28.5856762],[150.0115536,-28.5853131],[150.0081094,-28.5913617],[150.0052776,-28.5867543],[150.0012055,-28.5903382],[150.0029307,-28.5928083],[149.998526,-28.5914354],[149.9985446,-28.5955131],[149.9949668,-28.5939246],[149.9934498,-28.6002238],[149.9850445,-28.6026036],[149.9874225,-28.6049997],[149.9822997,-28.605289],[149.9772453,-28.6135769],[149.972253,-28.6081272],[149.96271,-28.6125426],[149.9575375,-28.6079335],[149.9509164,-28.6083319],[149.9421038,-28.6183959],[149.9369624,-28.6152496],[149.9360609,-28.6103813],[149.9296233,-28.6134486],[149.9250072,-28.6090059],[149.9173323,-28.6081409],[149.908411,-28.6105996],[149.9078048,-28.6146902],[149.9031576,-28.615558],[149.9057159,-28.6183877],[149.8993839,-28.6196566],[149.8996823,-28.6221942],[149.8937824,-28.6159728],[149.8895487,-28.618928],[149.8867075,-28.6151296],[149.8904252,-28.6126654],[149.8823245,-28.6137269],[149.8822033,-28.6098219],[149.8774908,-28.612005],[149.874143,-28.6035151],[149.8679416,-28.607505],[149.8621225,-28.6024098],[149.8606491,-28.6071639],[149.8543855,-28.604383],[149.8449419,-28.6105915],[149.8392036,-28.6039081],[149.8314231,-28.6038071],[149.8270525,-28.6090441],[149.8221871,-28.6091176],[149.8193305,-28.6168323],[149.8116562,-28.6060668],[149.7840497,-28.6144201],[149.7797818,-28.6101821],[149.7756568,-28.6132794],[149.7724644,-28.6092515],[149.7725794,-28.6145128],[149.767724,-28.6113392],[149.767811,-28.6144774],[149.7598875,-28.6154843],[149.7546652,-28.6098574],[149.7542953,-28.6129301],[149.7464837,-28.6120296],[149.7449885,-28.6187261],[149.7417588,-28.613435],[149.7394025,-28.6174326],[149.7263127,-28.6157545],[149.72953,-28.6108534],[149.7211744,-28.6094262],[149.7233099,-28.6131402],[149.7185695,-28.611653],[149.7138663,-28.6167259],[149.7129742,-28.6123734],[149.7040217,-28.6166686],[149.705921,-28.6219077],[149.7102076,-28.6203906],[149.7033565,-28.6254221],[149.7071613,-28.6274794],[149.7039378,-28.6339157],[149.7001043,-28.6303515],[149.6911095,-28.6343202],[149.6894714,-28.628393],[149.6879642,-28.6328379],[149.6853635,-28.6294806],[149.6784523,-28.6350353],[149.6768416,-28.6314002],[149.6726134,-28.6339533],[149.6726577,-28.6307239],[149.6662705,-28.6319038],[149.6731691,-28.6239463],[149.6634971,-28.6176363],[149.6618199,-28.6104745],[149.6575458,-28.6115963],[149.6563235,-28.6159243],[149.6475522,-28.6123014],[149.6420933,-28.5991968],[149.6359061,-28.5995471],[149.6348717,-28.5954492],[149.6309538,-28.5981645],[149.6254442,-28.5935587],[149.6109673,-28.6010966],[149.6103087,-28.597412],[149.6049194,-28.5976511],[149.6065765,-28.593972],[149.6033067,-28.5890398],[149.6059728,-28.5877497],[149.5977485,-28.5888989],[149.5983269,-28.5798512],[149.587236,-28.5733759],[149.5683789,-28.5715906],[149.5577221,-28.5766458],[149.5575934,-28.5799057],[149.5533346,-28.5773506],[149.5528089,-28.5808743],[149.5503192,-28.5768908],[149.5358202,-28.5745168],[149.5322945,-28.5770503],[149.5290383,-28.5744452],[149.5251651,-28.5795377],[149.5137443,-28.581926],[149.5123549,-28.5764662],[149.503627,-28.5742567],[149.5028505,-28.5807257],[149.4991745,-28.5777381],[149.4903246,-28.5847533],[149.4812139,-28.5827227],[149.4808813,-28.5898732],[149.4771761,-28.5877234],[149.47532,-28.5937902],[149.4683393,-28.5918798],[149.4673592,-28.5965503],[149.4617947,-28.591437],[149.4524462,-28.594883],[149.451781,-28.6042368],[149.4390346,-28.6116435],[149.4431193,-28.6201955],[149.4281906,-28.6294195],[149.4330923,-28.6348649],[149.4297042,-28.6374865],[149.4285052,-28.6469739],[149.4253198,-28.6506029],[149.4168084,-28.651331],[149.4233502,-28.6551285],[149.4170681,-28.6546691],[149.4162743,-28.6627212],[149.4101906,-28.6639307],[149.410712,-28.6675425],[149.4142732,-28.6670962],[149.405386,-28.6753955],[149.3938349,-28.6774679],[149.3939468,-28.6865906],[149.3874852,-28.6961725],[149.3787522,-28.6884748],[149.3758781,-28.6927904],[149.36895,-28.6874146],[149.3668918,-28.6923987],[149.3585747,-28.6840627],[149.3512761,-28.6926617],[149.3476843,-28.6909229],[149.3466045,-28.6968271],[149.3306246,-28.6973455],[149.332021,-28.7023967],[149.3286477,-28.7073783],[149.3199886,-28.7058647],[149.3225122,-28.7091862],[149.3184138,-28.7138971],[149.3154954,-28.7102082],[149.2967439,-28.7097481],[149.2865944,-28.721754],[149.2871644,-28.7267948],[149.2824021,-28.7280758],[149.2857057,-28.731889],[149.2718895,-28.7332366],[149.2738865,-28.7371662],[149.2692952,-28.7432686],[149.2629454,-28.7401869],[149.2620863,-28.7341288],[149.2535728,-28.7422414],[149.2453507,-28.7389561],[149.2407129,-28.7457487],[149.2431701,-28.7471424],[149.2304262,-28.7506847],[149.2317899,-28.7556242],[149.2285665,-28.755069],[149.2303249,-28.7582872],[149.2246106,-28.7646604],[149.2141951,-28.7634058],[149.2101632,-28.7684168],[149.2072459,-28.7657151],[149.207457,-28.7694049],[149.1945316,-28.7709222],[149.1886505,-28.7750817],[149.1923679,-28.7807453],[149.1860924,-28.7820116],[149.1839876,-28.790512],[149.1868438,-28.7940483],[149.1795817,-28.7986701],[149.1791946,-28.8030318],[149.1665779,-28.808761],[149.1624587,-28.8058647],[149.1600224,-28.8108528],[149.1481386,-28.8085104],[149.1483246,-28.8057749],[149.1456497,-28.809456],[149.1429946,-28.8056202],[149.1395704,-28.8067295],[149.1389185,-28.8156874],[149.1445491,-28.8189252],[149.1402809,-28.821966],[149.1435199,-28.8223394],[149.1389486,-28.8279589],[149.1277599,-28.8316649],[149.1278684,-28.8355412],[149.12143,-28.8315698],[149.1181884,-28.83329],[149.1192529,-28.8294679],[149.1118396,-28.8300187],[149.1119292,-28.8342677],[149.1090286,-28.8331813],[149.1032137,-28.838583],[149.1028141,-28.8335314],[149.0967771,-28.8315544],[149.0861102,-28.8419921],[149.0806367,-28.8419038],[149.0800073,-28.8581998],[149.075327,-28.8592385],[149.0706581,-28.8716199],[149.0549851,-28.8844361],[149.0640357,-28.8891096],[149.0576628,-28.8936095],[149.0606185,-28.8943726],[149.055713,-28.9013936],[149.0584379,-28.9109562],[149.044985,-28.9205586],[149.0472663,-28.924553],[149.0426192,-28.9268949],[149.0423144,-28.9313631],[149.0456274,-28.93458],[149.0430206,-28.9394541],[149.0384717,-28.9390757],[149.0401252,-28.942373],[149.0346324,-28.9455315],[149.0361628,-28.9486575],[149.0318877,-28.9565775],[149.0277763,-28.9545068],[149.019464,-28.9593656],[149.0111723,-28.9556431],[149.0080392,-28.9577259],[149.0107813,-28.9600001],[149.0047242,-28.9605982],[149.0040492,-28.9672767],[148.9971221,-28.9727549],[148.9912246,-28.9713761],[148.990713,-28.9759243],[148.9864948,-28.9741201],[148.971717,-28.978289],[148.9711115,-28.9853284],[148.9659955,-28.9858508],[148.9690257,-28.988031],[148.9673679,-28.9912095],[148.9580875,-28.9990637],[141.00065776696576,-28.999087195909134]],[[144.38270093344735,-35.834778901456346],[144.3866127,-35.8358268],[144.3852278,-35.837837],[144.38270093344735,-35.834778901456346]],[[148.7627987,-35.4955079],[148.7744019,-35.4860895],[148.7667456,-35.467172],[148.775985,-35.4548868],[148.7730139,-35.4494992],[148.7748466,-35.4418328],[148.7889156,-35.4265012],[148.7901658,-35.4156528],[148.7857857,-35.4089136],[148.7959789,-35.4066363],[148.795693,-35.3930092],[148.8086591,-35.3824537],[148.804068,-35.3762072],[148.8057071,-35.3651701],[148.7967002,-35.3584097],[148.7993001,-35.3504039],[148.7935532,-35.3391164],[148.8017197,-35.329161],[148.801073,-35.3217681],[148.8101338,-35.307449],[149.1209501,-35.124413],[149.1389935,-35.1279877],[149.1388264,-35.134788],[149.1448763,-35.1344308],[149.149612,-35.1384078],[149.1467304,-35.1445519],[149.1642835,-35.1419014],[149.1652211,-35.1501406],[149.1624123,-35.1537665],[149.1675661,-35.1597621],[149.1856003,-35.161119],[149.1890667,-35.1655257],[149.1836422,-35.1756729],[149.1970363,-35.1853666],[149.1963898,-35.1909309],[149.1902882,-35.1943517],[149.1895454,-35.2033232],[149.1977765,-35.202538],[149.2085117,-35.2115151],[149.202452,-35.2246349],[149.204984,-35.2291004],[149.2137782,-35.2195998],[149.2387075,-35.222234],[149.2467825,-35.2291534],[149.2343725,-35.2427932],[149.249436,-35.2471905],[149.2573402,-35.2572083],[149.273185,-35.2591799],[149.2718144,-35.2734761],[149.2753753,-35.2750486],[149.2796172,-35.2706511],[149.2892772,-35.275697],[149.2984734,-35.2721502],[149.3097729,-35.2782626],[149.3153139,-35.2762337],[149.3162714,-35.2818089],[149.3224853,-35.2867446],[149.3275645,-35.2824029],[149.3363372,-35.2887357],[149.3414983,-35.2867057],[149.3432181,-35.2920487],[149.3488819,-35.2920733],[149.3505615,-35.2993656],[149.3609451,-35.3016043],[149.3616519,-35.3090214],[149.3737942,-35.304818],[149.3837114,-35.3064649],[149.3896922,-35.3026988],[149.3947824,-35.3031891],[149.3972769,-35.3110103],[149.3980415,-35.3252458],[149.3666549,-35.3401127],[149.3644245,-35.347768],[149.3562376,-35.350625],[149.3481156,-35.3506114],[149.3362822,-35.3397013],[149.2936601,-35.3321365],[149.2816926,-35.3380787],[149.2547388,-35.3301174],[149.247782,-35.3305617],[149.2306796,-35.3426734],[149.2193003,-35.3412697],[149.2071577,-35.3452977],[149.1843914,-35.3783328],[149.1471052,-35.4143191],[149.1440387,-35.4243126],[149.1385337,-35.4282997],[149.1405738,-35.4340943],[149.1550974,-35.4359453],[149.1525807,-35.4432974],[149.1350927,-35.4540379],[149.13845,-35.4679461],[149.1516132,-35.4931886],[149.150675,-35.5097516],[149.1314532,-35.553615],[149.142635,-35.5927874],[149.1260458,-35.5918482],[149.1256285,-35.5874941],[149.0846103,-35.5808162],[149.0781464,-35.5864227],[149.0792375,-35.6077569],[149.0845268,-35.6146459],[149.0875614,-35.6396529],[149.0956306,-35.6403341],[149.0974831,-35.6472937],[149.0952954,-35.67928],[149.1043828,-35.6848645],[149.1037559,-35.6907142],[149.1094191,-35.6965831],[149.0993483,-35.7146531],[149.1041005,-35.7249802],[149.0991028,-35.7292761],[149.1006892,-35.7362984],[149.090716,-35.7656],[149.0916376,-35.7739301],[149.0973691,-35.7774503],[149.0934877,-35.7872311],[149.1003598,-35.7904238],[149.0967527,-35.7981996],[149.1015188,-35.8036482],[149.0982642,-35.8079505],[149.1006122,-35.8147105],[149.0935687,-35.8241099],[149.0920437,-35.8353863],[149.0956823,-35.8456503],[149.0841987,-35.8501895],[149.0642717,-35.8749574],[149.0617454,-35.8914421],[149.0517783,-35.9020979],[149.0572443,-35.9073286],[149.0490714,-35.9202035],[149.0340435,-35.9110267],[149.027769,-35.9127308],[149.0123949,-35.8996189],[148.9994143,-35.9026734],[148.9976811,-35.8964414],[148.9756682,-35.8921726],[148.9616137,-35.8967191],[148.9405492,-35.8758059],[148.9321646,-35.8729015],[148.9198155,-35.8607482],[148.9200512,-35.8572449],[148.9094382,-35.8530794],[148.903145,-35.8352142],[148.907065,-35.829563],[148.8976424,-35.8247181],[148.8966077,-35.8179041],[148.8866835,-35.8100647],[148.897776,-35.79465],[148.8948648,-35.7718803],[148.9033188,-35.7579178],[148.8988379,-35.7513044],[148.8940942,-35.7513381],[148.8880734,-35.7370622],[148.8923212,-35.7284456],[148.8867138,-35.7192495],[148.8777179,-35.7149651],[148.8724914,-35.7214208],[148.8640711,-35.7338791],[148.8674408,-35.7386948],[148.8614147,-35.7501905],[148.8624446,-35.7575147],[148.857537,-35.761453],[148.8560932,-35.7535564],[148.8357923,-35.7419178],[148.8225081,-35.7209792],[148.8127964,-35.7197571],[148.7910941,-35.7034318],[148.7884468,-35.6978035],[148.797528,-35.6803274],[148.7984597,-35.6666076],[148.7905467,-35.6593204],[148.7735074,-35.6555114],[148.7728511,-35.6500562],[148.7675052,-35.6474134],[148.78346,-35.62851],[148.77908,-35.61479],[148.76845,-35.6033],[148.78321,-35.5954],[148.78879,-35.58833],[148.77296,-35.56779],[148.77854,-35.56353],[148.7779567,-35.5585077],[148.7694071,-35.5436925],[148.7722414,-35.5298444],[148.7679804,-35.5249967],[148.7660487,-35.5109237],[148.7683146,-35.5083019],[148.7627987,-35.4955079]]],[[[150.6997085,-35.1931659],[150.704763,-35.199395],[150.735199,-35.180841],[150.751475,-35.183201],[150.759451,-35.178888],[150.769542,-35.148858],[150.770356,-35.132908],[150.766856,-35.1242],[150.76370936079985,-35.12430782669263],[150.7625357,-35.1516578],[150.7577568,-35.1552098],[150.7601129,-35.159372],[150.7553,-35.1706576],[150.7515875,-35.1688687],[150.7456953,-35.1748747],[150.7406803,-35.1746313],[150.7371731,-35.1802424],[150.7247372,-35.1724427],[150.7070196,-35.1914663],[150.6997085,-35.1931659]]]]}},{"type":"Feature","id":"victoria","properties":{"name":"Victoria","slug":"victoria","parent_iso_a3":"AUS","source_name":"OpenStreetMap via Nominatim","source_url":"https://nominatim.openstreetmap.org/","source_license":"ODbL 1.0","source_queries":"Victoria, Australia => Victoria, Australia"},"geometry":{"type":"MultiPolygon","coordinates":[[[[140.9619017,-35.7997885],[140.9733549,-37.4657267],[140.96639207548608,-38.05887983462001],[141.134288,-38.127618],[141.213878,-38.173028],[141.374766,-38.291192],[141.391124,-38.306085],[141.398123,-38.320489],[141.399913,-38.336358],[141.391368,-38.358657],[141.37086,-38.386489],[141.394542,-38.401625],[141.41033,-38.406508],[141.422374,-38.402765],[141.434418,-38.375095],[141.449718,-38.372817],[141.483084,-38.376235],[141.507986,-38.386489],[141.519379,-38.398126],[141.533214,-38.423761],[141.542817,-38.43434],[141.557872,-38.439711],[141.573253,-38.413263],[141.60141,-38.392267],[141.621267,-38.399021],[141.64796,-38.402765],[141.653982,-38.399835],[141.65211,-38.386489],[141.644054,-38.372979],[141.62379,-38.353611],[141.617849,-38.338149],[141.632091,-38.30877],[141.672537,-38.284275],[141.721446,-38.267511],[141.761974,-38.261814],[141.864513,-38.271091],[141.899099,-38.282892],[141.946788,-38.282892],[141.985199,-38.299005],[142.090831,-38.365411],[142.175466,-38.398696],[142.22462,-38.405694],[142.269542,-38.392755],[142.281912,-38.373793],[142.312836,-38.366957],[142.397716,-38.36712],[142.410655,-38.371759],[142.444347,-38.397068],[142.46754,-38.406427],[142.472911,-38.385349],[142.478526,-38.37656],[142.487804,-38.372817],[142.502452,-38.374444],[142.503754,-38.384861],[142.515391,-38.406427],[142.528331,-38.407892],[142.553071,-38.419529],[142.589854,-38.443129],[142.653819,-38.472752],[142.735362,-38.525811],[142.761974,-38.537042],[142.810232,-38.578383],[142.847992,-38.585138],[142.871349,-38.596612],[142.900238,-38.60117],[142.947439,-38.618748],[143.060069,-38.635919],[143.118663,-38.666436],[143.178884,-38.711114],[143.185883,-38.726495],[143.20281,-38.742852],[143.223399,-38.75628],[143.241547,-38.762791],[143.334483,-38.755955],[143.357432,-38.758233],[143.37615,-38.764337],[143.413422,-38.783787],[143.451182,-38.796808],[143.46697,-38.81463],[143.517345,-38.850193],[143.536957,-38.858331],[143.556407,-38.853936],[143.573253,-38.84295],[143.61085,-38.806573],[143.646251,-38.790134],[143.666759,-38.790134],[143.692393,-38.743097],[143.7046,-38.728123],[143.8449,-38.691176],[143.879893,-38.656915],[143.905528,-38.643813],[143.928477,-38.600518],[143.941173,-38.585138],[143.979503,-38.575616],[143.992361,-38.567804],[144.000173,-38.55641],[143.996837,-38.540134],[143.999197,-38.533624],[144.052501,-38.485772],[144.071462,-38.475274],[144.116222,-38.46852],[144.136404,-38.447361],[144.187511,-38.43434],[144.214854,-38.406427],[144.249034,-38.401625],[144.259532,-38.395766],[144.309744,-38.356703],[144.401866,-38.301202],[144.422374,-38.29339],[144.444835,-38.290297],[144.489268,-38.303399],[144.502126,-38.302667],[144.530121,-38.290297],[144.611583,-38.292576],[144.652843,-38.285821],[144.653575,-38.261814],[144.670421,-38.238051],[144.687836,-38.221449],[144.715099,-38.214614],[144.715831,-38.195977],[144.725108,-38.164809],[144.704763,-38.146091],[144.653575,-38.124688],[144.582042,-38.163263],[144.558116,-38.173028],[144.523611,-38.177992],[144.433849,-38.159356],[144.381847,-38.15781],[144.362559,-38.14658],[144.373057,-38.118422],[144.39503,-38.106622],[144.454112,-38.106378],[144.482432,-38.097345],[144.498057,-38.108657],[144.5171,-38.111586],[144.528087,-38.104913],[144.523285,-38.084242],[144.531261,-38.071547],[144.558442,-38.047621],[144.672048,-38.017185],[144.733653,-37.96795],[144.746104,-37.961358],[144.778331,-37.954278],[144.804454,-37.940851],[144.82545,-37.898533],[144.842052,-37.893162],[144.906993,-37.899347],[144.911469,-37.869806],[144.934825,-37.867934],[144.963145,-37.881931],[144.982677,-37.899347],[144.992442,-37.920099],[145.002452,-37.960056],[145.02711,-37.99627],[145.044688,-38.00921],[145.084972,-38.023533],[145.110199,-38.05169],[145.125499,-38.088149],[145.129161,-38.126153],[145.119314,-38.159356],[145.072439,-38.206231],[145.061778,-38.223565],[145.037283,-38.248793],[145.023692,-38.282892],[144.991466,-38.304946],[144.998057,-38.323907],[144.993175,-38.333754],[144.982921,-38.341404],[144.952891,-38.347914],[144.89324,-38.372817],[144.84962,-38.378513],[144.803966,-38.379083],[144.783458,-38.372735],[144.748057,-38.342218],[144.72877,-38.331313],[144.69337,-38.326349],[144.676606,-38.316583],[144.673025,-38.323337],[144.676768,-38.333185],[144.711192,-38.342055],[144.729015,-38.351332],[144.886404,-38.48211],[144.921072,-38.503025],[144.944591,-38.510349],[144.955333,-38.498793],[145.024669,-38.49391],[145.044688,-38.488946],[145.037283,-38.48211],[145.050466,-38.455987],[145.06072,-38.445001],[145.092296,-38.436293],[145.112966,-38.406427],[145.136567,-38.400811],[145.229015,-38.413263],[145.22283,-38.361993],[145.218598,-38.350356],[145.20281,-38.335707],[145.202403,-38.324477],[145.210623,-38.314386],[145.2317,-38.306248],[145.239106,-38.281915],[145.264415,-38.255548],[145.25587,-38.241469],[145.271739,-38.233168],[145.29656,-38.231703],[145.314952,-38.23797],[145.327647,-38.247247],[145.345714,-38.234552],[145.383311,-38.234552],[145.429861,-38.226821],[145.44809,-38.228285],[145.464366,-38.234552],[145.476573,-38.244887],[145.523936,-38.310805],[145.515473,-38.339044],[145.520518,-38.344415],[145.54005,-38.351983],[145.554373,-38.368585],[145.556895,-38.385186],[145.531586,-38.399021],[145.506114,-38.424086],[145.48227,-38.426935],[145.462169,-38.415216],[145.451834,-38.413263],[145.420746,-38.426935],[145.431163,-38.442804],[145.434581,-38.459731],[145.431163,-38.475763],[145.420746,-38.488946],[145.433849,-38.50213],[145.420258,-38.515313],[145.39503,-38.525811],[145.373057,-38.530532],[145.373057,-38.536798],[145.391612,-38.542739],[145.44809,-38.55047],[145.513682,-38.578383],[145.52947,-38.593438],[145.570811,-38.661716],[145.59962,-38.680108],[145.639496,-38.677423],[145.699229,-38.646254],[145.733084,-38.638604],[145.777354,-38.640883],[145.809337,-38.65016],[145.833018,-38.669122],[145.853526,-38.700616],[145.825531,-38.696222],[145.785004,-38.668634],[145.757172,-38.659601],[145.767833,-38.674737],[145.821544,-38.71795],[145.855235,-38.759535],[145.896495,-38.829197],[145.921153,-38.906671],[145.938975,-38.908787],[146.003673,-38.896417],[146.004242,-38.865492],[146.008149,-38.846938],[146.017345,-38.831638],[146.091807,-38.819757],[146.181651,-38.868341],[146.250987,-38.93963],[146.263845,-38.996026],[146.298513,-39.037693],[146.340343,-39.055271],[146.346934,-39.064386],[146.341482,-39.077813],[146.322602,-39.088962],[146.325857,-39.10589],[146.335785,-39.118585],[146.350597,-39.128025],[146.394216,-39.144952],[146.410655,-39.143162],[146.425548,-39.136407],[146.435069,-39.126397],[146.438975,-39.108087],[146.434337,-39.089125],[146.448578,-39.078058],[146.477875,-39.07171],[146.483409,-39.06463],[146.470551,-39.028253],[146.465994,-39.023614],[146.452647,-39.030369],[146.444672,-39.030369],[146.437999,-39.026951],[146.435069,-39.019952],[146.454112,-38.949314],[146.482921,-38.924086],[146.482921,-38.899998],[146.470958,-38.879164],[146.469249,-38.869236],[146.47047,-38.823826],[146.476736,-38.810479],[146.463552,-38.791274],[146.447765,-38.790297],[146.432628,-38.801446],[146.421397,-38.817966],[146.416759,-38.846856],[146.410899,-38.855157],[146.402354,-38.858575],[146.373709,-38.858331],[146.354991,-38.868585],[146.319021,-38.906671],[146.302908,-38.911879],[146.286388,-38.909845],[146.27768,-38.899347],[146.284923,-38.879327],[146.270274,-38.873224],[146.266612,-38.863377],[146.263927,-38.820408],[146.237071,-38.817966],[146.215994,-38.783787],[146.182384,-38.755955],[146.224132,-38.714451],[146.238292,-38.705824],[146.255707,-38.701755],[146.350434,-38.695001],[146.367442,-38.700616],[146.391124,-38.726007],[146.411794,-38.739841],[146.432791,-38.719659],[146.458669,-38.710138],[146.503917,-38.700616],[146.574718,-38.70322],[146.617686,-38.679132],[146.641449,-38.676853],[146.688813,-38.680108],[146.830251,-38.654718],[146.846528,-38.659601],[146.832042,-38.672784],[146.836436,-38.682387],[146.847667,-38.684991],[146.884451,-38.638604],[146.983653,-38.572198],[147.082774,-38.472833],[147.180675,-38.397882],[147.395518,-38.220147],[147.589366,-38.080662],[147.757579,-37.985121],[147.916515,-37.918552],[148.130626,-37.85711],[148.306407,-37.823419],[148.604015,-37.81113],[148.724132,-37.8235],[148.736013,-37.820489],[148.765147,-37.803806],[148.786306,-37.79811],[148.902192,-37.796319],[148.943858,-37.789483],[149.092784,-37.789646],[149.13559,-37.775811],[149.152354,-37.786391],[149.173106,-37.790216],[149.253184,-37.789483],[149.258556,-37.792901],[149.261078,-37.810317],[149.272227,-37.8235],[149.299001,-37.798517],[149.341075,-37.786716],[149.479015,-37.785903],[149.491222,-37.783298],[149.512462,-37.755304],[149.532074,-37.74627],[149.575043,-37.740981],[149.594981,-37.734796],[149.615245,-37.710382],[149.666677,-37.700128],[149.678477,-37.691013],[149.711681,-37.648533],[149.725434,-37.620294],[149.757579,-37.597101],[149.766287,-37.58408],[149.761485,-37.566339],[149.718435,-37.515802],[149.772472,-37.529392],[149.782725,-37.512791],[149.793956,-37.510837],[149.797862,-37.519708],[149.786143,-37.535577],[149.791352,-37.547947],[149.778656,-37.556085],[149.896332,-37.548598],[149.953136,-37.530857],[149.97636999544045,-37.5056281035564],[148.9937921,-37.1191411],[148.1948889,-36.7962393],[148.1824459,-36.804826],[148.1795881,-36.7963914],[148.1682171,-36.7924646],[148.1637377,-36.7947555],[148.1563433,-36.7900307],[148.1442097,-36.7959115],[148.1265513,-36.796615],[148.1264952,-36.8013781],[148.1227131,-36.8010033],[148.120424,-36.8061353],[148.1087889,-36.8008469],[148.1106341,-36.7984497],[148.1047124,-36.7898482],[148.1000097,-36.7914428],[148.0978937,-36.7867844],[148.1037972,-36.7877954],[148.1127906,-36.7682196],[148.1261805,-36.7594016],[148.1201903,-36.7595059],[148.1203361,-36.7564044],[148.1326052,-36.7507855],[148.1317818,-36.7448867],[148.1366822,-36.738356],[148.1306412,-36.7344251],[148.1391113,-36.7323325],[148.1492192,-36.7196483],[148.1544979,-36.7202406],[148.161925,-36.715427],[148.1623271,-36.7115547],[148.1700535,-36.71285],[148.1732864,-36.7021443],[148.1889756,-36.6881602],[148.1854973,-36.6878026],[148.1876302,-36.6861759],[148.1839051,-36.6829837],[148.1902976,-36.6748254],[148.199147,-36.6721687],[148.1961049,-36.6678459],[148.2029162,-36.6621173],[148.2002535,-36.6594843],[148.203092,-36.653608],[148.2109849,-36.6505756],[148.2095025,-36.6450981],[148.2122056,-36.6396706],[148.2161245,-36.6396991],[148.2116835,-36.6330424],[148.2149158,-36.6344476],[148.2205123,-36.625808],[148.2195501,-36.6202386],[148.2140258,-36.6200471],[148.2143207,-36.6106936],[148.2022489,-36.6120047],[148.2069466,-36.6082644],[148.2095231,-36.610425],[148.2157861,-36.6045394],[148.2124215,-36.6007537],[148.2174343,-36.5981728],[148.204404,-36.5924029],[148.2058267,-36.5868457],[148.1900641,-36.584878],[148.1900401,-36.5766323],[148.1794435,-36.5803048],[148.1714236,-36.5783486],[148.169388,-36.5736515],[148.1607601,-36.5798081],[148.1626109,-36.5727238],[148.1563929,-36.5715222],[148.1587985,-36.5657508],[148.1507023,-36.5582063],[148.1473153,-36.5631599],[148.1335519,-36.5673483],[148.1235622,-36.5504145],[148.1287432,-36.5459628],[148.1279461,-36.5416797],[148.1334248,-36.5391278],[148.132818,-36.5344648],[148.1393223,-36.5256947],[148.1294941,-36.5132856],[148.1277726,-36.5025195],[148.1175806,-36.4955216],[148.1265948,-36.4847836],[148.1190656,-36.4820645],[148.1250082,-36.4789806],[148.1237954,-36.4630019],[148.0874969,-36.4519219],[148.0878517,-36.4352308],[148.0791532,-36.4250542],[148.0803447,-36.4222229],[148.0763206,-36.4180603],[148.0599122,-36.4157679],[148.0546017,-36.4089709],[148.0584367,-36.4066618],[148.0581419,-36.4009603],[148.0496511,-36.3991146],[148.0463073,-36.3907977],[148.0377103,-36.3906148],[148.0454212,-36.3824114],[148.0382871,-36.3785561],[148.0437453,-36.3749202],[148.040026,-36.3718191],[148.046026,-36.3671714],[148.0378211,-36.3663424],[148.0443255,-36.3542873],[148.0491455,-36.355618],[148.045223,-36.3518188],[148.0539467,-36.3413442],[148.0522691,-36.3382641],[148.055587,-36.333555],[148.0511553,-36.3239529],[148.0580285,-36.3195425],[148.0539876,-36.3170151],[148.0472244,-36.3190911],[148.0464001,-36.3153009],[148.0381663,-36.3144956],[148.034977,-36.3103145],[148.0438413,-36.2993379],[148.0394217,-36.2991656],[148.0353453,-36.2928066],[148.0401691,-36.2927085],[148.0402405,-36.284322],[148.033835,-36.2825187],[148.0377589,-36.280114],[148.0330862,-36.2756757],[148.0355768,-36.272989],[148.0305883,-36.2654075],[148.0403687,-36.2600634],[148.035851,-36.2603598],[148.0384344,-36.2584947],[148.0287685,-36.246788],[148.035518,-36.2405089],[148.0349117,-36.2340266],[148.0261848,-36.2235666],[148.0334012,-36.2160615],[148.0369902,-36.2169688],[148.0352693,-36.2134071],[148.0385798,-36.2124497],[148.0344399,-36.2087325],[148.0405652,-36.2079092],[148.036868,-36.2069898],[148.0395794,-36.2057344],[148.036374,-36.1943581],[148.0243483,-36.1882167],[148.0216765,-36.1760597],[148.0262679,-36.1757992],[148.0236586,-36.1702641],[148.0306142,-36.1658284],[148.0323182,-36.1676499],[148.0349345,-36.1628868],[148.0268568,-36.1615878],[148.0226023,-36.1540012],[148.0291634,-36.1553902],[148.0315304,-36.1494563],[148.035395,-36.1527508],[148.0348456,-36.1444704],[148.0378201,-36.1411695],[148.0325274,-36.1430767],[148.0299664,-36.1406552],[148.0290528,-36.1444339],[148.0254683,-36.1400043],[148.0211312,-36.1420735],[148.0142758,-36.1376039],[148.0106633,-36.1392144],[148.0102544,-36.1363779],[148.0074494,-36.1408724],[148.0047616,-36.1358381],[148.0045168,-36.1400662],[148.0022768768002,-36.13966623682823],[148.0020335,-36.1400412],[148.00178303870155,-36.139578056549425],[148.0010558,-36.1394482],[147.9999697,-36.1362249],[148.0064697,-36.1298263],[148.0016608,-36.1313076],[148.00163723006537,-36.13123293583577],[148.0015896,-36.1312468],[147.99851514532077,-36.12179147431131],[147.9968800368824,-36.121728448114624],[147.9909775,-36.1219383],[147.9915886432246,-36.12152448829791],[147.9908781,-36.1214971],[147.995484,-36.1188869],[147.9931705,-36.1165345],[147.9984083,-36.1158882],[147.9930046,-36.1155866],[147.9928785,-36.112105],[147.9967568,-36.1121816],[147.9917594,-36.1108938],[147.99817,-36.1101458],[147.9982636,-36.1068143],[147.9941162,-36.1054415],[147.99949,-36.1036396],[147.9993659,-36.0985616],[147.9943999,-36.1003634],[147.9958183,-36.0958772],[147.9914236,-36.0951402],[147.9940878,-36.0927716],[147.989193,-36.0930765],[147.984593,-36.0906219],[147.986142,-36.0879379],[147.9804164,-36.0867538],[147.98054074020942,-36.0865607728693],[147.9803989,-36.0865259],[147.983473,-36.0820087],[147.9869356,-36.0845222],[147.9841282,-36.0792884],[147.992886,-36.08133],[147.9888173,-36.0785431],[147.9886104,-36.0747382],[147.9925258,-36.0743838],[147.9884091,-36.0701906],[147.994588,-36.0655757],[147.9915561,-36.0642694],[147.9946842,-36.0611674],[148.0003968,-36.0629286],[147.9970228,-36.0598063],[147.99972602165076,-36.04632060746273],[147.9922469,-36.0486889],[147.9916777,-36.0525795],[147.9885204,-36.0492218],[147.9880879,-36.0525036],[147.98796670540312,-36.051638694815],[147.987778,-36.0524624],[147.9872183,-36.0462977],[147.9840531,-36.0452248],[147.9876292,-36.0430583],[147.9817757,-36.0448555],[147.9811271,-36.0404271],[147.979904,-36.0462503],[147.9741017,-36.0468429],[147.974476,-36.0385401],[147.9707396,-36.0434213],[147.9708712,-36.0392637],[147.9643308,-36.0431269],[147.9647846,-36.046903],[147.9564853,-36.0442655],[147.95826805648073,-36.04125351070207],[147.9452698,-36.0466531],[147.9381291,-36.0422269],[147.9343221,-36.0477915],[147.93413219124147,-36.04769423051993],[147.9340874,-36.0477555],[147.93138926653407,-36.04628933028126],[147.9240847,-36.042548],[147.92420490445974,-36.04238533729692],[147.923385,-36.0419398],[147.9273705,-36.0381016],[147.9240996,-36.035623],[147.93175958913406,-36.03493019678001],[147.9225649,-36.0280778],[147.91148,-36.026739],[147.9149639,-36.0232778],[147.9105455,-36.0214749],[147.9163803,-36.01984],[147.9128981,-36.0181158],[147.9169449,-36.0110812],[147.9140572,-36.0092341],[147.9164872,-36.0048019],[147.9141431,-36.0017091],[147.9086391,-36.0016266],[147.9134455,-35.9983133],[147.9122676375284,-35.99530302075908],[147.8959346,-35.9930048],[147.8991969,-35.9954231],[147.8979282,-35.9995542],[147.88663,-35.9979971],[147.882839,-36.001878],[147.8819062,-35.9964787],[147.8741359,-35.9919408],[147.8611105,-35.9917119],[147.8595976,-35.9872769],[147.849628,-35.9896235],[147.8487462,-35.9859929],[147.8436846,-35.985943],[147.8509219,-35.9814989],[147.8414738,-35.9801162],[147.8397907,-35.9836156],[147.8338439,-35.9794259],[147.8170267,-35.9796063],[147.8131948,-35.9764949],[147.8158456,-35.9722025],[147.8062783,-35.9652509],[147.7759043,-35.9682714],[147.7664786,-35.9641746],[147.7730068,-35.9587626],[147.7632905,-35.9589089],[147.7573128,-35.9550036],[147.7414498,-35.9566112],[147.7295177,-35.9483746],[147.7182152,-35.9454677],[147.7175546,-35.9386856],[147.70862238033757,-35.929240319642275],[147.6797215,-35.9445457],[147.6716165,-35.9425381],[147.6468794,-35.9460634],[147.6380537,-35.9619083],[147.6260137,-35.9650819],[147.6012849,-35.9791228],[147.5935864,-35.9698911],[147.5805938,-35.9689923],[147.5752748,-35.9752157],[147.5714696,-35.9691323],[147.56403,-35.9696131],[147.5670656,-35.9649317],[147.560654,-35.9688971],[147.5495652,-35.9648517],[147.5518633,-35.9712509],[147.5477266,-35.977821],[147.5591508,-35.9721958],[147.5655045,-35.978646],[147.5815532,-35.9780309],[147.584,-35.9843732],[147.5514848,-36.0042714],[147.545732,-35.9972686],[147.5199814,-35.9860129],[147.5198956,-35.9802633],[147.5148833,-35.9758515],[147.5209896,-35.9726219],[147.5197695,-35.9687602],[147.5249961,-35.9635773],[147.5153452,-35.9591637],[147.5114445,-35.9625357],[147.4944958,-35.9438182],[147.4856144,-35.9489098],[147.4814005,-35.9482973],[147.4780828,-35.941805],[147.4630897,-35.9445854],[147.454627,-35.9525639],[147.4560519,-35.9587847],[147.4505,-35.960874],[147.4447837,-35.9584904],[147.4438221,-35.9533697],[147.4397043,-35.9560551],[147.43954873039684,-35.95599869406738],[147.4395206,-35.956016],[147.4150538,-35.9471174],[147.4085308,-35.9482698],[147.4084219226012,-35.94812317228449],[147.408187,-35.9481588],[147.40458499420905,-35.94398635357083],[147.3947944,-35.9492213],[147.3922910201642,-35.9481680575347],[147.39161535467557,-35.94841698614221],[147.3929018,-35.9549723],[147.3871999011739,-35.95942088813443],[147.3943677,-35.9607867],[147.3940663662883,-35.960911478420506],[147.3943984,-35.9609794],[147.38895,-35.9630301],[147.3902428,-35.9726012],[147.3901048893823,-35.97257091368903],[147.3901248,-35.9727354],[147.3733591,-35.9688934],[147.3741148,-35.9781479],[147.3655494,-35.9863399],[147.35547974972357,-35.98976787660512],[147.3575914,-35.9945838],[147.3510545,-36.001404],[147.3555666,-36.0035332],[147.3554649,-36.007669],[147.3463147,-36.0155561],[147.3455231,-36.0230433],[147.3529729,-36.0317352],[147.342525,-36.0432823],[147.3322092,-36.0469153],[147.3284757,-36.0558644],[147.3196277,-36.0614295],[147.3178771,-36.0550436],[147.3127695,-36.052855],[147.3142121,-36.060146],[147.3082435,-36.0604168],[147.302027,-36.0504296],[147.3050267,-36.0475873],[147.2873155,-36.043481],[147.2854003,-36.0397268],[147.2801388,-36.0435322],[147.2670487,-36.0393887],[147.2519552,-36.0414945],[147.2425662,-36.0382566],[147.2392231,-36.0431317],[147.2322386,-36.0422152],[147.2252155,-36.0489188],[147.2151478,-36.046767],[147.2068324,-36.0499837],[147.1961355,-36.0433703],[147.1888602,-36.0430178],[147.1870565,-36.0375221],[147.1647035,-36.0308798],[147.1555828,-36.035146],[147.1481511,-36.032218],[147.1435908,-36.0376305],[147.1425749,-36.0296201],[147.1356307,-36.0284607],[147.126886,-36.0179584],[147.1260334,-36.0050207],[147.1219626,-36.0041358],[147.1247567,-36.0004117],[147.1230356283677,-35.99504605614276],[147.1199772,-36.0005913],[147.1157953,-35.9987525],[147.1114079,-36.0014468],[147.1160126,-36.008421],[147.1067321,-36.0052052],[147.1095,-36.0126883],[147.1062528457611,-36.01199290725497],[147.10655,-36.0159104],[147.1015991,-36.0199932],[147.0982393,-36.0159734],[147.0989929,-36.0273202],[147.0930462,-36.0272282],[147.1039876,-36.0333112],[147.0966814,-36.0397155],[147.0998829,-36.0419856],[147.0981351,-36.0464062],[147.0923291,-36.0440679],[147.0956912,-36.0527982],[147.0906963,-36.0495149],[147.0886049,-36.0537926],[147.0810689,-36.054266],[147.086495,-36.0564837],[147.0806058,-36.0576615],[147.0746517,-36.0650052],[147.0684779,-36.0613745],[147.0672199,-36.068976],[147.0617825,-36.0666888],[147.0598562,-36.075225],[147.0633666,-36.0830385],[147.0506603,-36.0952808],[147.0554207,-36.1014411],[147.0531774,-36.1068017],[147.0434235,-36.1051609],[147.0430491,-36.1096085],[147.0331306,-36.115286],[147.0317292,-36.1092324],[147.026426,-36.1052888],[147.0277704,-36.100982],[147.0199304,-36.0990296],[147.0177623,-36.1057552],[147.0136544,-36.104807],[147.0129758,-36.0957055],[147.016485,-36.0897235],[147.0066441,-36.0891458],[147.0074188,-36.0837696],[146.9994154,-36.0873068],[146.9904507,-36.086184],[146.9811229,-36.0947954],[146.9726598,-36.0822164],[146.9662105,-36.0835385],[146.9569668,-36.0780946],[146.9592869,-36.084514],[146.955163,-36.0890828],[146.9588251,-36.0919073],[146.950873,-36.0933687],[146.9519303,-36.0999297],[146.9484948,-36.102875],[146.9526451,-36.1106226],[146.9437121,-36.1159508],[146.9281523,-36.1058395],[146.927797,-36.0969424],[146.9214784,-36.1007342],[146.9239249,-36.1083464],[146.9176873,-36.1080903],[146.9139441,-36.1127595],[146.9069123,-36.1109305],[146.9069105,-36.1070239],[146.9123292,-36.1049388],[146.9033789,-36.0983806],[146.906109,-36.0915151],[146.9029044,-36.0866185],[146.9068273,-36.0848927],[146.9010368,-36.0829997],[146.890386,-36.0879845],[146.8811315,-36.0874614],[146.8728779,-36.0736825],[146.8644268,-36.0731114],[146.8646767,-36.078251],[146.8581871,-36.075206],[146.8610427,-36.0819963],[146.8566452,-36.0851669],[146.8464655,-36.0866826],[146.8370608,-36.0821787],[146.8251987,-36.0887532],[146.821316,-36.0839704],[146.8275542,-36.0775913],[146.8232705,-36.07445],[146.8254329,-36.0705876],[146.8156008,-36.0740847],[146.8144914,-36.0704613],[146.818414,-36.06795],[146.8130863,-36.0681032],[146.8144415,-36.0641309],[146.8063365,-36.061002],[146.8032688,-36.0551273],[146.800968,-36.058621],[146.7945999,-36.0588307],[146.7936433,-36.0613199],[146.7989298,-36.0629511],[146.795947,-36.0653265],[146.7868838,-36.0645831],[146.7871148,-36.0588879],[146.7825392,-36.0587898],[146.781397,-36.0644852],[146.7759679,-36.0592294],[146.7677489,-36.0586434],[146.7667402,-36.055409],[146.7645761,-36.059333],[146.7611984,-36.0587102],[146.7618879,-36.0514359],[146.7564104,-36.0518792],[146.7583728,-36.0558325],[146.7532137,-36.0552122],[146.7551961,-36.059022],[146.7496508,-36.0611506],[146.7469509,-36.056472],[146.7529822,-36.0419425],[146.7447377,-36.0477278],[146.7309462,-36.0452998],[146.7313796,-36.038677],[146.7351446,-36.03631],[146.728082,-36.0294796],[146.7327787,-36.0263738],[146.7317032,-36.0235327],[146.7221449,-36.0286574],[146.7158588,-36.0264232],[146.705873,-36.0301907],[146.7101211,-36.0335994],[146.7074942,-36.036055],[146.6899291,-36.0301226],[146.6951118,-36.0343963],[146.6857883,-36.0405069],[146.6801025,-36.0344613],[146.6829905,-36.029943],[146.6751402,-36.0282837],[146.6819661,-36.0257868],[146.680918,-36.022774],[146.6744359,-36.0219684],[146.6715241,-36.0260276],[146.6680397,-36.0182536],[146.6657721,-36.0209616],[146.6692443,-36.0282591],[146.6561856,-36.0263743],[146.6583426,-36.0218927],[146.6503804,-36.018959],[146.6578487,-36.0177395],[146.6587322,-36.0145609],[146.6501339,-36.0136282],[146.6502936,-36.0067453],[146.6452271,-36.0077713],[146.6421789,-36.0041536],[146.6403953,-36.0095577],[146.6312134,-36.0040038],[146.6338186,-35.9999045],[146.627979,-35.9997572],[146.6261954,-35.9958291],[146.6222471,-35.9997113],[146.6203487,-35.9934056],[146.613974,-35.9962541],[146.6130838,-35.990355],[146.6078506,-35.986752],[146.61618487470562,-35.98230168408349],[146.6108043,-35.9794338],[146.6168253878508,-35.97433327577722],[146.6153060465865,-35.973687066049536],[146.60831000965604,-35.973055682095364],[146.6015861,-35.9755513],[146.60146735930056,-35.97529620821879],[146.6012588,-35.9755352],[146.5991311,-35.9702772],[146.5952885,-35.9737584],[146.5843365,-35.9742799],[146.5869122,-35.9817026],[146.5842116,-35.9834228],[146.5629594,-35.9749712],[146.5663099,-35.9702727],[146.5626146,-35.9677484],[146.5586833,-35.9714012],[146.5587687,-35.9784262],[146.5518934,-35.9789535],[146.5548929,-35.9842251],[146.5497967,-35.9851515],[146.5557324,-35.9891228],[146.549437,-35.9918718],[146.537995,-35.981615],[146.5319985,-35.9834598],[146.532755,-35.9758982],[146.5253254,-35.9691597],[146.5193357,-35.9686992],[146.5217017,-35.9629827],[146.5193944,-35.9600836],[146.5117997,-35.9635932],[146.50167007858366,-35.95762759582862],[146.4961194,-35.9731589],[146.5005704,-35.9792889],[146.4919933,-35.9847136],[146.5015734,-35.9829759],[146.5017143330333,-35.983258035035284],[146.502146,-35.9831934],[146.5030354201603,-35.98590273056531],[146.5037217,-35.9872766],[146.50350776884204,-35.987341587899586],[146.5035883,-35.9875869],[146.4978513,-35.9906985],[146.4929435300386,-35.99055078705087],[146.491818,-35.9908927],[146.491482091665,-35.99050680100959],[146.4893623,-35.990443],[146.4868846,-35.9852251],[146.4765766,-35.9819518],[146.4727813,-35.9837182],[146.4699174,-35.980715],[146.4665057,-35.9838972],[146.465389,-35.9796463],[146.469647,-35.9761179],[146.4619319,-35.970588],[146.46128932339872,-35.965222532558194],[146.4561416,-35.9665138],[146.4536689417279,-35.96223480103339],[146.44773039714931,-35.964638272989475],[146.44692640505644,-35.96640658933707],[146.4427588,-35.9763277],[146.4425647427571,-35.97599971694973],[146.4424078,-35.9763449],[146.43874035273748,-35.9695359793158],[146.43744484473487,-35.96734639514983],[146.42575934409692,-35.96374606697895],[146.42514627995862,-35.964051363240564],[146.421917624232,-35.96623802693545],[146.4249176103947,-35.97261147449385],[146.4251072,-35.9729101],[146.42505926668682,-35.97291242219838],[146.4250947,-35.9729877],[146.4189375,-35.973209],[146.4203369,-35.9781927],[146.41936851386882,-35.977811512995046],[146.4194486,-35.9786667],[146.4159650736281,-35.97647181269355],[146.41388875866545,-35.975654510321625],[146.4118028,-35.9814056],[146.4150164,-35.9845707],[146.4026898,-35.9884401],[146.3979585,-35.9966937],[146.3990889,-36.0072663],[146.3884607,-36.0071353],[146.3806379,-36.0129567],[146.3793865,-36.0270637],[146.3878005,-36.035295],[146.3825831,-36.0394379],[146.3761354,-36.0384329],[146.3795284,-36.0447592],[146.3694292,-36.0506073],[146.36927408415386,-36.05047790308865],[146.3688753,-36.0507003],[146.3573059,-36.0404941],[146.3498262,-36.0414948],[146.3459565,-36.0292172],[146.3385599,-36.0263198],[146.3311582,-36.0264041],[146.3250296,-36.0337357],[146.3314727,-36.0360403],[146.3293253,-36.0431248],[146.3196935,-36.0423194],[146.316255,-36.0381813],[146.3130061,-36.0455687],[146.3086976,-36.0391317],[146.3022513,-36.0425532],[146.3009569,-36.0364787],[146.2970216,-36.0399928],[146.2968346,-36.044678],[146.3021266,-36.0445867],[146.2996254,-36.047712],[146.2920574,-36.0451841],[146.2913952,-36.038792],[146.2834697,-36.0418096],[146.2848836,-36.0371504],[146.291496,-36.0358179],[146.2860374,-36.0304649],[146.2933357,-36.0290898],[146.2916105,-36.0243718],[146.2824454,-36.0266223],[146.2818849,-36.0233386],[146.2910252,-36.0205008],[146.286429,-36.0142142],[146.2786991,-36.0156915],[146.2827274,-36.0108823],[146.2747863,-36.0124027],[146.2767866,-36.0173306],[146.2743322,-36.0205772],[146.2780535,-36.0227222],[146.2730666,-36.0265453],[146.2677721,-36.0250422],[146.267043,-36.0209349],[146.2609936,-36.0217117],[146.2618213,-36.0164098],[146.2571014,-36.0120721],[146.2516542,-36.019356],[146.244709,-36.018202],[146.2507242,-36.0232927],[146.2412465,-36.0236661],[146.2431567,-36.0287421],[146.2340965,-36.0281377],[146.2302214,-36.0339364],[146.228009,-36.0288676],[146.2221939,-36.029864],[146.2207589,-36.0363216],[146.2111524,-36.038729],[146.2103027,-36.0356342],[146.216101,-36.0331214],[146.2118001,-36.0283355],[146.204716,-36.0390353],[146.1989227,-36.0372206],[146.1974471,-36.0291082],[146.1858221,-36.042089],[146.1856594713977,-36.04200663540454],[146.1855842,-36.042089],[146.1785678,-36.038415],[146.1821887,-36.0344676],[146.1764089,-36.0337452],[146.1783126,-36.0289139],[146.1732355,-36.0193085],[146.1615231,-36.024067],[146.1567332,-36.0212544],[146.1533056,-36.0247862],[146.1465092,-36.02046],[146.1455617,-36.0136021],[146.1312766,-36.01927],[146.1319859,-36.0101036],[146.1407211,-36.0089312],[146.1345091,-36.002515],[146.1243586,-36.0141311],[146.119256,-36.0139923],[146.1195059,-36.0180898],[146.1075419,-36.0142493],[146.1125007,-36.006735],[146.1041559,-36.0084054],[146.1012068,-36.012958],[146.0914709,-36.009314],[146.0892439,-36.012824],[146.0966535,-36.0178494],[146.0932866,-36.0216471],[146.0762084,-36.0179662],[146.0742639,-36.0100023],[146.070975,-36.0158143],[146.0583693,-36.0140194],[146.0561983,-35.9989954],[146.0516039,-35.9949702],[146.0491592,-36.0026578],[146.0436609,-35.9993541],[146.0390247,-36.0017938],[146.0339685,-35.9952717],[146.021998,-35.9998135],[146.0163416,-36.007657],[146.0072962,-36.0031311],[145.9890779,-36.0130441],[145.9776881,-36.0094783],[145.9721274,-36.0157602],[145.9693368,-36.0133253],[145.9740994,-36.0081715],[145.9709077,-36.0054878],[145.9623437,-36.0095003],[145.95834,-36.0066067],[145.9645315,-35.9963472],[145.9525013,-35.9924207],[145.952021,-35.9840611],[145.9456632,-35.9839319],[145.9461227,-35.9791806],[145.9512999,-35.9762569],[145.9443199,-35.9668032],[145.9533877,-35.9652067],[145.9538636,-35.9618636],[145.9451806,-35.9617079],[145.9348845,-35.9725893],[145.9277783,-35.9739967],[145.9252966,-35.9708233],[145.9285894,-35.9667726],[145.9246486,-35.9642881],[145.9155418,-35.9644012],[145.9139765,-35.9696304],[145.9067705,-35.9634144],[145.9029928,-35.9688886],[145.901046,-35.9611757],[145.910352,-35.9559606],[145.9028196,-35.9525161],[145.8937811,-35.9534596],[145.8899377,-35.9572832],[145.871885,-35.955469],[145.8607396,-35.9605381],[145.8546636,-35.9595863],[145.8538751,-35.9658332],[145.8485502,-35.9685586],[145.8592511,-35.9713386],[145.8592599,-35.974824],[145.8540096,-35.9766658],[145.8455509,-35.9736366],[145.8485335,-35.9814561],[145.8391453,-35.9833713],[145.8360534,-35.9819456],[145.8365164,-35.9774277],[145.8284977,-35.9753023],[145.8247879,-35.9784788],[145.8290495,-35.9798065],[145.8284428,-35.9829987],[145.8131101,-35.9836954],[145.8168675,-35.9881994],[145.81571938166636,-35.98871895473802],[145.8162411,-35.9897234],[145.81107603221034,-35.990820196517234],[145.810012,-35.9913017],[145.80991979258513,-35.991065722741794],[145.8094405,-35.9911675],[145.8066801,-35.9827747],[145.7931714,-35.9825883],[145.7930621,-35.9728044],[145.7881886,-35.975317],[145.7847719,-35.9719647],[145.7770401,-35.9726222],[145.781806,-35.9638261],[145.7783287,-35.9601217],[145.7662044,-35.9666348],[145.7577712,-35.9580073],[145.746053,-35.9642462],[145.7440707,-35.959175],[145.7307309,-35.9586181],[145.7364401,-35.9551739],[145.7343137,-35.9513356],[145.7243879,-35.9542589],[145.7169277,-35.9507938],[145.7176463,-35.9446453],[145.7260458,-35.9463823],[145.7260914,-35.9421382],[145.7207015,-35.9347943],[145.7143529,-35.9373886],[145.7078695,-35.9323268],[145.6971976,-35.9364571],[145.6957024,-35.9257108],[145.7032767,-35.9252438],[145.6977756,-35.9208167],[145.6874294,-35.9238651],[145.6858499,-35.930719],[145.6737361,-35.9260417],[145.6789327,-35.917105],[145.6689081,-35.9192668],[145.6687002,-35.9131326],[145.6614842,-35.912412],[145.6579969,-35.9011982],[145.6509511,-35.899583],[145.6474312,-35.893537],[145.6399319,-35.8943733],[145.6314877,-35.8876483],[145.6299158,-35.880472],[145.6204611,-35.8839134],[145.6275589,-35.874897],[145.6170027,-35.8755612],[145.6148932,-35.8727256],[145.6286814,-35.8677053],[145.6262315,-35.8625012],[145.6147598,-35.8653267],[145.609915,-35.8703537],[145.6023781,-35.8679352],[145.6054146,-35.8747569],[145.6009717,-35.8750612],[145.5950599,-35.8689841],[145.5977968,-35.8619334],[145.5864967,-35.8610473],[145.5925401,-35.855776],[145.5935938,-35.8497652],[145.5809502,-35.8479692],[145.5757215,-35.839203],[145.5638932,-35.834295],[145.566459,-35.8266676],[145.5572309,-35.8272574],[145.5594617,-35.8234599],[145.5570447,-35.8187312],[145.5629141,-35.816132],[145.5623966,-35.8130297],[145.5477304,-35.8129224],[145.5390894,-35.8220143],[145.5363406,-35.8184658],[145.5418926,-35.8090407],[145.534819,-35.8079123],[145.53548655813293,-35.802063280429344],[145.5271369,-35.8066462],[145.528012,-35.811821],[145.5214583,-35.8188399],[145.5115757,-35.8122888],[145.496925,-35.8089004],[145.4929817,-35.8150143],[145.4743425,-35.8124111],[145.4777075,-35.8047982],[145.4686413,-35.8128866],[145.4691069,-35.8182052],[145.4625026,-35.8269401],[145.4514811,-35.8217274],[145.447982,-35.8308463],[145.4415614,-35.8357782],[145.4367824,-35.8301665],[145.4291626,-35.8344986],[145.426008,-35.8296311],[145.4200052,-35.8281863],[145.4137392,-35.8309813],[145.4206157,-35.8370853],[145.4096581,-35.8367736],[145.4103226,-35.8488488],[145.3867418,-35.8503552],[145.3773948,-35.8587845],[145.3605986,-35.8611815],[145.355707,-35.867056],[145.35553316327588,-35.86685312564926],[145.3553367,-35.8670731],[145.3501215,-35.8605375],[145.3415511,-35.8624285],[145.3243711,-35.8506891],[145.3122425,-35.8556895],[145.3090028,-35.86046],[145.2964518,-35.8606206],[145.2925794,-35.8538375],[145.2841947,-35.8566836],[145.2849814,-35.8507105],[145.278761,-35.853418],[145.2726201,-35.8451925],[145.2672054,-35.8524579],[145.2583007,-35.8506555],[145.2642015,-35.842145],[145.2597769,-35.8394533],[145.2608582,-35.83546],[145.2529925,-35.8350733],[145.2462702,-35.8303397],[145.2406013,-35.8336758],[145.235201,-35.8295432],[145.2293288,-35.8333393],[145.2247788,-35.8321506],[145.2200266,-35.8368849],[145.2244973,-35.8396114],[145.2228913,-35.8424527],[145.2159831,-35.8414809],[145.2148652,-35.8361807],[145.2063135,-35.8379562],[145.1979167,-35.8348196],[145.1933306,-35.8376997],[145.189812,-35.8341884],[145.1827153,-35.8350448],[145.1812387,-35.8420175],[145.1718864,-35.8387454],[145.1682103,-35.84257],[145.1535521,-35.842859],[145.1535577869181,-35.84284599371115],[145.1534672,-35.8428477],[145.15614792428622,-35.83692220963414],[145.15880989126973,-35.83083414734656],[145.1476593,-35.8335864],[145.1396319,-35.8283942],[145.1364189,-35.8342219],[145.13621870820185,-35.83366242548138],[145.1359356,-35.8340994],[145.1339733,-35.8273872],[145.1287789,-35.8272882],[145.127727441214,-35.821308567860804],[145.12744040747086,-35.82240507703087],[145.1268265,-35.8295577],[145.1256717144999,-35.82916173232992],[145.1254844,-35.8298773],[145.12517215750526,-35.82899043781746],[145.1229037,-35.8282126],[145.1222784,-35.8207713],[145.1152651,-35.8260267],[145.11407373148626,-35.820538574801155],[145.1041167,-35.8285657],[145.0993878,-35.8258105],[145.0923456,-35.8358899],[145.09216784974666,-35.83562702795367],[145.0919028,-35.8359874],[145.08979699574917,-35.832120809367495],[145.0892697,-35.831341],[145.08934480374523,-35.83129051312043],[145.0892777,-35.8311673],[145.0931519588884,-35.828282840833296],[145.09273048287685,-35.82748711157535],[145.0909973262912,-35.82622241867153],[145.0774605,-35.8274125],[145.0766397,-35.8318587],[145.0741714435382,-35.82680524436397],[145.07399721668838,-35.827064334256896],[145.0717543,-35.8333835],[145.0690827257219,-35.834372593228494],[145.0684067,-35.8353779],[145.06639667232787,-35.83536704703993],[145.0612254,-35.8372816],[145.0535347,-35.8352976],[145.0542929,-35.8380451],[145.0516143949936,-35.8386515708117],[145.0514792,-35.8388877],[145.0514129276317,-35.838697187330695],[145.0509933,-35.8387922],[145.0496509,-35.8336319],[145.0410673,-35.8415942],[145.04094700957407,-35.84146830115051],[145.0407362,-35.8416581],[145.04015059362663,-35.84063475308783],[145.03864705791034,-35.83906111648809],[145.0374502,-35.8460145],[145.0363221182378,-35.846555053774665],[145.0362159,-35.8469899],[145.030044,-35.8495634],[145.0244903,-35.8470688],[145.0193167,-35.8565505],[145.0066447,-35.8561016],[145.00067397152284,-35.8495231652724],[144.9996073,-35.8549408],[144.9922383,-35.8523673],[144.9932686,-35.8559308],[144.9896498,-35.8546982],[144.9918207,-35.8588054],[144.9789974,-35.8583824],[144.9707892,-35.8610086],[144.96825641443834,-35.86550735457069],[144.972583,-35.8740721],[144.9697469,-35.8788657],[144.9750857,-35.8838564],[144.9647699,-35.8960452],[144.9671215,-35.9050437],[144.9527554,-35.9168066],[144.9488783,-35.9316974],[144.9575095,-35.9610165],[144.9309459,-35.9686099],[144.9260299,-35.9744431],[144.9236662,-35.9889537],[144.946161,-36.0048102],[144.94564,-36.0121974],[144.9546335,-36.0187633],[144.9620586,-36.018201],[144.9679598,-36.0422931],[144.9822577,-36.0484117],[144.9858972,-36.0564527],[144.9870163,-36.0636247],[144.98685071887053,-36.063898563443786],[144.9868806,-36.0641319],[144.98492144520532,-36.0670894918528],[144.9816283,-36.0725362],[144.98123512275612,-36.07265446164081],[144.9809594,-36.0730707],[144.9474304,-36.0828224],[144.9364744,-36.0758691],[144.937613,-36.0698383],[144.9322955,-36.0670403],[144.9083102,-36.0642654],[144.9040899,-36.0609255],[144.9016072,-36.0636958],[144.8890284,-36.0637187],[144.8749116,-36.0577597],[144.863038,-36.0593023],[144.8611927,-36.0719407],[144.8574832,-36.0684038],[144.8606747,-36.0666559],[144.8563015,-36.0656377],[144.853803,-36.0698071],[144.8562852,-36.0738589],[144.8472357,-36.0729279],[144.8506163,-36.0814823],[144.8419435,-36.0830253],[144.8439162,-36.0923859],[144.8397448,-36.0945148],[144.8432083,-36.0959091],[144.8420361,-36.1004293],[144.8354026,-36.0985256],[144.8297761,-36.1029741],[144.823747,-36.1027336],[144.8200162,-36.1080091],[144.81084902288958,-36.10289743175429],[144.8164717,-36.1095329],[144.8065324,-36.1074683],[144.8072661,-36.1134303],[144.8134956,-36.1139233],[144.8087383,-36.1231833],[144.80833384691422,-36.123065333002984],[144.8080231,-36.1236157],[144.7964916,-36.1196113],[144.8005885,-36.1150843],[144.7986851,-36.1132093],[144.7920969,-36.1226272],[144.7853983,-36.1223107],[144.7873902,-36.1273327],[144.7775858,-36.1298933],[144.77753831389228,-36.129775511603164],[144.7772133,-36.1298561],[144.7720578,-36.1161812],[144.7568381,-36.1188205],[144.7541375,-36.1224304],[144.7474773,-36.1215683],[144.7405073244405,-36.10772416051326],[144.7312515,-36.1118707],[144.7347569,-36.1165508],[144.73398527123274,-36.116693246901775],[144.7341099,-36.1169131],[144.7265215,-36.1180711],[144.72529685900503,-36.11238989006979],[144.7204503,-36.114497],[144.71947879082464,-36.11374458497426],[144.7186481,-36.1139469],[144.71865987421393,-36.11311034993219],[144.7173264,-36.1120776],[144.71880899948798,-36.10251509840756],[144.7188285,-36.1011296],[144.71903497301196,-36.10105760958439],[144.719116,-36.100535],[144.72534769468763,-36.09869268487134],[144.7231459,-36.0942763],[144.72516054829384,-36.09065656790662],[144.72006705644586,-36.09056446689545],[144.7197256,-36.0906203],[144.7197178356502,-36.09055815225132],[144.7196154,-36.0905563],[144.7191365,-36.085905],[144.7077413,-36.0928129],[144.70747917365262,-36.09265133454531],[144.7069764,-36.0929423],[144.6987085,-36.0872454],[144.6977319,-36.0939166],[144.6928338,-36.0911551],[144.6877468,-36.096107],[144.68486090701097,-36.09524187994665],[144.6842358,-36.0955623],[144.68414664620738,-36.095027762047316],[144.6836931,-36.0948918],[144.6823128,-36.0840326],[144.692403,-36.0696429],[144.6878792,-36.0663536],[144.68879025318597,-36.06147918144298],[144.6787061,-36.062536],[144.678542,-36.0691751],[144.6739881,-36.0680418],[144.6699986,-36.0716747],[144.6679447,-36.0686277],[144.6646281,-36.0766171],[144.6578891,-36.0703833],[144.6546793,-36.0753596],[144.6529669,-36.0530302],[144.6469092,-36.0510037],[144.643819,-36.0566331],[144.6374914,-36.0475572],[144.6326141,-36.0481707],[144.6250776,-36.0520589],[144.6264228,-36.0618093],[144.6184334,-36.0597151],[144.6198584,-36.0631793],[144.6283409,-36.0653038],[144.6209048,-36.0710099],[144.6220476,-36.0762112],[144.6177132,-36.0771327],[144.6104822,-36.0712658],[144.6158365,-36.0664723],[144.6084576,-36.0638123],[144.6175936,-36.0468569],[144.613291,-36.0424888],[144.6189587,-36.0390881],[144.6156462,-36.0315682],[144.606031,-36.0364044],[144.6103179,-36.0394909],[144.6088639,-36.0417466],[144.60749568377943,-36.04196059273408],[144.6068394,-36.0425349],[144.60627951379666,-36.042150805023475],[144.6040347,-36.0425019],[144.59895042383727,-36.037764501576135],[144.5920661,-36.0433796],[144.5917818081394,-36.04292230487504],[144.5912566,-36.0433541],[144.5889447,-36.0383587],[144.5833708,-36.0390277],[144.5832240582958,-36.03835426012603],[144.5826312,-36.0383538],[144.5816600681606,-36.03117665969472],[144.5814086,-36.0300226],[144.5814973341168,-36.0299739753449],[144.5814724,-36.0297897],[144.5865783,-36.0271897],[144.5794653,-36.0210343],[144.5712612,-36.0240859],[144.5706326,-36.0171054],[144.564156,-36.0168271],[144.5630392,-36.0075416],[144.5577887,-36.0141137],[144.5537897,-36.0030487],[144.5474692,-36.0050329],[144.5475894,-36.0006293],[144.539047,-36.0010098],[144.5286016,-35.994091],[144.5160521,-35.9955327],[144.5158445570171,-35.995210163675424],[144.5156914,-35.9952236],[144.511901,-35.9890816],[144.5165549,-35.9862428],[144.5204834,-35.9701392],[144.5100833,-35.973952],[144.5132063,-35.965169],[144.5074769,-35.9710389],[144.5009622,-35.9706241],[144.5015231,-35.9580991],[144.4975461,-35.9684818],[144.493592,-35.9686417],[144.4873937,-35.9640861],[144.4887716,-35.9571291],[144.4811356,-35.9586681],[144.4823629,-35.9519542],[144.4878967,-35.949756],[144.4833354,-35.9493889],[144.4797396,-35.9534848],[144.4796893,-35.9454106],[144.4753775,-35.9479427],[144.4668312,-35.9463674],[144.4721283,-35.941129],[144.4639107,-35.9406961],[144.4662679,-35.9334553],[144.4616723,-35.9345452],[144.4599804,-35.9396424],[144.4578725,-35.9358519],[144.4460547,-35.9348133],[144.4453787,-35.9312989],[144.449478,-35.92867],[144.44017,-35.9321853],[144.4396792,-35.9247849],[144.4264887,-35.9186471],[144.423562,-35.9060105],[144.4204848,-35.9062603],[144.4207059,-35.9108841],[144.41656,-35.9101141],[144.4168682,-35.9058702],[144.4245152,-35.9001995],[144.419065,-35.9001908],[144.4147569,-35.9049022],[144.4079291,-35.9038792],[144.4085314,-35.8989504],[144.4167478,-35.8980668],[144.4145925,-35.894917],[144.4183213,-35.8932127],[144.4136045,-35.8924116],[144.4118377,-35.8861915],[144.4069387,-35.8840247],[144.4115824,-35.8812265],[144.4036075,-35.8807685],[144.4087148,-35.8752901],[144.4040085,-35.8742525],[144.411014,-35.8711831],[144.4018038,-35.8681052],[144.4081793,-35.8655126],[144.40549182505077,-35.8608148070444],[144.3986449,-35.8627229],[144.3971003,-35.8593397],[144.388961,-35.8586164],[144.3903103,-35.8506065],[144.3870886,-35.8551213],[144.3813285,-35.8523855],[144.3844952,-35.8463671],[144.3805509,-35.843366],[144.3843815,-35.8420096],[144.3756973,-35.8409939],[144.373086,-35.8373245],[144.381606,-35.8370108],[144.38171905271474,-35.83451587160119],[144.3721624,-35.8319558],[144.379241,-35.8293428],[144.3747831,-35.8251914],[144.3843223,-35.8196443],[144.375519,-35.820644],[144.3724152,-35.8166227],[144.3719619,-35.8230942],[144.3685441,-35.8247964],[144.3646994,-35.8197542],[144.3690438,-35.8131148],[144.3775478,-35.8142424],[144.3773421,-35.8110651],[144.3666792,-35.8112424],[144.372315,-35.8081657],[144.3757771,-35.8017885],[144.373038,-35.7979431],[144.3769594,-35.7931493],[144.3706637,-35.7904139],[144.3621816,-35.7956824],[144.3554439,-35.7884084],[144.3602623,-35.7847606],[144.3518653,-35.7858502],[144.3533258,-35.7760974],[144.3467598,-35.7746364],[144.3487458083123,-35.76707376793004],[144.3428503,-35.7715316],[144.341647,-35.7638984],[144.3362776,-35.7703745],[144.3311624,-35.7650947],[144.3241929,-35.7687114],[144.3186076,-35.7665734],[144.3225856,-35.7636117],[144.3216657,-35.7578956],[144.3278833,-35.7557045],[144.3278676,-35.7526793],[144.3176876,-35.7522102],[144.314436,-35.7570432],[144.3118347,-35.7494204],[144.3068132,-35.7572389],[144.2994286,-35.7517901],[144.2951225,-35.754339],[144.2946691,-35.7505139],[144.3013182,-35.7428354],[144.2959502,-35.7370279],[144.2854466,-35.7369558],[144.2778503,-35.7408164],[144.278127,-35.7449139],[144.2737243759232,-35.7486334906894],[144.2710411,-35.7537173],[144.26803767460413,-35.75343794387705],[144.267694,-35.7537283],[144.26737566234587,-35.75337636845784],[144.267147,-35.7533551],[144.2539992,-35.7385883],[144.2532073,-35.7298003],[144.2477275,-35.7296641],[144.2481014,-35.7210514],[144.2157974,-35.706453],[144.2157817,-35.7011001],[144.2196703,-35.6990271],[144.216131,-35.6966457],[144.2211412,-35.6930703],[144.2148421,-35.6920972],[144.2131624,-35.6865498],[144.1947657,-35.6856764],[144.1882724,-35.6804894],[144.1895978,-35.6766413],[144.1865352,-35.6750437],[144.1899537,-35.6738397],[144.1868441,-35.6703351],[144.1744207,-35.674544],[144.1625214,-35.6716164],[144.1584003,-35.6579382],[144.1513999,-35.6533598],[144.1569853,-35.6508057],[144.1494671,-35.6457603],[144.1524764,-35.6425134],[144.1425933,-35.6471359],[144.1372427,-35.6403333],[144.1314382,-35.6407724],[144.1311701,-35.633305],[144.1273985,-35.6343133],[144.1174548,-35.6260494],[144.1198043,-35.6208424],[144.1147796,-35.6197261],[144.1159563,-35.613155],[144.1109753,-35.6074497],[144.1136115,-35.6022861],[144.1032434,-35.5977687],[144.105143,-35.5908676],[144.0623943,-35.5767837],[144.0637004,-35.5700388],[144.0467506,-35.5629667],[144.0462178,-35.5524568],[144.0407848,-35.5555063],[144.0394302,-35.5493259],[144.0339075,-35.5558572],[144.0126857,-35.5540703],[144.0093931,-35.5580613],[144.0114361,-35.5631272],[143.9901195,-35.5547911],[143.99017870486153,-35.55472836663372],[143.9898571,-35.5546013],[143.999254,-35.5451122],[143.9956276,-35.5421896],[143.9965793,-35.535671],[143.9746569,-35.5325507],[143.969272,-35.5230879],[143.9709353,-35.5200123],[143.9624379,-35.5139749],[143.9646782,-35.508506],[143.9725294,-35.5095717],[143.9687399,-35.5055603],[143.9700977,-35.5000721],[143.9668821,-35.5028841],[143.9609979,-35.4989867],[143.9590324,-35.5044663],[143.9413127,-35.5017994],[143.9334483,-35.5066653],[143.9347665,-35.4992932],[143.9181393,-35.5008043],[143.9119841,-35.4948958],[143.9121379,-35.4995054],[143.9058193,-35.4999078],[143.9039448,-35.4950201],[143.9077292,-35.4941566],[143.8993894,-35.4953097],[143.8874932,-35.4852977],[143.8765801,-35.4861617],[143.8713769,-35.4778237],[143.869668,-35.4817889],[143.8638621,-35.4772297],[143.8588651,-35.480098],[143.8604196,-35.4745439],[143.8539225,-35.4689623],[143.8554316,-35.4618337],[143.8461208,-35.4633682],[143.8399777,-35.4577043],[143.8269027,-35.4550721],[143.8224483,-35.4460508],[143.8135705,-35.4466516],[143.8184554,-35.437807],[143.8000734,-35.4334663],[143.7899542,-35.4223221],[143.7628481,-35.4230628],[143.7661227,-35.4160863],[143.7602134,-35.4174851],[143.76013651119297,-35.4173190481696],[143.759791,-35.4173902],[143.75935165210507,-35.415624038281834],[143.7589499,-35.4147564],[143.75907997256982,-35.4145318969508],[143.7590596,-35.41445],[143.759170218428,-35.41437613413035],[143.7615439,-35.4102792],[143.76776867755706,-35.408634480838735],[143.7686031064986,-35.408077287787414],[143.7687549725278,-35.40366897295815],[143.76873049062718,-35.40178641866208],[143.7628886,-35.4005891],[143.7629270401337,-35.40038314132276],[143.7628153,-35.4003598],[143.76375406965465,-35.39258077974655],[143.7628866237281,-35.392581716684326],[143.7575695,-35.394591],[143.75463463893203,-35.3925906297428],[143.7517921,-35.3925937],[143.75158022341068,-35.390508772434885],[143.74580580781443,-35.386572991849704],[143.74528869539878,-35.386450250302396],[143.7395121,-35.393534],[143.7394041747367,-35.39354122025583],[143.7393988,-35.393548],[143.7320144,-35.3940356],[143.7267612,-35.3902509],[143.7094824,-35.392705],[143.7117609,-35.3847274],[143.7031755,-35.3892863],[143.702505,-35.3778197],[143.6930487,-35.3838503],[143.6928413,-35.3778663],[143.6894774,-35.3773911],[143.6889007,-35.3713331],[143.6846372,-35.3681597],[143.6828383,-35.3741217],[143.676476,-35.3705712],[143.667736,-35.3711812],[143.6641504,-35.3776699],[143.6681087,-35.38594],[143.657136,-35.3849967],[143.6556242,-35.3908843],[143.6523945,-35.3914308],[143.6538696,-35.3948761],[143.6461309,-35.3994377],[143.64440429693312,-35.39992917951455],[143.6423344,-35.4010342],[143.64179354772645,-35.400672332227124],[143.6404067,-35.4010671],[143.6393424290988,-35.39903236345527],[143.63460824030915,-35.395864862018385],[143.6312362,-35.3955093],[143.62978946237934,-35.39264076456582],[143.6293776,-35.3923652],[143.62955307453075,-35.392172063876636],[143.6293393,-35.3917482],[143.6346354,-35.3865782],[143.63300721141454,-35.38347955418933],[143.6299145,-35.3847634],[143.6265244,-35.3807841],[143.6246892,-35.3879013],[143.6196671,-35.3870848],[143.61964202454564,-35.38704414240229],[143.6196141,-35.3870394],[143.6133262,-35.3768036],[143.6160727,-35.368942],[143.6096943,-35.3700995],[143.6030108,-35.3654054],[143.5984041,-35.3520911],[143.5903373,-35.3503482],[143.5797983,-35.3396968],[143.5745405,-35.3406582],[143.5725402,-35.3373498],[143.5671918,-35.3436544],[143.5621719,-35.3375188],[143.56217691430507,-35.33738048549997],[143.5620894,-35.337271],[143.5628786,-35.3180252],[143.5674871,-35.3083496],[143.5727088,-35.3056517],[143.5690145,-35.3024453],[143.5778082,-35.3032883],[143.5770709,-35.2984123],[143.5822736,-35.2980827],[143.579594,-35.295613],[143.582236,-35.2873389],[143.5906924,-35.2815749],[143.5843418,-35.2790429],[143.5906669,-35.2738543],[143.5823325,-35.272822],[143.5835032,-35.2650674],[143.57420991095717,-35.26749290119932],[143.5735264,-35.2691885],[143.57217144626978,-35.26802493012053],[143.5716409,-35.2681634],[143.57174263540384,-35.26765668772489],[143.5710591,-35.2670697],[143.5739762,-35.256532],[143.5696457,-35.2461367],[143.5636035,-35.2434813],[143.56366074986667,-35.24341752247837],[143.5635731,-35.2433777],[143.5665977,-35.2401457],[143.5638075,-35.2366163],[143.5644161926664,-35.236406759096546],[143.5642186,-35.2360681],[143.5780612,-35.2317095],[143.575886,-35.2263364],[143.58099631821023,-35.219448013964076],[143.58041178884451,-35.216068836469894],[143.580006743867,-35.21419220451819],[143.57942455744032,-35.21373226388751],[143.5646299265164,-35.203133443574906],[143.56357824577776,-35.20248527309745],[143.54705361146736,-35.20607191471347],[143.5487408,-35.2136884],[143.5291572,-35.219828],[143.52909104621136,-35.219820015154625],[143.5289847,-35.2198532],[143.5238068,-35.2191822],[143.5183111,-35.2114672],[143.5050327,-35.2137834],[143.4943542,-35.2200321],[143.4715753,-35.2193842],[143.4661884,-35.2145888],[143.4647129,-35.2025527],[143.4590954,-35.2033267],[143.4493072,-35.1890293],[143.4337331,-35.1906923],[143.4312639,-35.1951816],[143.4260064,-35.1894108],[143.416909,-35.1949443],[143.4043568,-35.1937077],[143.4005492,-35.1898901],[143.3956412,-35.1930254],[143.3910208,-35.1890083],[143.3931182,-35.1855521],[143.3885932,-35.1863008],[143.3869669,-35.1830027],[143.3938725,-35.1779613],[143.3919836,-35.1726876],[143.3819534,-35.1729325],[143.3874905,-35.1622373],[143.3826582,-35.1628883],[143.3869552,-35.1594601],[143.3824084,-35.1558605],[143.389839,-35.1498992],[143.3906167,-35.1448003],[143.3737747,-35.1224983],[143.3617581,-35.1165135],[143.357716,-35.1047845],[143.3609773,-35.103114],[143.3527223,-35.0995062],[143.3534122,-35.102736],[143.3490061,-35.10038],[143.3481529,-35.105388],[143.3445708,-35.0962312],[143.3407297,-35.0954837],[143.3460685,-35.0935278],[143.3408373,-35.0883643],[143.3451077,-35.0870906],[143.3416274,-35.0849894],[143.3435359,-35.0823654],[143.3374156,-35.08029],[143.3430444,-35.078878],[143.3455939,-35.0739687],[143.3390677,-35.0677591],[143.3432374,-35.0647892],[143.3496226,-35.0698397],[143.3507613,-35.0645382],[143.341649,-35.0584296],[143.3416417,-35.0622229],[143.3380075,-35.0616833],[143.3372614,-35.0486441],[143.3343146,-35.0492463],[143.334437,-35.054338],[143.3302671,-35.0537032],[143.3365734,-35.0431783],[143.3287207,-35.0459108],[143.3295267,-35.0414984],[143.3242421,-35.0419079],[143.3277918,-35.0379672],[143.3218137,-35.0365483],[143.3281169,-35.0337905],[143.3307261,-35.0374598],[143.3358406,-35.0374096],[143.3316614,-35.0236743],[143.3381031,-35.0108677],[143.3296106,-34.9956399],[143.3185678,-34.9929327],[143.3180253,-34.9864047],[143.3238192,-34.9791752],[143.3173696,-34.9524613],[143.3225748,-34.9509608],[143.3196188,-34.9480686],[143.3217992,-34.9423956],[143.3331551,-34.9387206],[143.3373348,-34.9453889],[143.341205,-34.9407481],[143.3372794,-34.9405239],[143.3375142,-34.9371063],[143.3427802,-34.9327027],[143.3392157,-34.927943],[143.3421799,-34.9192837],[143.3403681,-34.9140033],[143.3329887,-34.9111723],[143.3297461,-34.9065889],[143.3326919,-34.9050163],[143.3257783,-34.8981163],[143.3284501,-34.8953308],[143.3211462,-34.8885577],[143.3279101,-34.8826241],[143.3339944,-34.8859568],[143.333006,-34.8887219],[143.3364608,-34.8795712],[143.3421459,-34.8813542],[143.3428761,-34.8759237],[143.3376434,-34.8757612],[143.3381858,-34.8705064],[143.3486421,-34.8647963],[143.3524942,-34.8584287],[143.3451436,-34.8531924],[143.3545966,-34.8457927],[143.3412696,-34.8461593],[143.351333,-34.8387823],[143.3541952,-34.8302447],[143.3515884,-34.8232708],[143.3596961,-34.8172031],[143.3472673,-34.8067599],[143.34729799218906,-34.80667824817762],[143.3471971,-34.8065926],[143.35033727856785,-34.794060387593035],[143.34912040205182,-34.79282437245128],[143.34739664376693,-34.79198115366416],[143.333633,-34.7934229],[143.3334371094591,-34.79311843276568],[143.3329842,-34.7932071],[143.3290874,-34.7863578],[143.3173973,-34.790714],[143.3129971,-34.787018],[143.313072,-34.781264],[143.3085734,-34.7800313],[143.2967389,-34.7854552],[143.2938164,-34.7907792],[143.2846943,-34.784923],[143.2862856,-34.7952779],[143.2767323,-34.7922607],[143.2732708,-34.7878973],[143.2757656,-34.7815506],[143.2634694,-34.7809421],[143.2659499,-34.7766671],[143.273169,-34.7767235],[143.2630429,-34.7736694],[143.2577144,-34.7786254],[143.2520268,-34.7724942],[143.2540894,-34.7666071],[143.2715332,-34.7594504],[143.2673477,-34.7547542],[143.2739074,-34.7526871],[143.2653523,-34.7486441],[143.2489067,-34.7578993],[143.2441533,-34.7548793],[143.2407249,-34.7454037],[143.2287713,-34.747789],[143.2289109,-34.7577511],[143.224389,-34.7587247],[143.2191054,-34.7526391],[143.2212667,-34.7428961],[143.2138411,-34.7380094],[143.2224619,-34.7325447],[143.2188442,-34.7294713],[143.2009091,-34.7334478],[143.1967622,-34.7208707],[143.1999979,-34.7172222],[143.1917476,-34.7127871],[143.1793003,-34.7173381],[143.1809551,-34.7094062],[143.1731938,-34.7197103],[143.1653567,-34.7181374],[143.1657979,-34.7019914],[143.161686,-34.6979169],[143.1479249,-34.7086554],[143.1471586,-34.7148362],[143.1349765,-34.7077435],[143.1335346,-34.7005661],[143.1180241,-34.7029923],[143.1180934,-34.6984469],[143.1276729,-34.6925112],[143.1071194,-34.701496],[143.1117756,-34.6869807],[143.121383,-34.6874948],[143.1125394,-34.6807466],[143.1064883,-34.6923271],[143.0925628,-34.7012786],[143.0762189,-34.6959586],[143.0718418,-34.6894069],[143.0706807,-34.6783387],[143.0669778,-34.6794732],[143.0648557,-34.6894181],[143.0548184,-34.6988562],[143.0469482,-34.6970863],[143.0436079,-34.6870043],[143.0403338,-34.6860605],[143.0375146,-34.6916811],[143.0443829,-34.6993021],[143.0394635,-34.7026119],[143.0294204,-34.691852],[143.0324984,-34.6829298],[143.0241917,-34.6829243],[143.021782,-34.6928629],[143.0101763,-34.6936591],[143.0079181,-34.6862588],[143.0167697,-34.6728577],[143.0006285,-34.6696637],[142.994656,-34.6739881],[142.98931,-34.6625807],[142.9858819,-34.6683617],[142.9751417,-34.6708897],[142.9822428,-34.6827061],[142.9771188,-34.6932301],[142.9725236,-34.6951717],[142.9676158,-34.6918436],[142.9627891,-34.675649],[142.9579274,-34.6710717],[142.9588618,-34.6648367],[142.9486831,-34.6696397],[142.94315,-34.6616207],[142.9350089,-34.660741],[142.9324212,-34.6554807],[142.9220823,-34.6564478],[142.9236765,-34.6479747],[142.9013434,-34.654924],[142.9005254,-34.662405],[142.8930847,-34.6656437],[142.8997981,-34.671785],[142.8911781,-34.671812],[142.8937897,-34.6788349],[142.8870298,-34.6800789],[142.8866237,-34.67224],[142.8757413,-34.6748786],[142.8715308,-34.6638047],[142.8641788,-34.6671103],[142.8603539,-34.6651103],[142.8716202,-34.6506504],[142.8630499,-34.6389956],[142.8598038,-34.639752],[142.8587577,-34.6450315],[142.8549652,-34.6395797],[142.8681733,-34.6273076],[142.8608012,-34.6278883],[142.8527148,-34.6191669],[142.847619,-34.6201179],[142.8454882,-34.6263358],[142.8410612,-34.6262141],[142.8382363,-34.6130459],[142.8249876,-34.6088644],[142.8231601,-34.6003065],[142.8185102,-34.603135],[142.8185042,-34.6123587],[142.8049927,-34.6084032],[142.8029393,-34.601672],[142.8093614,-34.5957691],[142.8101316,-34.5889837],[142.8025831,-34.589113],[142.7979772,-34.5977166],[142.7873527,-34.5899808],[142.7862464,-34.5838371],[142.8010753,-34.5793044],[142.7964205,-34.5720741],[142.8100964,-34.5608721],[142.8057385,-34.5541595],[142.7944173,-34.5514219],[142.7909767,-34.5464093],[142.7884336,-34.55791],[142.7818361,-34.5652113],[142.7699897,-34.5685146],[142.7830217,-34.5755595],[142.7834757,-34.5795085],[142.7584799,-34.5797876],[142.7482892,-34.5767608],[142.7468954,-34.5877808],[142.7634036,-34.590438],[142.7635147,-34.5967389],[142.7591701,-34.6001367],[142.7384576,-34.6018194],[142.7237107,-34.5923309],[142.7146707,-34.6004962],[142.7002928,-34.5989818],[142.7040582,-34.6135883],[142.6894292,-34.6180473],[142.7075426,-34.6188175],[142.7089321,-34.6227324],[142.7008229,-34.6244456],[142.6950933,-34.6357799],[142.697375,-34.6411284],[142.6892922,-34.6523437],[142.6954326,-34.6599283],[142.7090348,-34.6624718],[142.7109016,-34.6758431],[142.7058184,-34.6796961],[142.6842246,-34.6710192],[142.6805733,-34.6728858],[142.6789506,-34.6808524],[142.6820784,-34.6904534],[142.6911736,-34.7014361],[142.6847281,-34.7142981],[142.699674,-34.7240821],[142.6907057,-34.7268612],[142.6784863,-34.7224556],[142.6765237,-34.7288491],[142.6867914,-34.7341743],[142.678596,-34.7393386],[142.6673311,-34.7359022],[142.6617753,-34.7219273],[142.6373129,-34.7350706],[142.6234567,-34.7276869],[142.6179401,-34.729214],[142.6163168,-34.736668],[142.6209832,-34.757686],[142.6265891,-34.7606612],[142.6392818,-34.757429],[142.6464405,-34.7632387],[142.6446316,-34.7752241],[142.6395558,-34.7802845],[142.6308353,-34.784755],[142.6170305,-34.785846],[142.5945935,-34.7725558],[142.5754605,-34.7716013],[142.5672586,-34.7672055],[142.556888,-34.7758273],[142.5501529,-34.7691675],[142.5504735,-34.7630106],[142.5383747,-34.763102],[142.5335515,-34.7533576],[142.5286838,-34.7596298],[142.5241561,-34.7597906],[142.507882,-34.7497715],[142.5123404,-34.7418482],[142.4994571,-34.7387308],[142.5027416,-34.7314757],[142.5127311,-34.7235613],[142.5095447,-34.7139865],[142.519399,-34.7029341],[142.5127826,-34.70028],[142.5042994,-34.7042766],[142.499596,-34.7029315],[142.4998904,-34.6989727],[142.5102075,-34.6966627],[142.5132117,-34.6926363],[142.5080285,-34.6822508],[142.4994679,-34.6818582],[142.4974227,-34.6746738],[142.5007698,-34.6687708],[142.5163695,-34.6631728],[142.5062095,-34.6565347],[142.499585,-34.664852],[142.486949,-34.6634428],[142.4875561,-34.6668749],[142.4960547,-34.667618],[142.4939022,-34.6717804],[142.4755826,-34.6726203],[142.4713758,-34.6657768],[142.4717568,-34.6514695],[142.4839071,-34.6367031],[142.4808614,-34.6351921],[142.4710738,-34.6401373],[142.4650082,-34.6340403],[142.4565376,-34.6363208],[142.4522722,-34.6334061],[142.4639147,-34.6271209],[142.4583397,-34.6178227],[142.4684191,-34.6126545],[142.4615197,-34.606044],[142.4693938,-34.6014949],[142.4719104,-34.5925527],[142.4583605,-34.5875767],[142.4728335,-34.5767402],[142.4683879,-34.5647373],[142.454785,-34.5575922],[142.448952,-34.5593572],[142.451605,-34.5727972],[142.4587429,-34.581239],[142.4516193,-34.5842662],[142.4447997,-34.575327],[142.4301892,-34.5747238],[142.4258165,-34.5621483],[142.4082108,-34.5684182],[142.406501,-34.5628966],[142.4106893,-34.5534749],[142.4052955,-34.5412743],[142.3992756,-34.5471444],[142.3905398,-34.5490716],[142.3768497,-34.5411832],[142.3780887,-34.5319519],[142.3722942,-34.5349433],[142.3677737,-34.5304501],[142.3699086,-34.526545],[142.4003089,-34.5221884],[142.3936164,-34.5161377],[142.3806947,-34.5194526],[142.3750798,-34.515281],[142.3873831,-34.4984101],[142.3942446,-34.4948016],[142.3930562,-34.4926817],[142.3758391,-34.4922361],[142.3699514,-34.503778],[142.3598006,-34.4991746],[142.3589729,-34.4931701],[142.3631936,-34.4855808],[142.3746836,-34.4768026],[142.3836782,-34.4773507],[142.3792856,-34.4672652],[142.3723327,-34.4716972],[142.3643982,-34.4693283],[142.3563374,-34.4722968],[142.3533319,-34.4695819],[142.3645096,-34.4488883],[142.3608295,-34.4400649],[142.3678654,-34.4356068],[142.3599357,-34.4315363],[142.3645642,-34.4232653],[142.3516806,-34.4218733],[142.3600082,-34.4120676],[142.351913,-34.4069034],[142.3562299,-34.4006651],[142.3508116,-34.3965253],[142.364375,-34.3853097],[142.3730745,-34.3879808],[142.3682379,-34.3706078],[142.3781626,-34.3642336],[142.3659633,-34.365056],[142.3634176,-34.3623561],[142.371756,-34.3577893],[142.3850053,-34.3639172],[142.3899563,-34.3627657],[142.3917815,-34.360291],[142.3865391,-34.3553207],[142.384456,-34.3469148],[142.3883005,-34.3430549],[142.397156,-34.3440797],[142.396578,-34.3375723],[142.3796188,-34.3308984],[142.3732329,-34.3315229],[142.3677462,-34.32691],[142.347157,-34.3372176],[142.3309226,-34.3393789],[142.3219612,-34.3371143],[142.316255,-34.3301222],[142.3013239,-34.3291032],[142.2943847,-34.3234527],[142.2841323,-34.3267738],[142.2799974,-34.319385],[142.2840233,-34.3107618],[142.288746,-34.3060686],[142.2989647,-34.3057567],[142.2861591,-34.2965832],[142.2736711,-34.3040233],[142.2673312,-34.2952866],[142.2537297,-34.3060808],[142.2363942,-34.3073853],[142.2321162,-34.2974141],[142.2483131,-34.287283],[142.244781,-34.2773941],[142.2495859,-34.2667497],[142.2432505,-34.2589881],[142.2321379,-34.2556383],[142.2346764,-34.2496645],[142.2435408,-34.2461053],[142.2440303,-34.2324592],[142.2353334,-34.2237493],[142.24378,-34.2165197],[142.2441801,-34.2115436],[142.2366378,-34.2037922],[142.2294681,-34.2080567],[142.2277174,-34.1891925],[142.2188042,-34.1809728],[142.1985814,-34.183498],[142.1839001,-34.1757026],[142.1783096,-34.183745],[142.1661477,-34.1829247],[142.163405,-34.1763984],[142.1666612,-34.171881],[142.1592586,-34.1711801],[142.166671,-34.15409],[142.1487048,-34.1487577],[142.1380018,-34.1601342],[142.1201133,-34.1568929],[142.1196126,-34.1749112],[142.1054133,-34.1775274],[142.0930608,-34.1719166],[142.0827717,-34.1735466],[142.0775396,-34.1573467],[142.065347,-34.150612],[142.0666028,-34.1446928],[142.0771779,-34.1387129],[142.0756389,-34.1314197],[142.0625997,-34.125867],[142.0500787,-34.1254387],[142.0370152,-34.1297969],[142.0295806,-34.1261397],[142.0286999,-34.1187687],[142.0425152,-34.1051207],[142.0375817,-34.0995443],[142.0266643,-34.1067472],[142.0131331,-34.1056979],[142.0166242,-34.116991],[142.0248271,-34.1218563],[142.0222467,-34.1252317],[142.0128923,-34.1253576],[141.9984728,-34.1185507],[141.993008,-34.1213002],[141.9848972,-34.1129423],[141.9776517,-34.1127033],[141.9697428,-34.1198992],[141.9704376,-34.1361081],[141.9623788,-34.136],[141.9450046,-34.1194783],[141.9397547,-34.1222606],[141.9387686,-34.1350111],[141.9340536,-34.1382569],[141.9256301,-34.1346057],[141.9297854,-34.1257899],[141.9225932,-34.114572],[141.9133216,-34.1155429],[141.9033165,-34.1112638],[141.8847448,-34.1149863],[141.8887907,-34.1244163],[141.8764261,-34.1373819],[141.8677643,-34.1286518],[141.8532584,-34.1312343],[141.8514791,-34.1244897],[141.841384,-34.132452],[141.7865251,-34.1117271],[141.7768871,-34.1168786],[141.7746802,-34.1138527],[141.7778981,-34.1017748],[141.7569484,-34.1120973],[141.7526241,-34.1062437],[141.7618383,-34.0975377],[141.7463431,-34.1034051],[141.7314593,-34.0909587],[141.7254689,-34.0940237],[141.7298718,-34.1055781],[141.7190112,-34.114895],[141.7127767,-34.112289],[141.7082852,-34.0963523],[141.688571,-34.1023176],[141.67745,-34.1012245],[141.6546719,-34.1166889],[141.6326528,-34.1214849],[141.6300566,-34.129696],[141.6321192,-34.1401382],[141.6279826,-34.1454167],[141.6213103,-34.1451804],[141.611818,-34.1390234],[141.6209606,-34.1492858],[141.6185382,-34.1562872],[141.6125426,-34.1567773],[141.6045799,-34.1491146],[141.5953016,-34.1548058],[141.5839026,-34.1519652],[141.5878135,-34.1575651],[141.5993353,-34.156085],[141.6029591,-34.1622536],[141.6025604,-34.1687939],[141.5893833,-34.1773536],[141.5928331,-34.1819275],[141.6049477,-34.1839334],[141.603285,-34.1912283],[141.5958327,-34.1917882],[141.5893157,-34.1871],[141.5881134,-34.1959918],[141.5839216,-34.1988165],[141.5604685,-34.1908993],[141.5564951,-34.1972936],[141.5477371,-34.2008415],[141.533546,-34.1914344],[141.53094581348796,-34.19579485940446],[141.5364314,-34.2049312],[141.5345852,-34.2098995],[141.53416547290794,-34.210017184695914],[141.533863,-34.2106961],[141.51794454920946,-34.21456526965148],[141.5109715,-34.2165204],[141.5107970144026,-34.21630256338197],[141.5100703,-34.2164792],[141.5061476,-34.210498],[141.5171973,-34.2067996],[141.5185758,-34.2031591],[141.5067724,-34.1901334],[141.5187431,-34.1809099],[141.5108458,-34.1777053],[141.49553277188974,-34.15543535493125],[141.4873741,-34.1548671],[141.4828007,-34.1634255],[141.4711906,-34.1592051],[141.4659321,-34.165754],[141.4645299695729,-34.16533617206689],[141.4639798,-34.1658426],[141.4536204809479,-34.16208519840893],[141.4505913945016,-34.16118254562812],[141.4488205,-34.1674682],[141.4445382,-34.1680163],[141.4328008,-34.1599414],[141.4339003,-34.1459047],[141.417155,-34.1507787],[141.4074036,-34.146401],[141.4103179,-34.1321869],[141.4082474,-34.1278563],[141.3881175,-34.1347304],[141.3815865,-34.1221425],[141.370893,-34.1197135],[141.37177,-34.1264116],[141.3687576,-34.1271148],[141.3589719,-34.110723],[141.3485042,-34.1123118],[141.3464067,-34.1243487],[141.3329408,-34.1306536],[141.3301463,-34.1370643],[141.3249354,-34.1387832],[141.3257009,-34.1264889],[141.3135284,-34.1248605],[141.3174502,-34.1124136],[141.3007896,-34.1137181],[141.2985432,-34.1069598],[141.2837005,-34.1038742],[141.2686912,-34.0921297],[141.2595642,-34.0781339],[141.2520875,-34.0788982],[141.247443,-34.0880799],[141.2425417,-34.0873412],[141.2416903,-34.0819768],[141.24733,-34.073156],[141.2422430645753,-34.06210783630558],[141.2372518,-34.0640968],[141.2364391,-34.070543],[141.23593468022847,-34.07073934760161],[141.2358803,-34.0710136],[141.2283372,-34.0736967],[141.2223109,-34.0689245],[141.2220234,-34.0622908],[141.2154732,-34.0653946],[141.2109119,-34.0612086],[141.205906,-34.0617222],[141.1998304,-34.0721309],[141.18748377447758,-34.07944418536532],[141.1876663251201,-34.07965852966704],[141.1936478,-34.0841988],[141.1936550859378,-34.08669031404251],[141.1944358,-34.087607],[141.19365897595463,-34.08802055208196],[141.1936636,-34.0896018],[141.1876369621338,-34.091226447120896],[141.1862288,-34.0919761],[141.18571344159028,-34.09174498534775],[141.1849496,-34.0919509],[141.1786113,-34.08856],[141.1735998,-34.0734376],[141.1658532,-34.0832118],[141.1536684,-34.0821184],[141.1531784,-34.0689155],[141.1439047,-34.0677481],[141.1536815,-34.064006],[141.1511892,-34.0601696],[141.1530659,-34.0545341],[141.1446849,-34.0565206],[141.1429712,-34.0635343],[141.1377997,-34.0617993],[141.1373382,-34.0576606],[141.1203356,-34.0648664],[141.1069146,-34.0610547],[141.1010515,-34.0512023],[141.0942356,-34.0506575],[141.0872533,-34.0571738],[141.0956097,-34.0609005],[141.0973016,-34.0711682],[141.0888675,-34.0765978],[141.0828672,-34.0708264],[141.0853041,-34.0625778],[141.0719473,-34.0629111],[141.065644,-34.0499374],[141.0491566,-34.0611371],[141.0424595,-34.0611029],[141.0394427,-34.0514086],[141.0434363,-34.0427043],[141.03468126187408,-34.036001882149655],[141.0310746,-34.0413007],[141.0323194,-34.0471165],[141.0234178,-34.0516594],[141.0271399,-34.0590786],[141.0232576,-34.0597007],[141.0204106348878,-34.05753408534244],[141.0194426,-34.0573119],[141.01930474712276,-34.05669247592785],[141.0184236,-34.0560219],[141.01703116799922,-34.047378694458146],[141.01559250396247,-34.04651570499909],[141.0018957,-34.0392874],[141.0020688056306,-34.03840345028942],[141.0017033,-34.0381842],[141.0043248,-34.0268834],[141.01217649117382,-34.02469216174765],[141.0027817,-34.0224443],[141.00278071227092,-34.02103046402767],[141.00278025380078,-34.02103028957048],[141.0027803,-34.0211396],[140.99659069006742,-34.0213617412049],[140.9954780317433,-34.02233551615666],[140.99391828312736,-34.028349565856075],[140.9937077,-34.0305862],[140.99333132316343,-34.03061275516648],[140.9931937,-34.0311434],[140.99129817037016,-34.03075620371501],[140.9887215,-34.030938],[140.9883004354403,-34.030143862019074],[140.9877112,-34.0300235],[140.9873603490724,-34.02837083630864],[140.9804908,-34.0154147],[140.9864649,-34.0101055],[140.9754274,-34.0093909],[140.9812224,-34.001187],[140.9697772,-33.9956886],[140.9699859,-33.9828948],[140.9638208,-33.9807974],[140.9668149,-35.6567771],[140.9619017,-35.7997885]]],[[[144.38270093344735,-35.834778901456346],[144.3852278,-35.837837],[144.3866127,-35.8358268],[144.38270093344735,-35.834778901456346]]]]}},{"type":"Feature","id":"tasmania","properties":{"name":"Tasmania","slug":"tasmania","parent_iso_a3":"AUS","source_name":"OpenStreetMap via Nominatim","source_url":"https://nominatim.openstreetmap.org/","source_license":"ODbL 1.0","source_queries":"Tasmania, Australia => Tasmania, Australia"},"geometry":{"type":"Polygon","coordinates":[[[144.605805,-40.996515],[144.656505,-41.048761],[144.675304,-41.080743],[144.667247,-41.120701],[144.684744,-41.138849],[144.691254,-41.168064],[144.689464,-41.199151],[144.681651,-41.223077],[144.700369,-41.242446],[144.767345,-41.335545],[144.781098,-41.365167],[144.781912,-41.391534],[144.756602,-41.400567],[144.753917,-41.411065],[144.749848,-41.414239],[144.776703,-41.438653],[144.794444,-41.446466],[144.810802,-41.476332],[144.866466,-41.54461],[144.914317,-41.6513],[144.912446,-41.679295],[144.920177,-41.702895],[144.926036,-41.70908],[144.948253,-41.709731],[144.959727,-41.714044],[144.972504,-41.73268],[144.992035,-41.746759],[145.030528,-41.805922],[145.055919,-41.823175],[145.060395,-41.849542],[145.154552,-41.915785],[145.206554,-41.966567],[145.251475,-42.041436],[145.266368,-42.123468],[145.229015,-42.195733],[145.27003,-42.223728],[145.283376,-42.215916],[145.276622,-42.194106],[145.276866,-42.182061],[145.281505,-42.177016],[145.297862,-42.16839],[145.30421,-42.15545],[145.323741,-42.142755],[145.333263,-42.141778],[145.345714,-42.147231],[145.341319,-42.163832],[145.346039,-42.182224],[145.359386,-42.209405],[145.366222,-42.2374],[145.389659,-42.249933],[145.40561,-42.270766],[145.463145,-42.327244],[145.48227,-42.339776],[145.48878,-42.335545],[145.492686,-42.318943],[145.503429,-42.319268],[145.512706,-42.325779],[145.51352,-42.340509],[145.51824,-42.350681],[145.516612,-42.358657],[145.520518,-42.360121],[145.5324,-42.35589],[145.533539,-42.349298],[145.558116,-42.341567],[145.52711,-42.394138],[145.519786,-42.426935],[145.509451,-42.428481],[145.48227,-42.41546],[145.48227,-42.487481],[145.479259,-42.509698],[145.472016,-42.512791],[145.463145,-42.502537],[145.450531,-42.466485],[145.443126,-42.430597],[145.440278,-42.39129],[145.434825,-42.379327],[145.358572,-42.330173],[145.330821,-42.323012],[145.31837,-42.299412],[145.303966,-42.283298],[145.254161,-42.271905],[145.241059,-42.264581],[145.230479,-42.235447],[145.217621,-42.21852],[145.201996,-42.203383],[145.188731,-42.195733],[145.189626,-42.212823],[145.202403,-42.247491],[145.202403,-42.305597],[145.208263,-42.337172],[145.218435,-42.370375],[145.243419,-42.429132],[145.234386,-42.464532],[145.247244,-42.504327],[145.271739,-42.538995],[145.297862,-42.558852],[145.264171,-42.59531],[145.265473,-42.604262],[145.2942,-42.607192],[145.305919,-42.611586],[145.324555,-42.648207],[145.349132,-42.648207],[145.352712,-42.650811],[145.370616,-42.704278],[145.386485,-42.714451],[145.384288,-42.72503],[145.364757,-42.751072],[145.366222,-42.757501],[145.387055,-42.76686],[145.398936,-42.778009],[145.409679,-42.795587],[145.429942,-42.846287],[145.472423,-42.915134],[145.510265,-42.958429],[145.519786,-42.962335],[145.582286,-42.963556],[145.597504,-42.971856],[145.6338,-43.024998],[145.654796,-43.038995],[145.688243,-43.049737],[145.68572,-43.057875],[145.674653,-43.069431],[145.670665,-43.091485],[145.674083,-43.099298],[145.698904,-43.108494],[145.729991,-43.10003],[145.726817,-43.114679],[145.728038,-43.130548],[145.73463,-43.143324],[145.752289,-43.152032],[145.757172,-43.175877],[145.763927,-43.182387],[145.802745,-43.208103],[145.805675,-43.213311],[145.805675,-43.244073],[145.831798,-43.292576],[145.844249,-43.300551],[145.860037,-43.30462],[145.897227,-43.306085],[145.914073,-43.300714],[145.925792,-43.289158],[145.928559,-43.277439],[145.917735,-43.272068],[145.881358,-43.2763],[145.869314,-43.273045],[145.873302,-43.258396],[145.878673,-43.254327],[145.915701,-43.246759],[145.917735,-43.238539],[145.913259,-43.200942],[145.917166,-43.195896],[145.96339,-43.226983],[145.967296,-43.268243],[145.975352,-43.283949],[146.004893,-43.311782],[146.025401,-43.324884],[146.04363,-43.325942],[146.053477,-43.292739],[146.059093,-43.285089],[146.067638,-43.281915],[146.079356,-43.28574],[146.085623,-43.319757],[146.111013,-43.336033],[146.129893,-43.325616],[146.15797,-43.281671],[146.168224,-43.277602],[146.179454,-43.283461],[146.195486,-43.299412],[146.229503,-43.319757],[146.237966,-43.35947],[146.237804,-43.384373],[146.230235,-43.395603],[146.222179,-43.39186],[146.206716,-43.374444],[146.180186,-43.364841],[146.175466,-43.368422],[146.182384,-43.381931],[146.161388,-43.374444],[146.159516,-43.385186],[146.165863,-43.404229],[146.161388,-43.415948],[146.142263,-43.400649],[146.113048,-43.364353],[146.085623,-43.353936],[145.993907,-43.344985],[145.975759,-43.347752],[145.998057,-43.37127],[146.003673,-43.381931],[145.943207,-43.364841],[145.934825,-43.378106],[145.943858,-43.386407],[146.000255,-43.419366],[146.023936,-43.451837],[146.030772,-43.48268],[146.024181,-43.552504],[146.079356,-43.539483],[146.099376,-43.547784],[146.1067,-43.546319],[146.1067,-43.518487],[146.149913,-43.505629],[146.161388,-43.504815],[146.171641,-43.51214],[146.18922,-43.539483],[146.200694,-43.531996],[146.203868,-43.50449],[146.209158,-43.491795],[146.221853,-43.485447],[146.238129,-43.484552],[146.263845,-43.491795],[146.271495,-43.503025],[146.278982,-43.525649],[146.291677,-43.531996],[146.305512,-43.53045],[146.339366,-43.504815],[146.358653,-43.520278],[146.37794,-43.528497],[146.489106,-43.537205],[146.51352,-43.533949],[146.538097,-43.518487],[146.558442,-43.52516],[146.550141,-43.504164],[146.548188,-43.481866],[146.554698,-43.469415],[146.572113,-43.478123],[146.582042,-43.494724],[146.591156,-43.53574],[146.600108,-43.552504],[146.608409,-43.558852],[146.675141,-43.587335],[146.692882,-43.608575],[146.70045,-43.62363],[146.710704,-43.629002],[146.781505,-43.608494],[146.803233,-43.610447],[146.826182,-43.621515],[146.832042,-43.629815],[146.831554,-43.639907],[146.846528,-43.64129],[146.927013,-43.611749],[146.942231,-43.598321],[146.942149,-43.58115],[146.926036,-43.570571],[146.906098,-43.566827],[146.894054,-43.557875],[146.901703,-43.531996],[146.926036,-43.538344],[146.939952,-43.537286],[146.949555,-43.531996],[146.955333,-43.517836],[146.936046,-43.495212],[146.94337,-43.476658],[146.962413,-43.472426],[147.017833,-43.478123],[147.00115,-43.455662],[146.941905,-43.44378],[146.921641,-43.42962],[146.981212,-43.42962],[146.997325,-43.422784],[147.031505,-43.374444],[147.055349,-43.356215],[147.055186,-43.348891],[147.038341,-43.340265],[147.021332,-43.337172],[146.962657,-43.340265],[146.975922,-43.32586],[146.996755,-43.316583],[147.019379,-43.312188],[147.038341,-43.312921],[147.052989,-43.326104],[147.065115,-43.326593],[147.083832,-43.315606],[147.099783,-43.299412],[147.095958,-43.28281],[147.081309,-43.267185],[147.062266,-43.253676],[146.979991,-43.209893],[146.966482,-43.198989],[146.962657,-43.174412],[146.965587,-43.147719],[146.972911,-43.131117],[147.003184,-43.109959],[147.017833,-43.1124],[147.024099,-43.137953],[147.024099,-43.179295],[147.052013,-43.19964],[147.060557,-43.201593],[147.079112,-43.191827],[147.09783,-43.1749],[147.106619,-43.154718],[147.112804,-43.178806],[147.118988,-43.189142],[147.118012,-43.196954],[147.092133,-43.231866],[147.103038,-43.238702],[147.144542,-43.237888],[147.158702,-43.240981],[147.15447,-43.264581],[147.163829,-43.270115],[147.208669,-43.286716],[147.230235,-43.28045],[147.249278,-43.268162],[147.257579,-43.254327],[147.256602,-43.197198],[147.244884,-43.144627],[147.247732,-43.129164],[147.257579,-43.114353],[147.293712,-43.092462],[147.30128,-43.083103],[147.292247,-43.066013],[147.26295,-43.044203],[147.254405,-43.027276],[147.271739,-43.011326],[147.323741,-43.046319],[147.333181,-43.042657],[147.330821,-42.978611],[147.340017,-42.95672],[147.360199,-42.925226],[147.359141,-42.910821],[147.336599,-42.88242],[147.319591,-42.846856],[147.304373,-42.829197],[147.26002,-42.790134],[147.283702,-42.778497],[147.2942,-42.778578],[147.353689,-42.861098],[147.374278,-42.872003],[147.394379,-42.877699],[147.409679,-42.888116],[147.422211,-42.926935],[147.477306,-42.908868],[147.466075,-42.945896],[147.466482,-42.963556],[147.480317,-42.970961],[147.483735,-42.978448],[147.479666,-42.994806],[147.469005,-43.011326],[147.453298,-43.018731],[147.430512,-42.993585],[147.416677,-42.984552],[147.40211,-42.998224],[147.403494,-43.010431],[147.413341,-43.025323],[147.436209,-43.046075],[147.454356,-43.038263],[147.511404,-43.024998],[147.529307,-43.014907],[147.559093,-42.977227],[147.519298,-42.918552],[147.50294,-42.882094],[147.503917,-42.854262],[147.533539,-42.836602],[147.585623,-42.821222],[147.595714,-42.821466],[147.606944,-42.826349],[147.614513,-42.835219],[147.621267,-42.861098],[147.655284,-42.867364],[147.676524,-42.889825],[147.689464,-42.895278],[147.730479,-42.888442],[147.765147,-42.902032],[147.826915,-42.893976],[147.840343,-42.902032],[147.838878,-42.916599],[147.831554,-42.931899],[147.833832,-42.944513],[147.860688,-42.950453],[147.860688,-42.95672],[147.843516,-42.964044],[147.833507,-42.963556],[147.845063,-42.988702],[147.85906,-43.007501],[147.879242,-43.017999],[147.90919,-43.018731],[147.887055,-43.034438],[147.860688,-43.046075],[147.840343,-43.046075],[147.816417,-43.052911],[147.785818,-43.048598],[147.763031,-43.03753],[147.716807,-43.005141],[147.730805,-42.976821],[147.730479,-42.946873],[147.725841,-42.940525],[147.71518,-42.937433],[147.692556,-42.936212],[147.678233,-42.939223],[147.677013,-42.946873],[147.686046,-42.976739],[147.682628,-42.984552],[147.633556,-43.001153],[147.624278,-43.008233],[147.620616,-43.023126],[147.627208,-43.042739],[147.647797,-43.072849],[147.664561,-43.081801],[147.747895,-43.105727],[147.733897,-43.118259],[147.695567,-43.13421],[147.700206,-43.162774],[147.771983,-43.216892],[147.792491,-43.244073],[147.809744,-43.231215],[147.821462,-43.214288],[147.837576,-43.201918],[147.867524,-43.203058],[147.857432,-43.188246],[147.85377,-43.172296],[147.856781,-43.156183],[147.867524,-43.141697],[147.882823,-43.131524],[147.88795,-43.137953],[147.894867,-43.169041],[147.904552,-43.180271],[147.964041,-43.222426],[147.978038,-43.228204],[147.998546,-43.230401],[147.995779,-43.219985],[147.977387,-43.203058],[147.979991,-43.191583],[147.998546,-43.175877],[148.003429,-43.158136],[147.999522,-43.147882],[147.986339,-43.142999],[147.963878,-43.141697],[147.976329,-43.125258],[147.977387,-43.106866],[147.973155,-43.098077],[147.949555,-43.072849],[147.96518,-43.060317],[147.963878,-43.010512],[147.973969,-42.987726],[148.000662,-42.977472],[148.009776,-42.969903],[148.011567,-42.950453],[147.991059,-42.936212],[147.992198,-42.927423],[148.004731,-42.908868],[147.999766,-42.900649],[147.98699,-42.893243],[147.980724,-42.871189],[147.967296,-42.867364],[147.946462,-42.874282],[147.939301,-42.872328],[147.936534,-42.85768],[147.920746,-42.838311],[147.893077,-42.850193],[147.881602,-42.871677],[147.915294,-42.880955],[147.915294,-42.888442],[147.899099,-42.893243],[147.858409,-42.888442],[147.847179,-42.880955],[147.844574,-42.866143],[147.867524,-42.826349],[147.879893,-42.830987],[147.888682,-42.819513],[147.88087,-42.804946],[147.881114,-42.781915],[147.889334,-42.760675],[147.939952,-42.735528],[147.953136,-42.719985],[147.949555,-42.702813],[147.957367,-42.678969],[147.957042,-42.651625],[147.94337,-42.634535],[147.94337,-42.610447],[147.93686,-42.590916],[147.888682,-42.545099],[147.910655,-42.537856],[147.915782,-42.529718],[147.915294,-42.517267],[147.927908,-42.524998],[147.942882,-42.547784],[147.953298,-42.552667],[147.965668,-42.548272],[147.980968,-42.528985],[147.994884,-42.524672],[148.006033,-42.514093],[148.011078,-42.489435],[148.011567,-42.443455],[148.003184,-42.395685],[148.005219,-42.366876],[148.030447,-42.347263],[148.030935,-42.332289],[148.022472,-42.317804],[148.004731,-42.312433],[147.993826,-42.317315],[147.975841,-42.335545],[147.963878,-42.339776],[147.983409,-42.319024],[148.012218,-42.277927],[148.018077,-42.264337],[148.014903,-42.258396],[148.03061,-42.254978],[148.03891,-42.223728],[148.074474,-42.197361],[148.079845,-42.185805],[148.078949,-42.138767],[148.08253,-42.115655],[148.092947,-42.100193],[148.119395,-42.091404],[148.217052,-42.093357],[148.15504,-42.079685],[148.131358,-42.061944],[148.130138,-42.055434],[148.15504,-42.045587],[148.146739,-42.012628],[148.146983,-41.999282],[148.162446,-41.99033],[148.175548,-41.993585],[148.18629,-42.001235],[148.193696,-42.000909],[148.196544,-41.979669],[148.182872,-41.959568],[148.181,-41.947361],[148.1963,-41.941827],[148.202403,-41.948419],[148.211192,-41.976983],[148.242442,-41.990899],[148.24171,-42.00742],[148.231944,-42.023696],[148.22047,-42.031183],[148.189708,-42.041274],[148.162446,-42.059177],[148.226573,-42.075291],[148.244314,-42.08587],[148.27475,-42.113214],[148.292735,-42.119561],[148.320079,-42.119399],[148.313975,-42.134698],[148.272309,-42.15545],[148.293224,-42.169692],[148.306407,-42.185805],[148.303233,-42.197524],[148.285899,-42.219903],[148.281016,-42.225681],[148.260509,-42.23561],[148.257986,-42.244236],[148.264659,-42.250258],[148.299001,-42.258396],[148.311046,-42.273045],[148.321788,-42.278009],[148.331065,-42.262628],[148.354177,-42.240818],[148.364268,-42.20436],[148.360688,-42.184503],[148.315929,-42.17018],[148.319347,-42.156834],[148.34669,-42.127537],[148.363943,-42.115655],[148.36378,-42.110284],[148.299327,-42.050551],[148.300304,-42.00156],[148.313487,-41.948663],[148.326915,-41.915785],[148.318696,-41.911228],[148.312673,-41.894708],[148.289073,-41.872328],[148.260997,-41.800388],[148.274425,-41.779962],[148.306407,-41.750665],[148.286143,-41.689386],[148.289073,-41.671563],[148.302013,-41.65252],[148.311046,-41.629815],[148.314952,-41.606541],[148.312673,-41.586196],[148.307953,-41.575128],[148.281261,-41.53631],[148.285899,-41.507094],[148.27947,-41.450372],[148.331065,-41.322524],[148.354177,-41.291436],[148.333263,-41.292169],[148.257986,-41.346612],[148.254161,-41.325942],[148.271983,-41.308282],[148.316417,-41.281427],[148.321544,-41.268487],[148.316254,-41.255304],[148.281993,-41.221938],[148.272309,-41.202569],[148.268891,-41.151625],[148.27475,-41.124933],[148.289073,-41.113214],[148.306407,-41.065525],[148.294444,-41.05169],[148.272309,-41.045017],[148.292654,-41.024509],[148.308849,-41.014825],[148.323497,-41.010837],[148.331391,-41.002211],[148.314626,-40.961602],[148.287364,-40.923028],[148.209321,-40.840753],[148.198985,-40.837009],[148.165538,-40.838962],[148.143809,-40.834893],[148.131114,-40.824802],[148.114024,-40.797296],[148.080903,-40.767755],[148.069347,-40.763849],[148.042735,-40.769708],[148.035981,-40.752211],[148.029307,-40.746759],[147.990977,-40.741306],[147.984223,-40.736505],[147.958263,-40.751153],[147.951671,-40.762465],[147.9463,-40.795505],[147.916189,-40.852716],[147.885753,-40.873793],[147.849457,-40.888767],[147.819835,-40.893487],[147.798676,-40.884454],[147.753673,-40.856622],[147.717133,-40.867364],[147.683767,-40.835707],[147.668956,-40.82586],[147.650564,-40.828546],[147.597423,-40.846856],[147.586436,-40.856215],[147.581391,-40.87184],[147.520356,-40.952081],[147.48463,-40.986017],[147.444835,-41.008396],[147.408376,-41.003351],[147.392914,-40.978611],[147.358165,-40.971775],[147.353689,-40.952244],[147.342784,-40.942153],[147.295665,-40.957127],[147.285981,-40.941339],[147.210216,-40.989923],[147.171072,-41.006524],[147.038341,-40.989841],[147.033051,-40.986993],[147.03004,-40.978204],[147.024099,-40.976007],[146.994884,-40.985772],[146.972911,-40.999933],[146.932628,-41.018243],[146.881521,-41.026137],[146.837738,-41.039727],[146.819347,-41.075372],[146.824229,-41.099786],[146.838064,-41.115818],[146.858735,-41.124282],[146.907888,-41.130955],[146.949555,-41.161065],[146.93686,-41.16546],[146.905121,-41.15488],[146.881684,-41.155532],[146.860199,-41.168552],[146.843516,-41.162042],[146.808116,-41.156671],[146.798676,-41.140558],[146.812511,-41.132094],[146.808279,-41.112563],[146.795909,-41.091729],[146.776703,-41.074395],[146.744151,-41.065525],[146.730642,-41.068536],[146.702647,-41.085219],[146.666759,-41.088067],[146.654796,-41.092869],[146.626801,-41.126886],[146.591075,-41.147149],[146.58253,-41.161065],[146.600108,-41.175388],[146.585623,-41.180108],[146.572113,-41.17669],[146.562511,-41.168227],[146.555186,-41.137872],[146.546397,-41.132745],[146.491547,-41.151137],[146.423676,-41.166192],[146.35377,-41.167901],[146.214366,-41.155369],[146.11964,-41.120701],[146.078949,-41.114435],[146.041515,-41.094903],[146.016612,-41.087823],[145.978526,-41.065199],[145.955333,-41.058689],[145.934744,-41.061212],[145.925141,-41.05877],[145.915538,-41.041274],[145.852794,-41.036554],[145.809825,-41.026951],[145.79127,-41.017022],[145.743907,-40.975356],[145.729259,-40.93906],[145.711599,-40.930434],[145.620942,-40.92254],[145.572113,-40.909438],[145.533702,-40.885024],[145.523936,-40.845798],[145.471039,-40.864923],[145.443044,-40.867934],[145.405284,-40.850274],[145.342133,-40.84352],[145.27003,-40.797296],[145.266856,-40.784845],[145.270356,-40.774184],[145.277843,-40.766697],[145.307872,-40.755141],[145.295177,-40.736912],[145.269216,-40.719985],[145.250255,-40.715997],[145.259451,-40.730645],[145.263927,-40.752862],[145.261485,-40.775486],[145.250255,-40.791681],[145.226736,-40.797784],[145.133556,-40.791681],[145.146251,-40.807712],[145.137218,-40.818129],[145.118826,-40.821384],[145.075369,-40.807061],[145.05836,-40.784275],[145.014008,-40.766697],[144.984711,-40.744806],[144.931163,-40.750177],[144.894786,-40.744806],[144.828461,-40.721368],[144.793956,-40.715997],[144.772472,-40.727634],[144.766287,-40.726495],[144.756602,-40.695489],[144.724946,-40.657159],[144.721365,-40.640313],[144.698578,-40.660252],[144.68922,-40.68141],[144.68922,-40.704522],[144.708751,-40.810479],[144.703787,-40.871352],[144.696951,-40.886895],[144.684744,-40.893487],[144.666515,-40.895115],[144.656423,-40.899835],[144.640636,-40.921482],[144.617361,-40.92962],[144.640636,-40.95908],[144.638194,-40.974216],[144.631358,-40.98561],[144.620372,-40.993259],[144.605805,-40.996515]]]}},{"type":"Feature","id":"western-australia","properties":{"name":"Western Australia","slug":"western-australia","parent_iso_a3":"AUS","source_name":"OpenStreetMap via Nominatim","source_url":"https://nominatim.openstreetmap.org/","source_license":"ODbL 1.0","source_queries":"Western Australia, Australia => Western Australia, Australia"},"geometry":{"type":"Polygon","coordinates":[[[113.15698,-26.151926],[113.176286,-26.177308],[113.213227,-26.215102],[113.24467,-26.240098],[113.284657,-26.318729],[113.299489,-26.338721],[113.291987,-26.35335],[113.297869,-26.374657],[113.297782,-26.397289],[113.312625,-26.415946],[113.590579,-26.675651],[113.654528,-26.775586],[113.764415,-26.918145],[114.012543,-27.315362],[114.074474,-27.447198],[114.143891,-27.687758],[114.145681,-27.698907],[114.142345,-27.709161],[114.127696,-27.730157],[114.120616,-27.759698],[114.10255,-27.797947],[114.097179,-27.819431],[114.097911,-27.862726],[114.105968,-27.904067],[114.143891,-28.01865],[114.148692,-28.068536],[114.166026,-28.106703],[114.244884,-28.192478],[114.260509,-28.205255],[114.310069,-28.230157],[114.356944,-28.292576],[114.369314,-28.322849],[114.422862,-28.400974],[114.508637,-28.490899],[114.531098,-28.522393],[114.589854,-28.655857],[114.59783,-28.701837],[114.595551,-28.748305],[114.577485,-28.785089],[114.592784,-28.797784],[114.60377,-28.838556],[114.652599,-28.912367],[114.832042,-29.092055],[114.842459,-29.108575],[114.896251,-29.233657],[114.912364,-29.292087],[114.929698,-29.327813],[114.939952,-29.387465],[114.953787,-29.429376],[114.97877,-29.479913],[114.9817,-29.501723],[114.97934,-29.523207],[114.961192,-29.580255],[114.946056,-29.658136],[114.940684,-29.744073],[114.94752,-29.830011],[114.965587,-29.880629],[114.967459,-29.902439],[114.942638,-30.03102],[114.94752,-30.066827],[114.971202,-30.09238],[114.988536,-30.145685],[114.974864,-30.214044],[114.9817,-30.232029],[115.019216,-30.254571],[115.022797,-30.262872],[115.022634,-30.296157],[115.010509,-30.312677],[115.008962,-30.320082],[115.022634,-30.34059],[115.03419,-30.370375],[115.054942,-30.448012],[115.056977,-30.505466],[115.060802,-30.522393],[115.095063,-30.605727],[115.101085,-30.633396],[115.161957,-30.74212],[115.180919,-30.827244],[115.238536,-30.878676],[115.312999,-30.990818],[115.383067,-31.133884],[115.4546,-31.303481],[115.550629,-31.434747],[115.604828,-31.546563],[115.680349,-31.648614],[115.700938,-31.691176],[115.721528,-31.772638],[115.743663,-31.92783],[115.727794,-32.055108],[115.72934,-32.07464],[115.742686,-32.102309],[115.735118,-32.12949],[115.755626,-32.163507],[115.756847,-32.185642],[115.73585,-32.264418],[115.719737,-32.273207],[115.673676,-32.27337],[115.686778,-32.290216],[115.714366,-32.302992],[115.727794,-32.315037],[115.73585,-32.333185],[115.731944,-32.34588],[115.707856,-32.369561],[115.733653,-32.387953],[115.745616,-32.418715],[115.745453,-32.455662],[115.735118,-32.492446],[115.714122,-32.526625],[115.714529,-32.537042],[115.721528,-32.557306],[115.729259,-32.566095],[115.746349,-32.570082],[115.76295,-32.579034],[115.769298,-32.602309],[115.762869,-32.627699],[115.748709,-32.637302],[115.704438,-32.636489],[115.693858,-32.633722],[115.676768,-32.622817],[115.66684,-32.622817],[115.658865,-32.628513],[115.673676,-32.642755],[115.683767,-32.690199],[115.697927,-32.70322],[115.717133,-32.741632],[115.722992,-32.763767],[115.714122,-32.78045],[115.691091,-32.770603],[115.667979,-32.730645],[115.639659,-32.656915],[115.639903,-32.608575],[115.69337,-32.552667],[115.700938,-32.512953],[115.675792,-32.534926],[115.629649,-32.59238],[115.612315,-32.622817],[115.600922,-32.661716],[115.603852,-32.695001],[115.612804,-32.728448],[115.624685,-32.811782],[115.660004,-32.938165],[115.674571,-33.024998],[115.66684,-33.287693],[115.673676,-33.287693],[115.686371,-33.240492],[115.691091,-33.204848],[115.697927,-33.193129],[115.704845,-33.192478],[115.707856,-33.208429],[115.710134,-33.270685],[115.701671,-33.297133],[115.677094,-33.308038],[115.636974,-33.299249],[115.625987,-33.308038],[115.618826,-33.320733],[115.604828,-33.369561],[115.575531,-33.42669],[115.5171,-33.512384],[115.434093,-33.595473],[115.406016,-33.614679],[115.367198,-33.63128],[115.323741,-33.643813],[115.282725,-33.650649],[115.237071,-33.651137],[115.194672,-33.644627],[115.155528,-33.632582],[115.118826,-33.616469],[115.090668,-33.59295],[115.070567,-33.563735],[115.045665,-33.537205],[115.002696,-33.521091],[114.988536,-33.521091],[115.003917,-33.616957],[114.997895,-33.631036],[114.971039,-33.653904],[114.956798,-33.682306],[114.958995,-33.719903],[114.971446,-33.75628],[114.988536,-33.78102],[114.963878,-33.843032],[114.961192,-33.859552],[114.972667,-33.922784],[114.974376,-34.0617],[114.971039,-34.082696],[115.009939,-34.163181],[115.010427,-34.24505],[115.017833,-34.26214],[115.108409,-34.344334],[115.118826,-34.363377],[115.137543,-34.349867],[115.164887,-34.310235],[115.183767,-34.301853],[115.262869,-34.298517],[115.290782,-34.301853],[115.334727,-34.314223],[115.489268,-34.382094],[115.508149,-34.386977],[115.526378,-34.414809],[115.570649,-34.424737],[115.612315,-34.445896],[115.745453,-34.540216],[115.915782,-34.701918],[115.933604,-34.722589],[115.946544,-34.757501],[115.972423,-34.782973],[115.981619,-34.801446],[115.973888,-34.830255],[115.978526,-34.835626],[116.019786,-34.82936],[116.096202,-34.838637],[116.248383,-34.877537],[116.289399,-34.897638],[116.330821,-34.912693],[116.37615,-34.917413],[116.398936,-34.903904],[116.372569,-34.863539],[116.387543,-34.857517],[116.413829,-34.876153],[116.442231,-34.905532],[116.489431,-34.920017],[116.500499,-34.928888],[116.503673,-34.939223],[116.497732,-34.946222],[116.488292,-34.945733],[116.468761,-34.939223],[116.382986,-34.924981],[116.375255,-34.932712],[116.39503,-34.949477],[116.434744,-34.973403],[116.465099,-35.000665],[116.503184,-34.999933],[116.531586,-35.014744],[116.584809,-35.021173],[116.617686,-35.043064],[116.637869,-35.050226],[116.658376,-35.028009],[116.728852,-35.028009],[116.728038,-35.017673],[116.736339,-35.007501],[116.790863,-35.021173],[116.844981,-35.049086],[116.877696,-35.054864],[116.899587,-35.050388],[116.937755,-35.018162],[116.949962,-35.013442],[116.9817,-35.018487],[117.002452,-35.028985],[117.040375,-35.021173],[117.052582,-35.02337],[117.106781,-35.038344],[117.140391,-35.062758],[117.158946,-35.027439],[117.171641,-35.013279],[117.191661,-35.007501],[117.223399,-35.020766],[117.239594,-35.014825],[117.266938,-35.014907],[117.304942,-35.030206],[117.323985,-35.032973],[117.332205,-35.018162],[117.340587,-35.017836],[117.389903,-35.038263],[117.459972,-35.076104],[117.538585,-35.092218],[117.589041,-35.125584],[117.61964,-35.137872],[117.62086,-35.10589],[117.626801,-35.080255],[117.641287,-35.061293],[117.667328,-35.049086],[117.684337,-35.046319],[117.747244,-35.051365],[117.809825,-35.071384],[117.860362,-35.108819],[117.890473,-35.117364],[117.932872,-35.120375],[117.948578,-35.117364],[117.982758,-35.099542],[117.996349,-35.103692],[118.001475,-35.088149],[117.988617,-35.084731],[117.951996,-35.089532],[117.934825,-35.081313],[117.917654,-35.047052],[117.901378,-35.041681],[117.89324,-35.046563],[117.901378,-35.072686],[117.897716,-35.081476],[117.888927,-35.08172],[117.860037,-35.071384],[117.843761,-35.060235],[117.832042,-35.045831],[117.83546,-35.031427],[117.849294,-35.025567],[117.907563,-35.021173],[117.920584,-35.007501],[117.928722,-35.007582],[117.944835,-35.014907],[117.979015,-35.007501],[118.008311,-35.01393],[118.026703,-35.01393],[118.106212,-34.987074],[118.113048,-34.993829],[118.119884,-34.987074],[118.181407,-35.021173],[118.199392,-35.016778],[118.20102,-35.002374],[118.192882,-34.983575],[118.181407,-34.965916],[118.158865,-34.956638],[118.160818,-34.945489],[118.202403,-34.939223],[118.244477,-34.916762],[118.264415,-34.91131],[118.342621,-34.905043],[118.385102,-34.90838],[118.398448,-34.900974],[118.401134,-34.877211],[118.389334,-34.846287],[118.38738,-34.825942],[118.430186,-34.754571],[118.442638,-34.740004],[118.479828,-34.717055],[118.523448,-34.703383],[118.613292,-34.685968],[118.66627,-34.656834],[118.705903,-34.647719],[118.724946,-34.635837],[118.757335,-34.603448],[118.732432,-34.598321],[118.723806,-34.578871],[118.727306,-34.558038],[118.789887,-34.518813],[118.808849,-34.513442],[118.875499,-34.506443],[118.887706,-34.500421],[118.882009,-34.490655],[118.839854,-34.452569],[118.89796,-34.458754],[118.931977,-34.445896],[119.116954,-34.472426],[119.147716,-34.493585],[119.178396,-34.491957],[119.200938,-34.497979],[119.214854,-34.511651],[119.220714,-34.531834],[119.229991,-34.532159],[119.26059,-34.522149],[119.264985,-34.509454],[119.264415,-34.486749],[119.269542,-34.466485],[119.284841,-34.452569],[119.301443,-34.445896],[119.319184,-34.44492],[119.333669,-34.451918],[119.349376,-34.489679],[119.353201,-34.493585],[119.364024,-34.49505],[119.367442,-34.479913],[119.401541,-34.458754],[119.382091,-34.440118],[119.376475,-34.411716],[119.38502,-34.384861],[119.408458,-34.37005],[119.442393,-34.374444],[119.479503,-34.404555],[119.559255,-34.383722],[119.535004,-34.371515],[119.483897,-34.358575],[119.4699,-34.336033],[119.469493,-34.313409],[119.474946,-34.285903],[119.484874,-34.259454],[119.497081,-34.239028],[119.532725,-34.216485],[119.538829,-34.20908],[119.572032,-34.142022],[119.582042,-34.133722],[119.606212,-34.127537],[119.618175,-34.12005],[119.623383,-34.111098],[119.613129,-34.103204],[119.640636,-34.085219],[119.702647,-34.063409],[119.730479,-34.048517],[119.806163,-33.984959],[119.858897,-33.96795],[119.928477,-33.962823],[119.970225,-33.938653],[120.002208,-33.926039],[120.039073,-33.925063],[120.084483,-33.947849],[120.100434,-33.952325],[120.122569,-33.950372],[120.158458,-33.934991],[120.178966,-33.931248],[120.278575,-33.938653],[120.381602,-33.962579],[120.394298,-33.97381],[120.422699,-33.969903],[120.527354,-33.936782],[120.542735,-33.928155],[120.545177,-33.905938],[120.552989,-33.897149],[120.562185,-33.892999],[120.747081,-33.890883],[120.76531,-33.883477],[120.790375,-33.886],[120.867686,-33.856134],[120.920177,-33.85711],[120.949718,-33.861749],[120.970551,-33.870375],[120.9817,-33.864516],[121.019054,-33.86297],[121.039561,-33.858657],[121.097667,-33.842462],[121.132579,-33.851739],[121.166352,-33.867934],[121.228526,-33.83766],[121.278494,-33.832778],[121.333751,-33.815199],[121.498302,-33.822035],[121.532888,-33.819513],[121.550629,-33.829767],[121.602224,-33.849542],[121.628429,-33.876397],[121.649669,-33.876642],[121.675141,-33.858982],[121.697276,-33.857192],[121.743826,-33.867934],[121.775727,-33.890558],[121.793712,-33.897149],[121.812999,-33.895115],[121.879242,-33.869887],[121.913748,-33.838556],[121.937022,-33.82879],[121.981456,-33.82879],[122.005707,-33.820733],[122.015636,-33.825372],[122.039561,-33.856134],[122.067393,-33.876642],[122.074229,-33.891534],[122.082367,-33.927179],[122.105805,-33.964044],[122.102794,-33.980157],[122.073578,-34.007013],[122.073578,-34.014418],[122.094737,-34.019138],[122.187266,-34.020685],[122.207286,-33.997491],[122.217621,-33.993341],[122.240245,-34.016209],[122.257823,-34.022068],[122.266124,-34.003839],[122.264008,-33.970961],[122.267751,-33.959242],[122.279633,-33.945489],[122.312266,-33.9249],[122.349864,-33.915297],[122.390147,-33.915785],[122.501964,-33.945489],[122.521821,-33.931085],[122.540863,-33.941176],[122.560313,-33.959161],[122.573985,-33.948989],[122.583018,-33.936944],[122.584239,-33.923923],[122.574555,-33.910821],[122.607432,-33.894789],[122.648285,-33.889418],[122.735606,-33.890883],[122.776622,-33.876642],[122.787852,-33.881036],[122.807628,-33.90016],[122.817882,-33.904555],[122.840831,-33.903741],[122.877126,-33.897149],[122.954112,-33.872817],[123.023123,-33.86061],[123.046886,-33.86297],[123.084972,-33.878351],[123.113617,-33.904474],[123.132823,-33.93906],[123.146983,-34.00213],[123.154633,-34.009454],[123.194102,-34.005304],[123.211274,-33.993341],[123.217784,-33.993259],[123.231944,-34.000746],[123.266612,-33.986505],[123.314138,-33.930597],[123.343598,-33.903497],[123.383311,-33.890883],[123.459727,-33.90016],[123.472016,-33.907647],[123.478363,-33.918878],[123.493337,-33.931248],[123.511241,-33.93963],[123.526622,-33.938653],[123.566661,-33.884373],[123.581065,-33.876235],[123.622813,-33.876642],[123.649587,-33.842462],[123.710785,-33.816339],[123.729015,-33.804946],[123.73878,-33.794041],[123.732677,-33.766778],[123.734874,-33.757989],[123.756847,-33.714125],[123.815196,-33.65838],[123.863048,-33.629571],[123.863048,-33.616469],[123.891612,-33.588149],[123.910899,-33.579034],[123.934418,-33.575616],[123.952485,-33.567315],[123.961111,-33.547133],[123.965505,-33.49977],[123.970714,-33.47975],[123.98878,-33.435642],[124.007091,-33.377048],[124.008311,-33.354181],[124.045665,-33.284601],[124.069672,-33.253595],[124.081554,-33.190851],[124.094737,-33.155694],[124.116547,-33.121515],[124.164806,-33.067966],[124.201182,-33.038018],[124.222667,-33.025649],[124.242931,-33.020685],[124.254893,-33.01336],[124.314952,-32.966078],[124.356944,-32.952813],[124.518477,-32.927807],[124.708832,-32.903904],[124.833991,-32.867698],[124.901914,-32.833659],[125.000255,-32.737237],[125.096446,-32.712172],[125.337827,-32.601515],[125.537275,-32.548379],[125.87,-32.332983],[126.007579,-32.27337],[126.078787,-32.280532],[126.10377,-32.27337],[126.137869,-32.245375],[126.18572,-32.232517],[126.203624,-32.238539],[126.24879,-32.241632],[126.277599,-32.25628],[126.372325,-32.28281],[126.677745,-32.316583],[126.760265,-32.310968],[126.78891,-32.300714],[126.820649,-32.310805],[126.935802,-32.300714],[127.052989,-32.303806],[127.083263,-32.293878],[127.090099,-32.300714],[127.110118,-32.29339],[127.288748,-32.27337],[127.531993,-32.211358],[127.555431,-32.188897],[127.566091,-32.184666],[127.585948,-32.182387],[127.766287,-32.123142],[128.017345,-32.084242],[128.218923,-32.017673],[128.655284,-31.845798],[128.723888,-31.803643],[128.755382,-31.793634],[128.770681,-31.778253],[128.931651,-31.708103],[129.00139204450002,-31.689058080037192],[129.0010644446027,-14.86824140483863],[128.973481,-14.863702],[128.940278,-14.846124],[128.91977,-14.840102],[128.834158,-14.840102],[128.7671,-14.82171],[128.748546,-14.82643],[128.71339,-14.79754],[128.675548,-14.787774],[128.590831,-14.778009],[128.55421,-14.758722],[128.5324,-14.752862],[128.479828,-14.779474],[128.440684,-14.79225],[128.395763,-14.795994],[128.388438,-14.803399],[128.402599,-14.823012],[128.427419,-14.835056],[128.438975,-14.849867],[128.438243,-14.853285],[128.418712,-14.865899],[128.407481,-14.868829],[128.406016,-14.884454],[128.422862,-14.940118],[128.459809,-15.001642],[128.459727,-15.023696],[128.450206,-15.042657],[128.444102,-15.046157],[128.417979,-15.039727],[128.399425,-15.023858],[128.364919,-14.984063],[128.358409,-14.999119],[128.364919,-15.046157],[128.350108,-15.037286],[128.342784,-15.021091],[128.330251,-14.936293],[128.323009,-14.91074],[128.313487,-14.904962],[128.283051,-14.94256],[128.283051,-14.963637],[128.268728,-14.970392],[128.215831,-15.021905],[128.195811,-15.056817],[128.19988,-15.100274],[128.218272,-15.118097],[128.225841,-15.160252],[128.216319,-15.185235],[128.220225,-15.205662],[128.241466,-15.2374],[128.278656,-15.271661],[128.291759,-15.290704],[128.296641,-15.316176],[128.289317,-15.401788],[128.283051,-15.401788],[128.280284,-15.383559],[128.255626,-15.310235],[128.224457,-15.260186],[128.17449,-15.213311],[128.143321,-15.197849],[128.125173,-15.182061],[128.111095,-15.190199],[128.110606,-15.224867],[128.100597,-15.229913],[128.117931,-15.291925],[128.118419,-15.335138],[128.112804,-15.381768],[128.101329,-15.424574],[128.083751,-15.457127],[128.045584,-15.487563],[128.024262,-15.496515],[128.014903,-15.487481],[128.020274,-15.478448],[128.055919,-15.443455],[128.072276,-15.404474],[128.0713,-15.367934],[128.042735,-15.291925],[128.060232,-15.292169],[128.070567,-15.287693],[128.075694,-15.277765],[128.084646,-15.174574],[128.069591,-15.141209],[128.068533,-15.106622],[128.07309,-15.089125],[128.090343,-15.060805],[128.090587,-15.011407],[128.108246,-14.972833],[128.132823,-14.895196],[128.137462,-14.862563],[128.117931,-14.853774],[128.148936,-14.834242],[128.190603,-14.829848],[128.194347,-14.821954],[128.193614,-14.805922],[128.181407,-14.769952],[128.179454,-14.754083],[128.184825,-14.736993],[128.197765,-14.731622],[128.213634,-14.734959],[128.227794,-14.74391],[128.231293,-14.718194],[128.219493,-14.700453],[128.196788,-14.702325],[128.175304,-14.698419],[128.15919,-14.688409],[128.117849,-14.649998],[128.106944,-14.643731],[128.080333,-14.640802],[128.066417,-14.633477],[128.054047,-14.600518],[128.005382,-14.560724],[127.96697,-14.578546],[127.95753,-14.578871],[127.947276,-14.573175],[127.939952,-14.554457],[127.939464,-14.543878],[127.954763,-14.532892],[127.940196,-14.518976],[127.90561,-14.497491],[127.887218,-14.474054],[127.874278,-14.469903],[127.857921,-14.483819],[127.855235,-14.465102],[127.879405,-14.439548],[127.87143,-14.422459],[127.859874,-14.41546],[127.851085,-14.41725],[127.841075,-14.443536],[127.833995,-14.44256],[127.826915,-14.436619],[127.823578,-14.425877],[127.825857,-14.389581],[127.823578,-14.380792],[127.815929,-14.374933],[127.789561,-14.36712],[127.75587,-14.284845],[127.698253,-14.235447],[127.682628,-14.216974],[127.670746,-14.197198],[127.666026,-14.178399],[127.61085,-14.133722],[127.590343,-14.133722],[127.574962,-14.123305],[127.54713,-14.097914],[127.531993,-14.092869],[127.504242,-14.065606],[127.489268,-14.058364],[127.480479,-14.079197],[127.450206,-14.057306],[127.4463,-14.048761],[127.452159,-14.013849],[127.448497,-13.986912],[127.430431,-13.953871],[127.418468,-13.94199],[127.404796,-13.963067],[127.398611,-13.963067],[127.389496,-13.943536],[127.381521,-13.937758],[127.367686,-13.935805],[127.360362,-13.929783],[127.344249,-13.904474],[127.330251,-13.901056],[127.322439,-13.917413],[127.331228,-13.944024],[127.332693,-13.961196],[127.302989,-13.949395],[127.287934,-13.938246],[127.251313,-13.897638],[127.236827,-13.892022],[127.226329,-13.904474],[127.213634,-13.935805],[127.196951,-13.949314],[127.189301,-13.946954],[127.18629,-13.931817],[127.187266,-13.901788],[127.181407,-13.890313],[127.165212,-13.880548],[127.159679,-13.892185],[127.159353,-13.902765],[127.163585,-13.910821],[127.172618,-13.915216],[127.154063,-13.93377],[127.142589,-13.956231],[127.129731,-13.967706],[127.107432,-13.952813],[127.095714,-13.926365],[127.093516,-13.900079],[127.085134,-13.883884],[127.055349,-13.887384],[127.072113,-13.842543],[127.07016,-13.828058],[127.049083,-13.839532],[127.055919,-13.820082],[127.050629,-13.813409],[127.037608,-13.816176],[127.021169,-13.825942],[127.02003,-13.777765],[127.011241,-13.771254],[126.993175,-13.76629],[126.978201,-13.754002],[126.952891,-13.723565],[126.927745,-13.73089],[126.90504,-13.743341],[126.932384,-13.757582],[126.913748,-13.76393],[126.881847,-13.745782],[126.863536,-13.743341],[126.845388,-13.754327],[126.846446,-13.768976],[126.85963,-13.782892],[126.877208,-13.791762],[126.877208,-13.798028],[126.853282,-13.800958],[126.845876,-13.80755],[126.843028,-13.818536],[126.823253,-13.81227],[126.827891,-13.791111],[126.822765,-13.776462],[126.814464,-13.768324],[126.810069,-13.767673],[126.802908,-13.780043],[126.785411,-13.787367],[126.747406,-13.791762],[126.755544,-13.804946],[126.767833,-13.846368],[126.795746,-13.883966],[126.800548,-13.912856],[126.807872,-13.923517],[126.844737,-13.932712],[126.85727,-13.949395],[126.818207,-13.942641],[126.810069,-13.949395],[126.813243,-13.956964],[126.843028,-13.969903],[126.829763,-13.982599],[126.81658,-13.982354],[126.78891,-13.969903],[126.788259,-13.972589],[126.774262,-13.974705],[126.761729,-13.969903],[126.751231,-13.980727],[126.747406,-13.990411],[126.707205,-13.983575],[126.700043,-13.993829],[126.701182,-14.007094],[126.708507,-14.020685],[126.720225,-14.031915],[126.741222,-14.010919],[126.747406,-14.010919],[126.744395,-14.02988],[126.726817,-14.058364],[126.733735,-14.072931],[126.720388,-14.086114],[126.704845,-14.118097],[126.692719,-14.120782],[126.687999,-14.11533],[126.679047,-14.085382],[126.651866,-14.066095],[126.647227,-14.077813],[126.656993,-14.09531],[126.647309,-14.11419],[126.651866,-14.143976],[126.646739,-14.158136],[126.61085,-14.175388],[126.603282,-14.201104],[126.603526,-14.230076],[126.591563,-14.217462],[126.575938,-14.209893],[126.569184,-14.195245],[126.572032,-14.151625],[126.569184,-14.140558],[126.558849,-14.134942],[126.536143,-14.146173],[126.521495,-14.147393],[126.493663,-14.113377],[126.52768,-14.072931],[126.515961,-14.069106],[126.483409,-14.081476],[126.462738,-14.085382],[126.453298,-14.077569],[126.465017,-14.059828],[126.493663,-14.031915],[126.500987,-13.997247],[126.519054,-13.983657],[126.526866,-13.963474],[126.54005,-13.953709],[126.569184,-13.94199],[126.527517,-13.928969],[126.516938,-13.937433],[126.488129,-13.979425],[126.469981,-13.991957],[126.449962,-13.991795],[126.43214,-13.969903],[126.421641,-13.982354],[126.39031,-14.00506],[126.377208,-14.042657],[126.343598,-14.045505],[126.329112,-14.059259],[126.343272,-14.072931],[126.315929,-14.086847],[126.309255,-14.113377],[126.293712,-14.136489],[126.298676,-14.140558],[126.319347,-14.145115],[126.34547,-14.174249],[126.345063,-14.184666],[126.310802,-14.192315],[126.302013,-14.201267],[126.295584,-14.230076],[126.288829,-14.230076],[126.282074,-14.208591],[126.271495,-14.208266],[126.247732,-14.22324],[126.226573,-14.212986],[126.228038,-14.204848],[126.243988,-14.198907],[126.241466,-14.185154],[126.214529,-14.17547],[126.191091,-14.159601],[126.199962,-14.126886],[126.180349,-14.133233],[126.187511,-14.122491],[126.213634,-14.099705],[126.21225,-14.081476],[126.198253,-14.077813],[126.165863,-14.085382],[126.168712,-14.070571],[126.164887,-14.057794],[126.169119,-14.049005],[126.1963,-14.045668],[126.214203,-14.039646],[126.210704,-14.026625],[126.192393,-14.014418],[126.165863,-14.010919],[126.178396,-13.995375],[126.209646,-13.976821],[126.22047,-13.956231],[126.181651,-13.970798],[126.14324,-14.002537],[126.128429,-14.01214],[126.110606,-14.017755],[126.115571,-14.001723],[126.124766,-13.987074],[126.136974,-13.975844],[126.151622,-13.969903],[126.151622,-13.963067],[126.130382,-13.956231],[126.144298,-13.941339],[126.151622,-13.922133],[126.138438,-13.930922],[126.129242,-13.932061],[126.091563,-13.925388],[126.10377,-13.897638],[126.098399,-13.887384],[126.086436,-13.889418],[126.074474,-13.899102],[126.066417,-13.927667],[126.060069,-13.931817],[126.017345,-13.922052],[126.035899,-13.942315],[126.081879,-13.964532],[126.085948,-13.969415],[126.090099,-13.983575],[126.091563,-14.01686],[126.096365,-14.025079],[126.074067,-14.026056],[126.047374,-13.984063],[126.034923,-13.990411],[126.033865,-14.028497],[126.020518,-14.031915],[126.01002,-14.026056],[125.992361,-13.999688],[125.980235,-13.990411],[125.97283,-14.021417],[125.992442,-14.071466],[126.006602,-14.07822],[126.107107,-14.079522],[126.134451,-14.094903],[126.151622,-14.133722],[126.140391,-14.142999],[126.146332,-14.176935],[126.144786,-14.195245],[126.108165,-14.220798],[126.071788,-14.226658],[126.062999,-14.23561],[126.064301,-14.27044],[126.075857,-14.295099],[126.074229,-14.30283],[126.062266,-14.319431],[126.064464,-14.341567],[126.060883,-14.35003],[126.034923,-14.355645],[126.010997,-14.36712],[126.011729,-14.370782],[125.999685,-14.377699],[125.985688,-14.382908],[125.980235,-14.380792],[125.978282,-14.393813],[125.982107,-14.400811],[126.012869,-14.424412],[126.017589,-14.447686],[126.031749,-14.462579],[126.04127,-14.508722],[126.034923,-14.51865],[126.026703,-14.519952],[126.011241,-14.509698],[126.000743,-14.511163],[125.997081,-14.519627],[125.997813,-14.541111],[125.983409,-14.545343],[125.965994,-14.521661],[125.925059,-14.51865],[125.916026,-14.53753],[125.911876,-14.559015],[125.903819,-14.569513],[125.925059,-14.596856],[125.918142,-14.637791],[125.909434,-14.639418],[125.8567,-14.600518],[125.847992,-14.601007],[125.833018,-14.584568],[125.828868,-14.573175],[125.83725,-14.545099],[125.822032,-14.539158],[125.822032,-14.531671],[125.833018,-14.519464],[125.817231,-14.484308],[125.842133,-14.474054],[125.848969,-14.466729],[125.849946,-14.457615],[125.84254,-14.449151],[125.833507,-14.448175],[125.822113,-14.461196],[125.815766,-14.463311],[125.805186,-14.459568],[125.80836,-14.445977],[125.805186,-14.437921],[125.798106,-14.434828],[125.791026,-14.437188],[125.782237,-14.457452],[125.76824,-14.463556],[125.733165,-14.470147],[125.744151,-14.444757],[125.743419,-14.434991],[125.733165,-14.429295],[125.741059,-14.410414],[125.732921,-14.398533],[125.719574,-14.400974],[125.712738,-14.425877],[125.710704,-14.47088],[125.70574,-14.494317],[125.696056,-14.504327],[125.652354,-14.622247],[125.637706,-14.634698],[125.636974,-14.598077],[125.684337,-14.506768],[125.681977,-14.473565],[125.672618,-14.458266],[125.658051,-14.360284],[125.663585,-14.341078],[125.658051,-14.333103],[125.672618,-14.325453],[125.688731,-14.33766],[125.699067,-14.339939],[125.710948,-14.333673],[125.718435,-14.324314],[125.719412,-14.313897],[125.712738,-14.305108],[125.733165,-14.270929],[125.727061,-14.264825],[125.718761,-14.270685],[125.706554,-14.291436],[125.693614,-14.27988],[125.665294,-14.264255],[125.658051,-14.250421],[125.651866,-14.250421],[125.651866,-14.257257],[125.644379,-14.257257],[125.635265,-14.231541],[125.618175,-14.223728],[125.605805,-14.229262],[125.610362,-14.243585],[125.594574,-14.239923],[125.585623,-14.245701],[125.58546,-14.255629],[125.59669,-14.264825],[125.59669,-14.270929],[125.584972,-14.287693],[125.593028,-14.336521],[125.58839,-14.351007],[125.610606,-14.384454],[125.617198,-14.4013],[125.605724,-14.433201],[125.59669,-14.487237],[125.603526,-14.504327],[125.600352,-14.508884],[125.589203,-14.511163],[125.583832,-14.526544],[125.589203,-14.545343],[125.557791,-14.553969],[125.539561,-14.553318],[125.527843,-14.545343],[125.555431,-14.513849],[125.555024,-14.497491],[125.532481,-14.497735],[125.509288,-14.485772],[125.493663,-14.490655],[125.486583,-14.503025],[125.493663,-14.545343],[125.466319,-14.524835],[125.462901,-14.541762],[125.473155,-14.55283],[125.459972,-14.570489],[125.459483,-14.593032],[125.442638,-14.589288],[125.439626,-14.59881],[125.44516,-14.620375],[125.439464,-14.638849],[125.404307,-14.553155],[125.390636,-14.539158],[125.388194,-14.559991],[125.355642,-14.587498],[125.342784,-14.607354],[125.355235,-14.570489],[125.356456,-14.504327],[125.347667,-14.498712],[125.341075,-14.503106],[125.336925,-14.514255],[125.333507,-14.543145],[125.314789,-14.573175],[125.290538,-14.566176],[125.26588,-14.575616],[125.243663,-14.594171],[125.232921,-14.61419],[125.239024,-14.631524],[125.281586,-14.629815],[125.30128,-14.634698],[125.284353,-14.649021],[125.263194,-14.653741],[125.260265,-14.671563],[125.253103,-14.672947],[125.217784,-14.663832],[125.204926,-14.668145],[125.201345,-14.684991],[125.211436,-14.70086],[125.195079,-14.702325],[125.181651,-14.698826],[125.174571,-14.705987],[125.177501,-14.727472],[125.168468,-14.730239],[125.144298,-14.728448],[125.135997,-14.735935],[125.137462,-14.757501],[125.154959,-14.762872],[125.160899,-14.778416],[125.181407,-14.771905],[125.188731,-14.779392],[125.191417,-14.832696],[125.202159,-14.844822],[125.227712,-14.850193],[125.232921,-14.860528],[125.267589,-14.856215],[125.297618,-14.868341],[125.308849,-14.885024],[125.287608,-14.894708],[125.29477,-14.914727],[125.289724,-14.920099],[125.277354,-14.922052],[125.263194,-14.919122],[125.253429,-14.901544],[125.215831,-14.90838],[125.204275,-14.932061],[125.182953,-14.939142],[125.186778,-14.945489],[125.214122,-14.958103],[125.229259,-14.949965],[125.238129,-14.952813],[125.242849,-14.966078],[125.253429,-14.970392],[125.275727,-14.956964],[125.287608,-14.956231],[125.273692,-14.97617],[125.273936,-14.984063],[125.280935,-14.993422],[125.308604,-14.990981],[125.321625,-14.984063],[125.326915,-14.986423],[125.329926,-14.99627],[125.354503,-14.99391],[125.366954,-15.008396],[125.384044,-15.01393],[125.417491,-15.002211],[125.429535,-15.009047],[125.430837,-15.019708],[125.405772,-15.028416],[125.388927,-15.042901],[125.369395,-15.047784],[125.366466,-15.051446],[125.372813,-15.065037],[125.38738,-15.068129],[125.390636,-15.076593],[125.387462,-15.081801],[125.369477,-15.086521],[125.37379,-15.107599],[125.382091,-15.116876],[125.394054,-15.120701],[125.425141,-15.116143],[125.430675,-15.120538],[125.43214,-15.137953],[125.419932,-15.149347],[125.357107,-15.136489],[125.329112,-15.141209],[125.328787,-15.152765],[125.310802,-15.150649],[125.288259,-15.140558],[125.273936,-15.128106],[125.281749,-15.113377],[125.280772,-15.107599],[125.249848,-15.07822],[125.246593,-15.066095],[125.229747,-15.072686],[125.215587,-15.05755],[125.172618,-15.044529],[125.16505,-15.031996],[125.165294,-15.011407],[125.145763,-15.028009],[125.14796,-15.044854],[125.158865,-15.062758],[125.176117,-15.116306],[125.16627,-15.14186],[125.17156,-15.15602],[125.165294,-15.162286],[125.154307,-15.150323],[125.140473,-15.120375],[125.134044,-15.114435],[125.116873,-15.069513],[125.12615,-15.049493],[125.123709,-15.038751],[125.110037,-15.025079],[125.098399,-15.029067],[125.087413,-15.051202],[125.075938,-15.059828],[125.069102,-15.025079],[125.061697,-15.031915],[125.063243,-15.013604],[125.083181,-14.993259],[125.082042,-14.976658],[125.072276,-14.96852],[125.059581,-14.972345],[125.041759,-14.990981],[125.023611,-14.976739],[125.000173,-14.970392],[125.008067,-14.984552],[125.011974,-15.005141],[125.010427,-15.031915],[125.027843,-15.040948],[125.031505,-15.061619],[125.021251,-15.100274],[125.013031,-15.084649],[124.997081,-15.097914],[124.972911,-15.134942],[124.952485,-15.115899],[124.930675,-15.112237],[124.917003,-15.102472],[124.896658,-15.101495],[124.863048,-15.114435],[124.856212,-15.134942],[124.84197,-15.141209],[124.834239,-15.164727],[124.845063,-15.16725],[124.861501,-15.162856],[124.869884,-15.165948],[124.856212,-15.195082],[124.856212,-15.229913],[124.863048,-15.229913],[124.869884,-15.216241],[124.87672,-15.223728],[124.870128,-15.233819],[124.869884,-15.250421],[124.931895,-15.20322],[124.962657,-15.190199],[124.979747,-15.162286],[124.986339,-15.178481],[125.003591,-15.182061],[125.013845,-15.148614],[125.055431,-15.162286],[125.025727,-15.203709],[125.006521,-15.221287],[124.989919,-15.219985],[124.976817,-15.207778],[124.970551,-15.207778],[124.965587,-15.213067],[124.924653,-15.229262],[124.917735,-15.2374],[124.924653,-15.247166],[124.897146,-15.264744],[124.887462,-15.275486],[124.883474,-15.28867],[124.885265,-15.296808],[124.897146,-15.299412],[124.906586,-15.333185],[124.917735,-15.339776],[124.928884,-15.338149],[124.951508,-15.323012],[124.984386,-15.312188],[125.026622,-15.283949],[125.038097,-15.281427],[125.072927,-15.304457],[125.090505,-15.305108],[125.096446,-15.285252],[125.104015,-15.298761],[125.114431,-15.308689],[125.127615,-15.313735],[125.144298,-15.313084],[125.144298,-15.319268],[125.113048,-15.329278],[125.08961,-15.347263],[125.07252,-15.418878],[125.123709,-15.460138],[125.132172,-15.471775],[125.172374,-15.502374],[125.185232,-15.517836],[125.15797,-15.505141],[125.086599,-15.454767],[125.061697,-15.44964],[125.053559,-15.46559],[125.053966,-15.485772],[125.049815,-15.498224],[125.027599,-15.491143],[125.024425,-15.484063],[125.027599,-15.466729],[125.017589,-15.463311],[124.99171,-15.478123],[124.979747,-15.477634],[124.976248,-15.469171],[124.993175,-15.438084],[124.993337,-15.422296],[124.976248,-15.410252],[124.95753,-15.406834],[124.920421,-15.361017],[124.905528,-15.351658],[124.883474,-15.347263],[124.822032,-15.354099],[124.834809,-15.329767],[124.83546,-15.318048],[124.815603,-15.309828],[124.797862,-15.291925],[124.782237,-15.301446],[124.74586,-15.335382],[124.739513,-15.33294],[124.761485,-15.292169],[124.756602,-15.285252],[124.715587,-15.274591],[124.708751,-15.250421],[124.698009,-15.257094],[124.698009,-15.264744],[124.682384,-15.260675],[124.663748,-15.250421],[124.660167,-15.274184],[124.663748,-15.291925],[124.697927,-15.298435],[124.698009,-15.313084],[124.68922,-15.320489],[124.667003,-15.324395],[124.663748,-15.339776],[124.669688,-15.352309],[124.681,-15.349786],[124.705333,-15.33294],[124.708507,-15.345636],[124.728038,-15.347589],[124.732677,-15.357517],[124.698009,-15.373956],[124.683442,-15.392348],[124.672618,-15.418227],[124.672862,-15.442641],[124.691742,-15.457127],[124.682628,-15.473891],[124.66863,-15.478448],[124.654063,-15.472345],[124.643321,-15.457127],[124.642833,-15.446384],[124.649425,-15.426853],[124.646739,-15.418878],[124.640147,-15.415948],[124.634613,-15.419041],[124.629649,-15.43255],[124.629649,-15.504978],[124.617686,-15.509535],[124.578136,-15.506931],[124.565278,-15.50156],[124.537608,-15.480727],[124.504242,-15.467462],[124.472911,-15.468683],[124.451996,-15.491143],[124.451996,-15.521661],[124.447765,-15.525079],[124.428966,-15.53045],[124.424815,-15.535577],[124.389903,-15.522556],[124.376475,-15.525323],[124.396983,-15.539158],[124.403331,-15.559259],[124.396821,-15.608005],[124.418468,-15.604099],[124.427501,-15.621515],[124.42628,-15.647556],[124.417979,-15.669366],[124.404307,-15.635186],[124.396739,-15.652276],[124.396821,-15.676202],[124.389985,-15.676202],[124.380626,-15.664483],[124.376475,-15.676202],[124.389985,-15.717055],[124.383474,-15.727634],[124.381521,-15.748468],[124.384532,-15.771417],[124.399181,-15.804783],[124.404307,-15.87477],[124.424815,-15.854262],[124.434093,-15.855645],[124.438731,-15.849705],[124.438487,-15.826349],[124.45045,-15.843194],[124.469493,-15.895929],[124.475597,-15.927341],[124.489431,-15.940688],[124.493175,-15.950453],[124.483653,-15.985528],[124.486339,-15.998305],[124.515147,-15.970147],[124.558442,-15.874933],[124.586681,-15.847833],[124.609711,-15.806573],[124.631684,-15.794203],[124.678884,-15.791681],[124.697113,-15.794041],[124.732677,-15.806573],[124.708751,-15.820733],[124.699229,-15.836847],[124.684255,-15.881036],[124.677989,-15.881036],[124.665863,-15.861505],[124.642589,-15.865655],[124.619884,-15.881931],[124.609711,-15.898696],[124.607677,-15.957615],[124.615977,-15.977227],[124.591156,-15.977309],[124.583751,-15.988865],[124.589366,-16.025079],[124.590017,-16.094171],[124.596202,-16.115004],[124.569672,-16.109959],[124.546723,-16.128106],[124.529552,-16.154962],[124.520356,-16.176446],[124.499848,-16.142267],[124.472667,-16.115004],[124.472423,-16.0735],[124.465831,-16.060479],[124.454275,-16.052667],[124.443126,-16.051853],[124.434337,-16.057794],[124.430919,-16.070001],[124.429698,-16.14186],[124.425548,-16.153578],[124.418224,-16.160577],[124.394542,-16.166599],[124.391856,-16.188165],[124.378429,-16.214939],[124.396821,-16.238539],[124.383311,-16.282647],[124.394786,-16.299249],[124.401541,-16.329278],[124.413259,-16.338149],[124.428722,-16.340509],[124.444591,-16.340427],[124.456798,-16.333266],[124.476329,-16.347833],[124.485525,-16.345473],[124.499278,-16.335707],[124.573253,-16.32586],[124.596202,-16.326593],[124.697276,-16.344415],[124.753184,-16.374444],[124.809418,-16.387628],[124.825206,-16.399021],[124.840831,-16.405206],[124.884044,-16.399184],[124.903982,-16.402439],[124.878917,-16.420668],[124.839692,-16.425714],[124.803722,-16.418227],[124.787852,-16.399021],[124.768728,-16.385349],[124.725759,-16.382501],[124.681326,-16.386977],[124.657481,-16.395603],[124.650157,-16.388116],[124.623302,-16.399998],[124.592459,-16.4013],[124.473643,-16.393324],[124.449229,-16.386977],[124.424815,-16.374444],[124.400157,-16.353123],[124.386078,-16.35117],[124.366466,-16.364516],[124.342133,-16.407973],[124.332205,-16.410089],[124.300629,-16.402439],[124.222667,-16.395603],[124.209972,-16.389581],[124.199392,-16.375095],[124.167166,-16.29697],[124.14796,-16.288263],[124.126231,-16.272231],[124.107758,-16.265395],[124.068533,-16.258966],[124.037852,-16.263442],[124.029307,-16.249282],[123.972179,-16.240411],[123.932872,-16.221775],[123.910899,-16.217462],[123.92335,-16.234796],[123.942393,-16.252862],[123.986013,-16.278904],[123.986013,-16.28631],[123.951427,-16.293634],[123.957774,-16.320896],[123.992849,-16.377862],[123.98463,-16.384698],[123.96697,-16.374444],[123.945079,-16.353936],[123.906749,-16.338637],[123.891856,-16.3388],[123.897227,-16.353936],[123.891368,-16.369806],[123.894705,-16.409763],[123.889659,-16.429783],[123.87672,-16.416111],[123.869314,-16.416111],[123.863048,-16.429783],[123.853282,-16.415948],[123.835216,-16.368259],[123.848806,-16.360772],[123.858084,-16.370782],[123.866059,-16.368097],[123.870616,-16.356622],[123.869314,-16.340427],[123.862641,-16.327325],[123.82838,-16.31992],[123.803477,-16.308201],[123.732677,-16.258966],[123.813487,-16.246026],[123.82838,-16.231134],[123.787852,-16.225356],[123.769298,-16.216567],[123.766856,-16.20436],[123.774262,-16.201918],[123.796072,-16.208754],[123.804454,-16.207452],[123.809337,-16.198907],[123.806895,-16.191095],[123.785818,-16.180434],[123.773692,-16.162774],[123.749522,-16.162774],[123.732595,-16.141046],[123.724132,-16.136326],[123.719086,-16.155938],[123.690929,-16.148696],[123.594981,-16.155938],[123.603363,-16.175551],[123.59669,-16.178806],[123.581309,-16.16961],[123.57016,-16.176935],[123.553966,-16.210626],[123.570649,-16.221856],[123.576427,-16.242446],[123.567149,-16.260919],[123.539724,-16.265232],[123.547374,-16.27752],[123.581309,-16.299981],[123.594086,-16.316827],[123.601817,-16.31992],[123.610199,-16.318129],[123.615896,-16.308526],[123.602875,-16.304132],[123.603363,-16.299737],[123.619151,-16.293145],[123.636974,-16.305352],[123.649587,-16.323337],[123.65797,-16.327732],[123.711681,-16.333591],[123.716563,-16.358657],[123.711681,-16.38128],[123.681326,-16.376235],[123.664399,-16.369887],[123.651622,-16.360284],[123.631602,-16.364679],[123.632498,-16.371352],[123.651866,-16.392511],[123.675548,-16.399102],[123.711681,-16.429783],[123.648448,-16.42783],[123.553966,-16.395603],[123.549327,-16.411879],[123.537852,-16.414646],[123.506114,-16.407973],[123.506114,-16.416111],[123.538748,-16.426446],[123.654063,-16.48447],[123.607432,-16.494073],[123.588145,-16.505466],[123.635102,-16.515395],[123.643321,-16.525974],[123.618419,-16.529962],[123.567638,-16.511],[123.543468,-16.505466],[123.524262,-16.498468],[123.489513,-16.468927],[123.465831,-16.4638],[123.492524,-16.500258],[123.482677,-16.505466],[123.424164,-16.491143],[123.427582,-16.49977],[123.445974,-16.512302],[123.458507,-16.525974],[123.488048,-16.543878],[123.498546,-16.561944],[123.512543,-16.566664],[123.543468,-16.56699],[123.545746,-16.562677],[123.533458,-16.532159],[123.555186,-16.539727],[123.596446,-16.535903],[123.609223,-16.546319],[123.609141,-16.563897],[123.595063,-16.574884],[123.553966,-16.594171],[123.566173,-16.615981],[123.552501,-16.626235],[123.529307,-16.63242],[123.51295,-16.642022],[123.509939,-16.653904],[123.595551,-16.665297],[123.611583,-16.673761],[123.643321,-16.704034],[123.693126,-16.729913],[123.708263,-16.741876],[123.716807,-16.75742],[123.732677,-16.813897],[123.768077,-16.878513],[123.792491,-16.89072],[123.835216,-16.881524],[123.902599,-16.858982],[123.923595,-16.8388],[123.931407,-16.800226],[123.948578,-16.809259],[123.953298,-16.828546],[123.948497,-16.850518],[123.937511,-16.867852],[123.8838,-16.896905],[123.870128,-16.923598],[123.841645,-16.946547],[123.835216,-16.960707],[123.84311,-16.979262],[123.86964,-17.004653],[123.863048,-17.025567],[123.817638,-16.996189],[123.804454,-16.991388],[123.794607,-17.000095],[123.798839,-17.019789],[123.814708,-17.053481],[123.837087,-17.13242],[123.85377,-17.163263],[123.882986,-17.190688],[123.914073,-17.198989],[123.917735,-17.207452],[123.913341,-17.21559],[123.879731,-17.21795],[123.86085,-17.210382],[123.821544,-17.155938],[123.78891,-17.14072],[123.771251,-17.126072],[123.751475,-17.082615],[123.733409,-17.066095],[123.698009,-17.046645],[123.680186,-17.060317],[123.667247,-17.008477],[123.656016,-16.995782],[123.635916,-16.991388],[123.60613,-16.996352],[123.594981,-16.985121],[123.591319,-16.999933],[123.577647,-17.025486],[123.574474,-17.042901],[123.5796,-17.094008],[123.622813,-17.155938],[123.639659,-17.172784],[123.644298,-17.184747],[123.643321,-17.203709],[123.629649,-17.202569],[123.612804,-17.215753],[123.607677,-17.250665],[123.594412,-17.278741],[123.594981,-17.313572],[123.567638,-17.361993],[123.561697,-17.404474],[123.560802,-17.447361],[123.581309,-17.492364],[123.587657,-17.515069],[123.588145,-17.570571],[123.584972,-17.580987],[123.570811,-17.595147],[123.567638,-17.591404],[123.560313,-17.536228],[123.553966,-17.518976],[123.511729,-17.471856],[123.501475,-17.429783],[123.477061,-17.40545],[123.465831,-17.389337],[123.457774,-17.384373],[123.434418,-17.344415],[123.399669,-17.329278],[123.38795,-17.315606],[123.36964,-17.279474],[123.379405,-17.254815],[123.368175,-17.228448],[123.350759,-17.204685],[123.333751,-17.162367],[123.280284,-17.101251],[123.271739,-17.085626],[123.267589,-17.069513],[123.266612,-17.029392],[123.260427,-17.014744],[123.21811,-16.977716],[123.198253,-16.943129],[123.183767,-16.928969],[123.160167,-16.92311],[123.143321,-16.913751],[123.143565,-16.892348],[123.156749,-16.855564],[123.157725,-16.843438],[123.15089,-16.807712],[123.106456,-16.786391],[123.094493,-16.769301],[123.094574,-16.745701],[123.100841,-16.732354],[123.125743,-16.721124],[123.131033,-16.711033],[123.132172,-16.686293],[123.125743,-16.686944],[123.112559,-16.709731],[123.102061,-16.712091],[123.09018,-16.709649],[123.081879,-16.70322],[123.067393,-16.683526],[123.042817,-16.692478],[123.030772,-16.676202],[123.026378,-16.625584],[123.021007,-16.614353],[123.009044,-16.616876],[122.98878,-16.629002],[122.980724,-16.625421],[122.97169,-16.594171],[122.959809,-16.580336],[122.990408,-16.529229],[122.977875,-16.505466],[122.990001,-16.473403],[123.002615,-16.470636],[123.040782,-16.478123],[123.053722,-16.470636],[123.05836,-16.453546],[123.041515,-16.441095],[122.998383,-16.422947],[123.018077,-16.396091],[123.020274,-16.382582],[123.006602,-16.374444],[122.938243,-16.416111],[122.916189,-16.415948],[122.902843,-16.450616],[122.894542,-16.49212],[122.886404,-16.512302],[122.870453,-16.516778],[122.848888,-16.553155],[122.837413,-16.561619],[122.79713,-16.560154],[122.783946,-16.565851],[122.771495,-16.579278],[122.7588,-16.604425],[122.7588,-16.638849],[122.745128,-16.669854],[122.746104,-16.702895],[122.763194,-16.730076],[122.820974,-16.779718],[122.7588,-16.758722],[122.740489,-16.761326],[122.704275,-16.786716],[122.664561,-16.788507],[122.642833,-16.800226],[122.625987,-16.800388],[122.614431,-16.796075],[122.606619,-16.786879],[122.601248,-16.772231],[122.582367,-16.779555],[122.570567,-16.788507],[122.553477,-16.813897],[122.551036,-16.837498],[122.546153,-16.839044],[122.540294,-16.834405],[122.527517,-16.850274],[122.526134,-16.861749],[122.530447,-16.873956],[122.560313,-16.909438],[122.582042,-16.956231],[122.594981,-16.970961],[122.542979,-16.96087],[122.529552,-16.953871],[122.506114,-16.91961],[122.488292,-16.915704],[122.472911,-16.92018],[122.481619,-16.949965],[122.478282,-16.970961],[122.464122,-16.983819],[122.450857,-16.981622],[122.444509,-16.968927],[122.45102,-16.950453],[122.412771,-16.972752],[122.276052,-17.089288],[122.266124,-17.101251],[122.256602,-17.12127],[122.262543,-17.126235],[122.273692,-17.128351],[122.279633,-17.139255],[122.214122,-17.21087],[122.207693,-17.224786],[122.19044,-17.230564],[122.178722,-17.244236],[122.172048,-17.261163],[122.167003,-17.295668],[122.149425,-17.341485],[122.141124,-17.458754],[122.14324,-17.563653],[122.16977,-17.628839],[122.177257,-17.663018],[122.205414,-17.71087],[122.197113,-17.742446],[122.19337,-17.805841],[122.207286,-17.873224],[122.207856,-17.91131],[122.196137,-17.945408],[122.16977,-17.978285],[122.182384,-17.986505],[122.190929,-17.998793],[122.197113,-17.998793],[122.217052,-17.969659],[122.248546,-17.96087],[122.283458,-17.964288],[122.344086,-17.983005],[122.360688,-18.000177],[122.367686,-18.026137],[122.369151,-18.063897],[122.363048,-18.087986],[122.347016,-18.121189],[122.323985,-18.150567],[122.250662,-18.186782],[122.220388,-18.197198],[122.197113,-18.238946],[122.183442,-18.225356],[122.158051,-18.263442],[122.122081,-18.293634],[122.062266,-18.320001],[122.053071,-18.331476],[122.0442,-18.360528],[122.022146,-18.384698],[121.91033,-18.464451],[121.888682,-18.471856],[121.866547,-18.470798],[121.823741,-18.451837],[121.811046,-18.462579],[121.796641,-18.486912],[121.773936,-18.545668],[121.759613,-18.560968],[121.731619,-18.580987],[121.77475,-18.606134],[121.78004,-18.619236],[121.777192,-18.640883],[121.769054,-18.657403],[121.715587,-18.703709],[121.678233,-18.70615],[121.659679,-18.71502],[121.643891,-18.717055],[121.624522,-18.710626],[121.613292,-18.712498],[121.621755,-18.739353],[121.646251,-18.763442],[121.649669,-18.776788],[121.642589,-18.810235],[121.631847,-18.823989],[121.612804,-18.865004],[121.597423,-18.911228],[121.569184,-18.944594],[121.564138,-18.975681],[121.557953,-18.990004],[121.539806,-19.013604],[121.519379,-19.069594],[121.416189,-19.221612],[121.311534,-19.354099],[121.193533,-19.472426],[121.166026,-19.484552],[121.128266,-19.520685],[120.954356,-19.633722],[120.650564,-19.763279],[120.3685,-19.86712],[120.238292,-19.906834],[120.070567,-19.921645],[119.802257,-19.965753],[119.755626,-19.961196],[119.734386,-19.96266],[119.716156,-19.97324],[119.71754,-20.003676],[119.702647,-20.013604],[119.690929,-20.014825],[119.67213,-20.008559],[119.664806,-20.010431],[119.637869,-20.041599],[119.623302,-20.046157],[119.589854,-20.065851],[119.566661,-20.06878],[119.523448,-20.053155],[119.487153,-20.030938],[119.473969,-20.005466],[119.463064,-19.999933],[119.435802,-20.013604],[119.376475,-19.99627],[119.292003,-19.98504],[119.212413,-19.961196],[119.192393,-19.958917],[119.17213,-19.960138],[119.163259,-19.966241],[119.161388,-20.00742],[119.118337,-19.971612],[119.09547,-19.966729],[119.068533,-19.982843],[119.056163,-20.009861],[119.014903,-20.024347],[118.97462,-20.050388],[118.958832,-20.104181],[118.88087,-20.185479],[118.851736,-20.236505],[118.831798,-20.261977],[118.805675,-20.28102],[118.738048,-20.292169],[118.701915,-20.317804],[118.681814,-20.323663],[118.647472,-20.321466],[118.628103,-20.309828],[118.606293,-20.309503],[118.575938,-20.316013],[118.56544,-20.321466],[118.410818,-20.346449],[118.368826,-20.362074],[118.353282,-20.36297],[118.342052,-20.355564],[118.335297,-20.3388],[118.322276,-20.335707],[118.264334,-20.355076],[118.248383,-20.365818],[118.230805,-20.371677],[118.209239,-20.36297],[118.195079,-20.371352],[118.188731,-20.349298],[118.177013,-20.348077],[118.15089,-20.356134],[118.13559,-20.362074],[117.940684,-20.492771],[117.934825,-20.500746],[117.93336,-20.509861],[117.935313,-20.52988],[117.91863,-20.555108],[117.911143,-20.560235],[117.878754,-20.565118],[117.867198,-20.57586],[117.849132,-20.60711],[117.839366,-20.616876],[117.810069,-20.623224],[117.736339,-20.658461],[117.729503,-20.650974],[117.674815,-20.672133],[117.675304,-20.668064],[117.664236,-20.657322],[117.650645,-20.672133],[117.635753,-20.673272],[117.623302,-20.661554],[117.602712,-20.657322],[117.579112,-20.667087],[117.543793,-20.69256],[117.513438,-20.706313],[117.437511,-20.722589],[117.35377,-20.727716],[117.311534,-20.722833],[117.272472,-20.712986],[117.197602,-20.68377],[117.181326,-20.673517],[117.160167,-20.644789],[117.167735,-20.624282],[117.16863,-20.60947],[117.160167,-20.596368],[117.154063,-20.596368],[117.117931,-20.629653],[117.107677,-20.635186],[117.09547,-20.637384],[117.071544,-20.620538],[117.062511,-20.621677],[116.957042,-20.668064],[116.940278,-20.686619],[116.921641,-20.698337],[116.879649,-20.713067],[116.855479,-20.712091],[116.835948,-20.704278],[116.787283,-20.664239],[116.783946,-20.657159],[116.78419,-20.644789],[116.788748,-20.633722],[116.810802,-20.61004],[116.814464,-20.570001],[116.820323,-20.5499],[116.835134,-20.541111],[116.845388,-20.539321],[116.843516,-20.535252],[116.824474,-20.52809],[116.806407,-20.529067],[116.790863,-20.534926],[116.79713,-20.548598],[116.779307,-20.560235],[116.743175,-20.616876],[116.699392,-20.659356],[116.587087,-20.735284],[116.550792,-20.747247],[116.53004,-20.74684],[116.520518,-20.751153],[116.51352,-20.773207],[116.506196,-20.780857],[116.48227,-20.792739],[116.451508,-20.814711],[116.434744,-20.822361],[116.391938,-20.827895],[116.347992,-20.828546],[116.334321,-20.833185],[116.308604,-20.855564],[116.289399,-20.863214],[116.26588,-20.862563],[116.218598,-20.842869],[116.1963,-20.846856],[116.189301,-20.858819],[116.187673,-20.904229],[116.174083,-20.943048],[116.151541,-20.969985],[116.121267,-20.986423],[116.085216,-20.993585],[116.056407,-21.010837],[116.023204,-21.02158],[115.936697,-21.059015],[115.905528,-21.084568],[115.877615,-21.115167],[115.85906,-21.154962],[115.830414,-21.190851],[115.818696,-21.225763],[115.806163,-21.235447],[115.662283,-21.298028],[115.625987,-21.321954],[115.602712,-21.34352],[115.536469,-21.424412],[115.49464,-21.466078],[115.478526,-21.501153],[115.4546,-21.513767],[115.223888,-21.59881],[115.105154,-21.665216],[115.098643,-21.652765],[115.088634,-21.652765],[115.055186,-21.676528],[115.008962,-21.693129],[114.970714,-21.682061],[114.928966,-21.693943],[114.778982,-21.781345],[114.70045,-21.809259],[114.678233,-21.834568],[114.646739,-21.843357],[114.637706,-21.857354],[114.631602,-21.898045],[114.624766,-21.918552],[114.611095,-21.925226],[114.598806,-21.955987],[114.550304,-22.041925],[114.503184,-21.996026],[114.495616,-22.00449],[114.501801,-22.041925],[114.518728,-22.060724],[114.522309,-22.069268],[114.521251,-22.089044],[114.505707,-22.126397],[114.497813,-22.16367],[114.467621,-22.172296],[114.463634,-22.181085],[114.468516,-22.194757],[114.467621,-22.206476],[114.439789,-22.244561],[114.428477,-22.271254],[114.421723,-22.298517],[114.391938,-22.358005],[114.383556,-22.414239],[114.37379,-22.434177],[114.367035,-22.478285],[114.337413,-22.493829],[114.319835,-22.487563],[114.299815,-22.449802],[114.286632,-22.443292],[114.25172,-22.459649],[114.221934,-22.46795],[114.206879,-22.486912],[114.1963,-22.507745],[114.179698,-22.521742],[114.148123,-22.521417],[114.122406,-22.504164],[114.11085,-22.477716],[114.125743,-22.438165],[114.118175,-22.413263],[114.117686,-22.398858],[114.122732,-22.389093],[114.151866,-22.358005],[114.163829,-22.355564],[114.170421,-22.338474],[114.171397,-22.317478],[114.166026,-22.302667],[114.147472,-22.294529],[114.137543,-22.307306],[114.131602,-22.326267],[114.12436,-22.336684],[114.109711,-22.330987],[114.111339,-22.312107],[114.12436,-22.275323],[114.120942,-22.260431],[114.077485,-22.17547],[114.083018,-22.14072],[114.096446,-22.106378],[114.127696,-21.922784],[114.152517,-21.846368],[114.176036,-21.822198],[114.172211,-21.802992],[114.15919,-21.791925],[114.127778,-21.804295],[114.086274,-21.811944],[114.067149,-21.819024],[114.035818,-21.837823],[114.011485,-21.859959],[113.947032,-21.952569],[113.923106,-22.013116],[113.89796,-22.049249],[113.885509,-22.110935],[113.803966,-22.330824],[113.792735,-22.347345],[113.7588,-22.38242],[113.747732,-22.401544],[113.731456,-22.479587],[113.716807,-22.49212],[113.693126,-22.535414],[113.660818,-22.553399],[113.65211,-22.562677],[113.646658,-22.577732],[113.658946,-22.60711],[113.659516,-22.640802],[113.67213,-22.668715],[113.671641,-22.690199],[113.658946,-22.727797],[113.690684,-22.730645],[113.713634,-22.741469],[113.759776,-22.788751],[113.775401,-22.852472],[113.801768,-22.899835],[113.807384,-22.930597],[113.811534,-23.051365],[113.805024,-23.075128],[113.789317,-23.097101],[113.758311,-23.118829],[113.748302,-23.162286],[113.768809,-23.241143],[113.782481,-23.327081],[113.771007,-23.389581],[113.768809,-23.457696],[113.754568,-23.48504],[113.749848,-23.511651],[113.737559,-23.527032],[113.699962,-23.549574],[113.68214,-23.579685],[113.636241,-23.596856],[113.631033,-23.60117],[113.627696,-23.611912],[113.60434,-23.624688],[113.559337,-23.741957],[113.538341,-23.748468],[113.526378,-23.764744],[113.502126,-23.852797],[113.491873,-23.872166],[113.459727,-23.910333],[113.456554,-23.927179],[113.46046,-23.96795],[113.455333,-23.990655],[113.446788,-24.007582],[113.422699,-24.033136],[113.414561,-24.049412],[113.413829,-24.070408],[113.419281,-24.104587],[113.431814,-24.148045],[113.433279,-24.17018],[113.422699,-24.190525],[113.397227,-24.214125],[113.389415,-24.227797],[113.385265,-24.249119],[113.391449,-24.41367],[113.400238,-24.45794],[113.416759,-24.497654],[113.439464,-24.53281],[113.542491,-24.643487],[113.60434,-24.728285],[113.618663,-24.77044],[113.620942,-24.795831],[113.605154,-24.830499],[113.610606,-24.892755],[113.639659,-24.896173],[113.658214,-24.912042],[113.666759,-24.93377],[113.665212,-24.954848],[113.647309,-24.977309],[113.645763,-24.993097],[113.655284,-25.026137],[113.669444,-25.04754],[113.677908,-25.081638],[113.692149,-25.105239],[113.713064,-25.124933],[113.747325,-25.136651],[113.789317,-25.160333],[113.802419,-25.171808],[113.816661,-25.208754],[113.853282,-25.26393],[113.862071,-25.302667],[113.928396,-25.449802],[113.951671,-25.48919],[114.015636,-25.569594],[114.041026,-25.633559],[114.049327,-25.646905],[114.093028,-25.671645],[114.100597,-25.694757],[114.115489,-25.700779],[114.129161,-25.715265],[114.136485,-25.733331],[114.132009,-25.749933],[114.144867,-25.757013],[114.155284,-25.789727],[114.193126,-25.802179],[114.242686,-25.828871],[114.258556,-25.841892],[114.263194,-25.862237],[114.234223,-25.927423],[114.237478,-25.94964],[114.260265,-25.971124],[114.268565,-25.989516],[114.219574,-25.996759],[114.190766,-25.97088],[114.186534,-25.978936],[114.191742,-26.004002],[114.217784,-26.043064],[114.22755,-26.06463],[114.226817,-26.0888],[114.223318,-26.100681],[114.217296,-26.105645],[114.197213,-26.168087],[114.191895,-26.195862],[114.204875,-26.246446],[114.219581,-26.274162],[114.234371,-26.316584],[114.216309,-26.344445],[114.207361,-26.375541],[114.156421,-26.393729],[114.143749,-26.413393],[114.103776,-26.447882],[114.085537,-26.447952],[114.069083,-26.43656],[114.021534,-26.390888],[113.969981,-26.33172],[113.957508,-26.283147],[113.955637,-26.260278],[113.942827,-26.22764],[113.935469,-26.191722],[113.948087,-26.139464],[113.928096,-26.137868],[113.906016,-26.119317],[113.911637,-26.088939],[113.902433,-26.031854],[113.909577,-25.976373],[113.885509,-25.951755],[113.854503,-25.944268],[113.851573,-25.947686],[113.852875,-25.971287],[113.862315,-25.988946],[113.878842,-26.043321],[113.868004,-26.079242],[113.84807,-26.12171],[113.795386,-26.206715],[113.766251,-26.210034],[113.762605,-26.196973],[113.728004,-26.197035],[113.728013,-26.180685],[113.70436,-26.148046],[113.71346,-26.121914],[113.715276,-26.077832],[113.72255,-26.048439],[113.718913,-26.032116],[113.731639,-26.007621],[113.738886,-25.98477],[113.735216,-25.935815],[113.753366,-25.921115],[113.760609,-25.904793],[113.756951,-25.885217],[113.727306,-25.872817],[113.722341,-25.866632],[113.716977,-25.846074],[113.727832,-25.79544],[113.700938,-25.791762],[113.675184,-25.780791],[113.660641,-25.749767],[113.631033,-25.736261],[113.60798,-25.704015],[113.58434,-25.632113],[113.562511,-25.631524],[113.555919,-25.619561],[113.532888,-25.618259],[113.520796,-25.600955],[113.524388,-25.578057],[113.51525,-25.509337],[113.502548,-25.514213],[113.489869,-25.545269],[113.464457,-25.573011],[113.451754,-25.604054],[113.422647,-25.654663],[113.413528,-25.702047],[113.420781,-25.728215],[113.44752,-25.764825],[113.46046,-25.776625],[113.469165,-25.791707],[113.468158,-25.805111],[113.474111,-25.817632],[113.488029,-25.827482],[113.511872,-25.853422],[113.523766,-25.891846],[113.518765,-25.919536],[113.557553,-25.940989],[113.553517,-25.972261],[113.562426,-25.999964],[113.576347,-26.008898],[113.567356,-26.036602],[113.577239,-26.089343],[113.611082,-26.096482],[113.648878,-26.139386],[113.679971,-26.183827],[113.684138,-26.221604],[113.74924,-26.238515],[113.781749,-26.241388],[113.81422,-26.266778],[113.841075,-26.295668],[113.868411,-26.3188],[113.884773,-26.342673],[113.883369,-26.378543],[113.873031,-26.398493],[113.883455,-26.4224],[113.889479,-26.464915],[113.886567,-26.492838],[113.870286,-26.52213],[113.8525,-26.544772],[113.813879,-26.563486],[113.812432,-26.599415],[113.780447,-26.601251],[113.772271,-26.587507],[113.760378,-26.595511],[113.694918,-26.61424],[113.687468,-26.631559],[113.68629,-26.654229],[113.669586,-26.652893],[113.671084,-26.635582],[113.662177,-26.600975],[113.644315,-26.602325],[113.628754,-26.598077],[113.638379,-26.587683],[113.633933,-26.57304],[113.642887,-26.549073],[113.644426,-26.48122],[113.625147,-26.439997],[113.617716,-26.446654],[113.623608,-26.487886],[113.598283,-26.518507],[113.593765,-26.553117],[113.581834,-26.565109],[113.565507,-26.565081],[113.567114,-26.490561],[113.556743,-26.470604],[113.567155,-26.445347],[113.552377,-26.384173],[113.561326,-26.352265],[113.543565,-26.287118],[113.530216,-26.267172],[113.51387,-26.273809],[113.51384,-26.295082],[113.509363,-26.312363],[113.525653,-26.354918],[113.507715,-26.41077],[113.507623,-26.469296],[113.486755,-26.479943],[113.479319,-26.473292],[113.492788,-26.434715],[113.48988,-26.400128],[113.503317,-26.376189],[113.495963,-26.326983],[113.478203,-26.283087],[113.473775,-26.26314],[113.461911,-26.249829],[113.45898,-26.221899],[113.45009,-26.200609],[113.451631,-26.159384],[113.413015,-26.155328],[113.396642,-26.17658],[113.387871,-26.060804],[113.362674,-26.012815],[113.356698,-26.042086],[113.380398,-26.099378],[113.377253,-26.2098],[113.363828,-26.228399],[113.3533,-26.274944],[113.356187,-26.308203],[113.375431,-26.350812],[113.38427,-26.382755],[113.367905,-26.378743],[113.36201,-26.357447],[113.335335,-26.310837],[113.327998,-26.274896],[113.329641,-26.235029],[113.320902,-26.121847],[113.306224,-25.996651],[113.291314,-26.024567],[113.285324,-26.056503],[113.292614,-26.131083],[113.279063,-26.197597],[113.275971,-26.234857],[113.26413,-26.210869],[113.258252,-26.185559],[113.210216,-26.174493],[113.161495,-26.139953],[113.15698,-26.151926]]]}},{"type":"Feature","id":"martinborough","properties":{"name":"Martinborough","slug":"martinborough","parent_iso_a3":"NZL","source_name":"OpenStreetMap via Nominatim","source_url":"https://nominatim.openstreetmap.org/","source_license":"ODbL 1.0","source_queries":"Martinborough Community, South Wairarapa District, Wellington, New Zealand => Martinborough Community, South Wairarapa District, Wellington, New Zealand / Aotearoa"},"geometry":{"type":"Polygon","coordinates":[[[175.1391338,-41.3657041],[175.1402585,-41.3976563],[175.199877,-41.4207671],[175.2171079,-41.4324986],[175.2157438,-41.4394957],[175.2211561,-41.4550724],[175.2072791,-41.4753458],[175.2083604,-41.5007905],[175.1948632,-41.5263242],[175.2176381,-41.5406604],[175.222057,-41.5712082],[175.2264266,-41.5819136],[175.2336118,-41.5855104],[175.2312549,-41.5911808],[175.2357478,-41.6068809],[175.25516,-41.6036776],[175.2674698,-41.6063531],[175.2734151,-41.6127164],[175.2854244,-41.6112398],[175.2902618,-41.6137472],[175.3089142,-41.6082015],[175.3228397,-41.6080705],[175.3359307,-41.5959919],[175.353708,-41.5885767],[175.3615966,-41.5755775],[175.3691179,-41.5716345],[175.3887946861576,-41.56976732410579],[175.448416,-41.551853],[175.5027036551851,-41.51976577641747],[175.5080351,-41.5106636],[175.52760121633992,-41.505049841299055],[175.53237299636223,-41.502229436329635],[175.5343191,-41.4957158],[175.54155625573605,-41.496801585453774],[175.66730464375857,-41.422476830997766],[175.6746863,-41.4147059],[175.6842769,-41.41449],[175.6958275,-41.4064223],[175.71016783016032,-41.40550038006113],[175.7113587,-41.40126],[175.73840100685254,-41.39276159269162],[175.76780257086725,-41.37672474918766],[175.7698194,-41.3705439],[175.78310489035323,-41.366893977243706],[175.80028369425358,-41.35309026357962],[175.7989588,-41.3487591],[175.7847519,-41.3431939],[175.8097755,-41.3252006],[175.7669072,-41.316679],[175.7735095,-41.2979647],[175.7955599,-41.3024014],[175.8017556,-41.2856218],[175.7503606,-41.275443],[175.7556263,-41.260895],[175.7493097,-41.2546117],[175.7379133,-41.2508414],[175.7355053,-41.253094],[175.7395072,-41.2550503],[175.7346166,-41.2590093],[175.7269964,-41.2543423],[175.7326272,-41.2453379],[175.7439514,-41.2380793],[175.7395282,-41.2333067],[175.7467865,-41.2349887],[175.7559607,-41.2089879],[175.749664,-41.2026113],[175.73018,-41.2031035],[175.7209301,-41.2293614],[175.7151961,-41.2282999],[175.7076879,-41.2311183],[175.707891,-41.2339041],[175.7026799,-41.2325421],[175.7019744,-41.236995],[175.7001662,-41.2337716],[175.6960616,-41.2367074],[175.6959901,-41.2282625],[175.6882717,-41.2310254],[175.6842529,-41.2284642],[175.6878032,-41.2251498],[175.6791801,-41.2243255],[175.6808707,-41.2216541],[175.6767757,-41.2178782],[175.6465494,-41.2136418],[175.646893,-41.2088946],[175.6367202,-41.2119481],[175.6069049,-41.2066206],[175.6046835,-41.2036003],[175.5947365,-41.2055066],[175.5818628,-41.1981626],[175.584966,-41.1960783],[175.5823111,-41.1926968],[175.5862581,-41.1877757],[175.5841415,-41.1838173],[175.5908886,-41.1813758],[175.5916476,-41.177009],[175.5762317,-41.1700564],[175.5776184,-41.1607594],[175.5636046,-41.1616218],[175.529964,-41.1551751],[175.5175089,-41.1470166],[175.492834,-41.1452463],[175.4869289,-41.1556528],[175.4723948,-41.1539653],[175.4723984,-41.1575837],[175.4827046,-41.1651676],[175.4704522,-41.16828],[175.4767858,-41.1789599],[175.4615047,-41.1865152],[175.4614891,-41.1974127],[175.4579461,-41.1992151],[175.4397943,-41.1972697],[175.4334513,-41.1924242],[175.4297871,-41.1838822],[175.4346165,-41.1799003],[175.408744,-41.1773061],[175.3863375,-41.1680337],[175.3600458,-41.1432715],[175.3534537,-41.1525634],[175.3576038,-41.1606787],[175.3532471,-41.1661992],[175.3344846,-41.1812272],[175.3122294,-41.1828512],[175.2985313,-41.2015501],[175.2990449,-41.209175],[175.2776382,-41.2242146],[175.2468673,-41.2398134],[175.2267381,-41.2442079],[175.2096925,-41.241472],[175.1931252,-41.2446296],[175.1843455,-41.2516937],[175.1880367,-41.263071],[175.1763029,-41.274821],[175.1841317,-41.2837985],[175.1847364,-41.2933278],[175.1981214,-41.3031941],[175.188293,-41.3221294],[175.1719039,-41.3218308],[175.1642031,-41.3252153],[175.1616596,-41.3306164],[175.1652118,-41.3403394],[175.1578862,-41.3473015],[175.1432081,-41.3526392],[175.1391338,-41.3657041]]]}},{"type":"Feature","id":"marlborough","properties":{"name":"Marlborough","slug":"marlborough","parent_iso_a3":"NZL","source_name":"OpenStreetMap via Nominatim","source_url":"https://nominatim.openstreetmap.org/","source_license":"ODbL 1.0","source_queries":"Marlborough, New Zealand => Marlborough, New Zealand / Aotearoa | Marlborough District, New Zealand => Marlborough District, Marlborough, New Zealand / Aotearoa"},"geometry":{"type":"Polygon","coordinates":[[[172.7185299,-42.1413089],[172.7215481,-42.1585374],[172.7300622,-42.1658078],[172.7434569,-42.1678482],[172.7496437,-42.1723671],[172.7814451,-42.1674813],[172.7856846,-42.1625154],[172.7937936,-42.1617077],[172.7991166,-42.1647381],[172.7948509,-42.171409],[172.7957672,-42.1796023],[172.8069478,-42.1894747],[172.8210042,-42.182656],[172.832055,-42.1844575],[172.834403,-42.1901143],[172.8314387,-42.1990063],[172.8251168,-42.2025213],[172.8226812,-42.208665],[172.8265638,-42.2482292],[172.8634638,-42.25624],[172.8592358,-42.2699467],[172.8422529,-42.2895886],[172.8468821,-42.3079441],[172.8695235,-42.3176692],[172.8894338,-42.3099063],[172.8958823,-42.3146145],[172.9073316,-42.3082681],[172.9149748,-42.3092847],[172.9220269,-42.3257828],[172.9181645,-42.3296409],[172.919557,-42.3458106],[172.9248716,-42.350476],[172.9437515,-42.3511853],[172.9382296,-42.373003],[172.9413935,-42.3778251],[172.974455,-42.3953463],[172.9880594,-42.3916331],[173.0028875,-42.3932772],[172.9846607,-42.4193849],[172.9865012,-42.4249565],[172.9833135,-42.4333457],[172.9764222,-42.4334999],[172.9748917,-42.4436825],[172.9695194,-42.4486799],[172.9990645,-42.4523913],[173.0076767,-42.4458732],[173.0144942,-42.4462915],[173.0333449,-42.4582881],[173.0330816,-42.4651665],[173.0393117,-42.470841],[173.035789,-42.4834706],[173.0542221,-42.4880845],[173.0692152,-42.4806948],[173.076642,-42.4682163],[173.0761038,-42.460919],[173.0958053,-42.4607527],[173.106251,-42.4476812],[173.1117134,-42.445943],[173.1257674,-42.4512145],[173.1523278,-42.4496027],[173.1643044,-42.4185067],[173.190103,-42.4104143],[173.2033005,-42.3976268],[173.2090707,-42.3830518],[173.2206724,-42.3801007],[173.2188204,-42.3643175],[173.2237661,-42.356685],[173.2433168,-42.3560848],[173.2259006,-42.3463285],[173.1806515,-42.3464041],[173.184207,-42.3449113],[173.1831688,-42.3369019],[173.1909087,-42.3358119],[173.1921074,-42.3316248],[173.2048812,-42.33403],[173.2072179,-42.3170246],[173.2445247,-42.3031042],[173.2958716,-42.2657536],[173.3020075,-42.2563039],[173.2964544,-42.2480326],[173.3037789,-42.2460703],[173.3122014,-42.2503816],[173.3333226,-42.2466492],[173.3415485,-42.2279031],[173.3481335,-42.2341345],[173.3443378,-42.2396489],[173.3511388,-42.2427119],[173.3559584,-42.2417118],[173.3570721,-42.2366552],[173.3731923,-42.2368076],[173.3756767,-42.2330005],[173.3691021,-42.2333165],[173.3681811,-42.2246369],[173.3755708,-42.2237937],[173.3838555,-42.2171457],[173.3912707,-42.2218853],[173.3975434,-42.2211456],[173.4221836,-42.2090456],[173.4369621,-42.2141831],[173.4433756,-42.2021051],[173.4644634,-42.1956737],[173.4640258,-42.1797542],[173.4842518,-42.1813391],[173.4805305,-42.1722751],[173.4827958,-42.1660902],[173.4780328,-42.1630177],[173.4778692,-42.1529837],[173.4738009,-42.1506003],[173.4720532,-42.1337389],[173.463045,-42.1178107],[173.4765453,-42.1165463],[173.4864817,-42.110449],[173.4882087,-42.1068055],[173.4839895,-42.0994116],[173.4991075,-42.0787367],[173.5176373,-42.0693932],[173.5468017,-42.0697899],[173.5446246,-42.0612509],[173.5530215,-42.0535338],[173.5551086,-42.0459237],[173.5712899,-42.0329985],[173.5945042,-42.0292896],[173.6097178,-42.004526],[173.6242432,-42.0107119],[173.6381498,-42.009372],[173.6628322,-41.9959469],[173.6601007,-41.9865866],[173.6632186,-41.9821029],[173.6761336,-41.9796389],[173.681993,-41.974291],[173.7002259,-41.9719771],[173.7202102,-41.9607713],[173.7134228,-41.9504245],[173.7142361,-41.9405116],[173.7341154165756,-41.914717086183806],[173.7444305,-41.9073974],[173.7620764,-41.9119052],[173.7539389,-41.9144668],[173.7668317,-41.9218172],[173.7894086,-41.9581984],[173.8172537,-41.932997],[173.8338708,-41.9303773],[173.8511828,-41.9330852],[173.9145083,-41.915241],[173.9238589,-41.9211559],[173.930478,-41.9208206],[173.94370909419686,-41.91236900789136],[173.9542462,-41.9132998],[173.95879674475083,-41.90871488586509],[173.9652082,-41.9228938],[173.9698679,-41.9261826],[173.9793276,-41.9256352],[173.9771013,-41.9333854],[174.0034879,-41.9320826],[174.019496,-41.9396039],[174.02924,-41.9313203],[174.038947,-41.9349138],[174.0494052,-41.929088],[174.0545663,-41.9337319],[174.06251314099194,-41.934642614542035],[174.0575486,-41.9392931],[174.061128,-41.9448421],[174.0601928,-41.9544129],[174.0476437,-41.9682399],[174.06365652886757,-41.98353313417097],[174.197927,-41.876072],[174.21518,-41.856703],[174.286388,-41.754571],[174.292166,-41.730157],[174.273448,-41.73561],[174.24822,-41.733331],[174.225922,-41.723403],[174.210948,-41.699395],[174.189952,-41.644627],[174.172374,-41.57822],[174.117198,-41.507094],[174.103201,-41.497979],[174.105968,-41.513442],[174.115082,-41.533787],[174.120291,-41.538344],[174.115408,-41.558526],[174.10434,-41.561212],[174.089854,-41.552016],[174.093272,-41.545831],[174.088715,-41.532647],[174.076915,-41.52044],[174.058116,-41.517267],[174.064708,-41.500665],[174.052013,-41.455824],[174.050629,-41.436944],[174.055512,-41.424574],[174.079275,-41.400567],[174.133067,-41.320082],[174.161876,-41.304946],[174.15504,-41.319431],[174.16863,-41.322035],[174.189464,-41.306248],[174.199474,-41.30877],[174.175466,-41.346612],[174.190278,-41.343357],[174.214041,-41.32879],[174.245291,-41.322442],[174.260509,-41.295099],[174.297699,-41.264744],[174.325694,-41.216241],[174.284434,-41.24033],[174.263357,-41.247735],[174.226248,-41.252618],[174.211762,-41.262384],[174.199474,-41.264744],[174.172374,-41.255304],[174.148204,-41.236749],[174.118175,-41.243097],[174.098643,-41.253025],[174.065603,-41.250421],[174.034028,-41.268813],[174.019216,-41.27337],[173.997325,-41.267755],[173.958751,-41.279067],[173.935232,-41.279555],[173.938324,-41.267755],[173.970225,-41.249444],[173.988617,-41.245701],[174.00408,-41.250421],[174.011241,-41.240004],[174.021658,-41.235772],[174.033702,-41.237237],[174.045665,-41.243585],[174.06186,-41.229181],[174.088552,-41.223321],[174.154959,-41.220961],[174.175466,-41.202569],[174.195567,-41.193048],[174.216482,-41.188897],[174.203298,-41.164727],[174.17449,-41.137384],[174.167003,-41.1242],[174.167328,-41.115899],[174.182302,-41.120701],[174.199718,-41.091567],[174.20281,-41.096287],[174.20281,-41.13714],[174.207205,-41.147231],[174.216807,-41.147393],[174.230154,-41.140558],[174.227794,-41.138116],[174.240001,-41.130466],[174.25408,-41.124444],[174.257335,-41.126886],[174.261485,-41.09881],[174.267345,-41.089044],[174.318696,-41.026625],[174.326427,-41.009373],[174.318858,-40.996515],[174.304535,-41.000584],[174.226573,-41.065199],[174.207205,-41.070571],[174.189138,-41.058689],[174.184337,-41.04339],[174.188975,-41.039158],[174.210297,-41.036554],[174.215343,-41.032892],[174.216482,-41.01393],[174.211436,-40.999607],[174.198904,-40.984552],[174.183116,-40.973077],[174.167979,-40.969171],[174.171723,-40.987888],[174.161957,-41.003839],[174.145274,-41.009373],[174.128266,-40.996515],[174.113129,-41.014337],[174.094249,-41.019138],[174.073253,-41.014255],[174.052013,-41.003351],[174.01588,-40.974542],[173.998546,-40.968845],[173.996755,-40.989841],[173.981212,-40.984063],[173.974376,-40.98797],[173.975597,-40.997979],[173.983653,-41.010837],[173.948904,-41.010837],[173.956309,-41.022638],[173.987071,-41.048028],[174.000173,-41.052911],[174.017263,-41.017022],[174.033702,-41.017185],[174.042003,-41.028253],[174.041352,-41.043064],[174.024262,-41.063409],[174.045665,-41.092869],[174.015391,-41.09295],[174.002452,-41.104099],[173.993826,-41.123224],[173.976329,-41.147393],[173.970551,-41.116632],[173.973155,-41.10117],[173.983653,-41.085219],[173.948904,-41.079034],[173.948985,-41.095636],[173.927908,-41.101983],[173.928477,-41.120701],[173.892589,-41.145196],[173.887462,-41.161065],[173.896332,-41.191664],[173.922699,-41.192641],[173.976329,-41.175388],[173.969412,-41.188897],[173.979015,-41.194268],[173.990245,-41.195082],[173.99936,-41.193455],[174.00408,-41.181573],[174.021251,-41.177504],[174.133962,-41.175388],[174.112153,-41.193455],[174.083344,-41.199477],[174.024099,-41.195082],[174.045665,-41.209568],[174.006033,-41.221938],[173.981781,-41.224216],[173.95045,-41.21266],[173.887462,-41.216241],[173.895356,-41.22503],[173.934581,-41.229913],[173.934581,-41.236749],[173.896983,-41.244399],[173.79127,-41.291436],[173.774262,-41.283949],[173.767345,-41.276056],[173.763927,-41.264744],[173.818696,-41.252537],[173.847179,-41.241469],[173.859548,-41.229913],[173.87379,-41.185235],[173.867442,-41.171157],[173.852306,-41.160821],[173.834158,-41.154962],[173.818614,-41.15488],[173.829112,-41.140069],[173.859141,-41.12949],[173.866466,-41.106378],[173.881521,-41.110121],[173.885997,-41.10589],[173.887462,-41.096287],[173.880138,-41.082208],[173.882579,-41.073989],[173.925059,-41.084649],[173.930431,-41.065362],[173.936046,-41.059503],[173.95574,-41.058689],[173.929942,-41.048272],[173.894786,-41.049412],[173.828868,-41.058689],[173.828136,-41.063409],[173.804942,-41.089044],[173.800548,-41.10475],[173.790212,-41.110121],[173.778656,-41.10768],[173.770274,-41.099705],[173.788259,-41.08294],[173.798106,-41.058689],[173.781261,-41.053888],[173.780772,-41.046563],[173.804942,-41.031345],[173.780528,-41.011407],[173.795746,-41.001397],[173.824392,-40.998305],[173.83961,-40.999933],[173.853852,-41.010837],[173.885509,-41.010186],[173.917979,-41.001886],[173.934581,-40.989841],[173.925792,-40.988458],[173.914236,-40.976007],[173.933767,-40.965509],[173.95574,-40.969171],[173.96046,-40.955255],[173.975841,-40.940851],[173.969412,-40.927667],[174.017589,-40.937188],[174.034841,-40.933526],[174.024099,-40.907159],[174.003917,-40.899998],[173.983653,-40.900974],[173.919688,-40.925063],[173.914236,-40.927667],[173.90797,-40.948826],[173.87379,-40.976007],[173.849783,-40.971856],[173.853526,-40.925877],[173.828868,-40.938572],[173.801524,-40.969171],[173.750662,-40.975681],[173.707286,-40.994236],[173.682384,-41.01572],[173.681407,-41.034438],[173.687673,-41.037367],[173.726085,-41.017022],[173.738617,-41.019789],[173.746593,-41.027114],[173.747569,-41.037205],[173.739757,-41.048028],[173.688975,-41.064711],[173.674815,-41.075942],[173.688813,-41.099705],[173.674571,-41.106378],[173.664724,-41.093683],[173.654796,-41.106378],[173.64796,-41.106378],[173.646739,-41.087009],[173.636567,-41.069268],[173.62086,-41.056248],[173.603201,-41.051202],[173.59474837307062,-41.054176985808134],[173.5985534503466,-41.07094365837906],[173.5919111,-41.0784347],[173.5963922497679,-41.089393428071496],[173.5882089,-41.1001072],[173.5900144,-41.1084501],[173.5790987,-41.1240627],[173.5809079,-41.1639758],[173.5744186,-41.1837185],[173.5673823,-41.190038],[173.5439089,-41.1897912],[173.5223332,-41.1982855],[173.5220069,-41.2066259],[173.5157992,-41.2138957],[173.4877435,-41.2216082],[173.4761655,-41.2289435],[173.4710571,-41.2428859],[173.4416648,-41.2642765],[173.436911,-41.2729445],[173.4155078,-41.2887828],[173.4209935,-41.2997737],[173.420767,-41.308434],[173.4147589,-41.323059],[173.4067892,-41.3309584],[173.3760018,-41.3423395],[173.3607456,-41.3531954],[173.337524,-41.3855448],[173.2974833,-41.3930988],[173.2850121,-41.4026975],[173.2948509,-41.4256371],[173.2763678,-41.4395098],[173.2735443,-41.4489459],[173.2627056,-41.4521292],[173.2508314,-41.4665802],[173.2684503,-41.4798024],[173.2746715,-41.488803],[173.2888539,-41.4932739],[173.3041493,-41.5060321],[173.2985245,-41.5157345],[173.2794643,-41.5164955],[173.2492711,-41.5244925],[173.2156005,-41.5182319],[173.1862677,-41.5288088],[173.1724444,-41.5240867],[173.1687005,-41.5311547],[173.1745963,-41.542368],[173.165507,-41.5498164],[173.1551706,-41.5682658],[173.1516147,-41.585471],[173.1320593,-41.5897087],[173.121479,-41.6080185],[173.1034318,-41.6102938],[173.089263,-41.6241545],[173.0586997,-41.6257374],[173.0535821,-41.6377409],[173.0573752,-41.6684607],[173.0037897,-41.7248033],[172.9578889,-41.7495203],[172.9424359,-41.7488256],[172.9306223,-41.74381],[172.9260381,-41.7484082],[172.9262352,-41.7577337],[172.9329753,-41.761856],[172.9330608,-41.7691754],[172.936317,-41.7712051],[172.9443894,-41.7660856],[172.9445288,-41.7694771],[172.9390567,-41.7725811],[172.9456798,-41.7809333],[172.9299561,-41.7873906],[172.9078119,-41.8087074],[172.8910043,-41.8182122],[172.8725415,-41.8439588],[172.8678211,-41.8663834],[172.864411,-41.8687839],[172.8592401,-41.8667997],[172.8475706,-41.8742875],[172.8447203,-41.8908901],[172.8600281,-41.8975507],[172.8646455,-41.9079243],[172.8611116,-41.9224652],[172.852932,-41.9273587],[172.8464551,-41.9432049],[172.8080634,-41.9581346],[172.8116558,-41.9644579],[172.8092994,-41.975107],[172.8020708,-41.9860989],[172.7788441,-41.9982907],[172.7833174,-42.0089225],[172.7729548,-42.0225505],[172.763977,-42.0263374],[172.7567887,-42.0361659],[172.7502474,-42.0326522],[172.7330013,-42.0345096],[172.7314829,-42.0535386],[172.7352988,-42.0578954],[172.7315521,-42.0696116],[172.7255145,-42.0740789],[172.7234552,-42.0822256],[172.7274181,-42.0944738],[172.7185883,-42.1127782],[172.7248466,-42.1222636],[172.7226232,-42.1276147],[172.7260087,-42.1347823],[172.7185299,-42.1413089]]]}},{"type":"Feature","id":"central-otago","properties":{"name":"Central Otago","slug":"central-otago","parent_iso_a3":"NZL","source_name":"OpenStreetMap via Nominatim","source_url":"https://nominatim.openstreetmap.org/","source_license":"ODbL 1.0","source_queries":"Central Otago District, New Zealand => Central Otago District, Otago, New Zealand / Aotearoa"},"geometry":{"type":"Polygon","coordinates":[[[168.7686521,-45.4026728],[168.7777671,-45.4243746],[168.7787375,-45.4366463],[168.7962043,-45.4334131],[168.8252209,-45.446057],[168.825646,-45.4410551],[168.8304822,-45.4376091],[168.8539894,-45.4320734],[168.8600582,-45.4383119],[168.8588197,-45.4520112],[168.8869012,-45.4628205],[168.906798,-45.4494865],[168.9595664,-45.3591221],[169.0127927,-45.3034682],[169.0654699,-45.2696099],[169.0729131,-45.2710821],[169.090196,-45.2860931],[169.088204,-45.2907996],[169.0992939,-45.3199458],[169.129471,-45.3375928],[169.1482153,-45.33877],[169.1547226,-45.3492714],[169.1532257,-45.3535387],[169.1707418,-45.3804785],[169.180862,-45.3904355],[169.196491,-45.3883786],[169.2092594,-45.402384],[169.2110494,-45.416772],[169.2011441,-45.4325055],[169.1906007,-45.4376083],[169.1721341,-45.4399522],[169.1731114,-45.4525104],[169.1681133,-45.4586505],[169.1543003,-45.4652149],[169.1535245,-45.4689655],[169.1633881,-45.4764879],[169.1643713,-45.4854403],[169.1801149,-45.4978473],[169.1768099,-45.5059263],[169.1844264,-45.5117261],[169.1692441,-45.5318203],[169.1693595,-45.5371718],[169.1739449,-45.5402134],[169.1674386,-45.5501164],[169.1728492,-45.551198],[169.1883939,-45.5654831],[169.1979905,-45.5686253],[169.1950976,-45.5786569],[169.1843245,-45.5814553],[169.1741196,-45.590584],[169.177783,-45.6026095],[169.1832384,-45.6074517],[169.1767461,-45.6210191],[169.1813514,-45.6260858],[169.1751252,-45.6304919],[169.177291,-45.6349138],[169.1731438,-45.6427813],[169.1775214,-45.6567265],[169.1963769,-45.6610404],[169.2114712,-45.6714574],[169.2220353,-45.6724123],[169.2235234,-45.679285],[169.2403269,-45.6951179],[169.2695173,-45.6905272],[169.2793228,-45.7024334],[169.2879487,-45.7010299],[169.2900465,-45.6882068],[169.3261433,-45.6911071],[169.3549205,-45.6873454],[169.3792831,-45.6914908],[169.4029824,-45.6865757],[169.399957,-45.7010227],[169.4046053,-45.7129534],[169.3988864,-45.7230397],[169.401914,-45.7254529],[169.4011329,-45.7305427],[169.395064,-45.7428642],[169.4119002,-45.7413189],[169.4178867,-45.7370087],[169.4372223,-45.7577328],[169.4354252,-45.7666976],[169.4381976,-45.7730421],[169.447617,-45.7746719],[169.4474074,-45.790314],[169.4678546,-45.7857554],[169.4772644,-45.7873595],[169.4843242,-45.7967741],[169.5025665,-45.7969131],[169.5244728,-45.8131562],[169.5311694,-45.8123624],[169.5764421,-45.7986402],[169.574786,-45.7968225],[169.5899135,-45.7840708],[169.5867364,-45.781056],[169.5950373,-45.7752649],[169.599623,-45.7771333],[169.6131409,-45.7699495],[169.6208641,-45.7721612],[169.6216421,-45.7686132],[169.6257889,-45.772049],[169.6428235,-45.7693186],[169.6480213,-45.7640074],[169.648999,-45.7489817],[169.6619923,-45.7294536],[169.665967,-45.7126753],[169.6638706,-45.7050869],[169.6730257,-45.6934055],[169.6754182,-45.6927372],[169.6741278,-45.6974916],[169.6830535,-45.7073348],[169.6924951,-45.7066731],[169.6943686,-45.7108219],[169.7145868,-45.7083281],[169.7178933,-45.7147808],[169.7321838,-45.7210068],[169.739399,-45.7198195],[169.7404839,-45.7168856],[169.7364779,-45.7137127],[169.7415371,-45.7080924],[169.7397361,-45.703856],[169.7509794,-45.698939],[169.7573477,-45.6886897],[169.7572287,-45.6794542],[169.7614638,-45.6743802],[169.7808722,-45.6680085],[169.7821786,-45.6624284],[169.7781659,-45.660649],[169.7780247,-45.6558366],[169.7956702,-45.6422421],[169.7937559,-45.6327871],[169.8029951,-45.6215572],[169.8016928,-45.6034366],[169.8043091,-45.596828],[169.809121,-45.594899],[169.8118886,-45.5819151],[169.8188272,-45.5759236],[169.8119314,-45.5713206],[169.8119969,-45.5630429],[169.8251613,-45.5543793],[169.8426203,-45.5493488],[169.8621321,-45.5487726],[169.8972984,-45.5396644],[169.9060851,-45.5421588],[169.9137911,-45.5232188],[169.9064484,-45.4971211],[169.9312657,-45.4992662],[169.9793315,-45.4869897],[169.9941095,-45.4778789],[170.0052498,-45.4839414],[170.006261,-45.4810699],[170.0295336,-45.4764739],[170.0642336,-45.4408163],[170.0725962,-45.4238334],[170.0861865,-45.4089059],[170.1281727,-45.3802319],[170.1292136,-45.3673806],[170.1200543,-45.3525132],[170.1563023,-45.3275877],[170.1627581,-45.3102585],[170.1857721,-45.2721013],[170.1864815,-45.2650245],[170.216484,-45.2573236],[170.2166471,-45.2346593],[170.2544847,-45.2289671],[170.2577538,-45.2295203],[170.2585565,-45.2362529],[170.3137656,-45.2358405],[170.3137317,-45.2424783],[170.3165614,-45.2427263],[170.3283587,-45.2366593],[170.3429492,-45.2428577],[170.349925,-45.2414201],[170.3469888,-45.2362584],[170.3545782,-45.2363525],[170.3542665,-45.2290594],[170.3831097,-45.2124937],[170.3813647,-45.2015914],[170.364205,-45.1870225],[170.3742911,-45.1843632],[170.3771852,-45.1768411],[170.3825372,-45.1737771],[170.4007299,-45.1785008],[170.4120057,-45.1756215],[170.4161275,-45.1622992],[170.4351256,-45.1455527],[170.4313111,-45.1402533],[170.43948,-45.1336678],[170.4351544,-45.1282471],[170.403889,-45.1226286],[170.3996781,-45.1152623],[170.4052951,-45.1133301],[170.4083595,-45.1022642],[170.3972215,-45.0930845],[170.3978006,-45.0809294],[170.3855442,-45.0778722],[170.3862131,-45.0733254],[170.3792123,-45.0669819],[170.3804792,-45.0608473],[170.368299,-45.0548138],[170.3629171,-45.0367737],[170.3494407,-45.0216977],[170.3518518,-45.0078147],[170.3473411,-44.989631],[170.3698299,-44.9723221],[170.368879,-44.9602094],[170.3733794,-44.9523932],[170.3656426,-44.9401004],[170.3569836,-44.9390347],[170.3490639,-44.9430952],[170.3540529,-44.9281155],[170.350157,-44.9077647],[170.3401305,-44.9039149],[170.3193531,-44.903049],[170.3046759,-44.9105313],[170.3016846,-44.9195136],[170.2907175,-44.9141423],[170.2723478,-44.9216534],[170.2519932,-44.9188265],[170.2420727,-44.9307173],[170.2104726,-44.9345618],[170.1644854,-44.9460049],[170.1481868,-44.9409394],[170.1309404,-44.940718],[170.1204816,-44.9474319],[170.1112937,-44.9468631],[170.0940988,-44.94002],[170.084774,-44.9274283],[170.0686586,-44.9231752],[170.0818661,-44.9121174],[170.069509,-44.8997665],[170.0638101,-44.8836244],[170.0309366,-44.8700646],[170.0266892,-44.8590311],[170.0185042,-44.8556093],[169.9979636,-44.8250601],[169.9989555,-44.8087663],[169.9936877,-44.7864789],[169.9841518,-44.7724672],[169.981105,-44.7545247],[169.9701833,-44.7440711],[169.9634229,-44.7088331],[169.9442163,-44.6539843],[169.8912687,-44.6442755],[169.8361912,-44.6688995],[169.8056385,-44.6613359],[169.7548769,-44.6389167],[169.7536812,-44.618321],[169.7571518,-44.6121329],[169.7477715,-44.6001024],[169.7462856,-44.5860595],[169.7305805,-44.5650724],[169.7186008,-44.5735162],[169.7133386,-44.5979715],[169.7085019,-44.6009762],[169.6852898,-44.6060929],[169.6885201,-44.6010806],[169.6817719,-44.5978883],[169.6577803,-44.5935684],[169.6409983,-44.5960052],[169.6445023,-44.5847913],[169.6406919,-44.5647838],[169.6529971,-44.5458548],[169.6633981,-44.5372254],[169.647685,-44.5311019],[169.6501531,-44.5209549],[169.6376716,-44.5116486],[169.6343221,-44.5017522],[169.6412058,-44.4950881],[169.6474788,-44.4811511],[169.6410428,-44.4718891],[169.6418894,-44.4664247],[169.6149548,-44.4605877],[169.6032941,-44.4635565],[169.5920607,-44.4590525],[169.5738714,-44.4623464],[169.5544289,-44.45723],[169.5424975,-44.4486002],[169.5312917,-44.4656963],[169.5328452,-44.4740864],[169.5207404,-44.4841861],[169.5231054,-44.4935918],[169.5276019,-44.4975219],[169.5202719,-44.5030052],[169.5195283,-44.50865],[169.5172059,-44.5066236],[169.5005731,-44.5217817],[169.4909667,-44.5494341],[169.4590074,-44.5473129],[169.4245182,-44.5534088],[169.4096401,-44.5611182],[169.3579327,-44.5613856],[169.3575688,-44.5743965],[169.353666,-44.5796599],[169.3699389,-44.5858162],[169.3638625,-44.6053063],[169.3724502,-44.6152512],[169.3744888,-44.6294659],[169.3812946,-44.6333985],[169.3804109,-44.6397884],[169.359556,-44.6490047],[169.359942,-44.6616207],[169.3514541,-44.676985],[169.3620173,-44.6922515],[169.3639789,-44.7194413],[169.3687213,-44.720033],[169.3750889,-44.7276376],[169.3761602,-44.7420816],[169.3727583,-44.7504013],[169.3815843,-44.7562653],[169.3801439,-44.7584574],[169.3381334,-44.759964],[169.3414413,-44.757464],[169.3389086,-44.7544617],[169.3242887,-44.7621431],[169.3203911,-44.759082],[169.3072222,-44.7629857],[169.2819381,-44.7953614],[169.2740948,-44.808585],[169.2744291,-44.8143281],[169.2577946,-44.8208898],[169.2592424,-44.8294316],[169.1970535,-44.86319],[169.190487,-44.8725038],[169.1695433,-44.8748958],[169.1575762,-44.8695922],[169.1187146,-44.867827],[169.1101413,-44.8755378],[169.1058002,-44.8861405],[169.0957178,-44.8907201],[169.0931519,-44.8967886],[169.0766047,-44.9012008],[169.0686258,-44.896687],[169.0591117,-44.8984685],[169.0563339,-44.9064098],[169.0599592,-44.9131068],[169.0577182,-44.9208368],[169.0511526,-44.9273072],[169.0426927,-44.9266662],[169.0502937,-44.9359237],[169.0440259,-44.9662955],[169.0660485,-44.9885377],[169.0705967,-45.0015837],[169.0649108,-45.0060324],[169.0623145,-45.0182142],[169.0473803,-45.0239365],[169.0393943,-45.0350407],[169.0478274,-45.054122],[169.0446526,-45.0606422],[169.0289744,-45.062623],[168.9934985,-45.0498151],[168.9739473,-45.0597581],[168.9256274,-45.059832],[168.9049709,-45.0631762],[168.8870329,-45.0718515],[168.8760986,-45.0636607],[168.8578318,-45.0603093],[168.854497,-45.0513792],[168.8507984,-45.0498435],[168.8329209,-45.051648],[168.8247031,-45.0606383],[168.8208087,-45.0701666],[168.834731,-45.0866383],[168.8314959,-45.0909919],[168.833785,-45.0992938],[168.8262709,-45.1064784],[168.8257717,-45.1272526],[168.8413357,-45.1410209],[168.8351496,-45.1442391],[168.8381775,-45.1518473],[168.8348475,-45.1541388],[168.8358335,-45.1617786],[168.8282647,-45.1664922],[168.8238343,-45.1808211],[168.8382071,-45.1861427],[168.8466557,-45.2089558],[168.8478821,-45.2217404],[168.8437759,-45.2272945],[168.8507508,-45.2376819],[168.8486123,-45.2465199],[168.8260922,-45.2659409],[168.8184565,-45.2872815],[168.812529,-45.2943283],[168.8118684,-45.3208439],[168.8086221,-45.3265147],[168.7977295,-45.3349259],[168.7949599,-45.3419341],[168.7768476,-45.34922],[168.7727236,-45.3561417],[168.7739033,-45.3917917],[168.7686521,-45.4026728]]]}},{"type":"Feature","id":"hawkes-bay","properties":{"name":"Hawkes Bay","slug":"hawkes-bay","parent_iso_a3":"NZL","source_name":"OpenStreetMap via Nominatim","source_url":"https://nominatim.openstreetmap.org/","source_license":"ODbL 1.0","source_queries":"Hawke's Bay, New Zealand => Hawke's Bay, New Zealand / Aotearoa | Hawkes Bay, New Zealand => Hawkes Bay A and P Showgrounds, Tōmoana, Hastings, Hastings District, Hawke's Bay, New Zealand / Aotearoa"},"geometry":{"type":"Polygon","coordinates":[[[176.0429363,-39.3806713],[176.0593418,-39.3837842],[176.069064,-39.3922876],[176.0846356,-39.3834742],[176.1041286,-39.381906],[176.1112383,-39.3844388],[176.1204836,-39.4009419],[176.1175455,-39.423337],[176.1214463,-39.4344389],[176.1440239,-39.4484938],[176.1417247,-39.4542092],[176.1439638,-39.4597889],[176.136947,-39.4759366],[176.1478923,-39.4822882],[176.1513619,-39.4886744],[176.1596325,-39.4905792],[176.1664275,-39.5005824],[176.1820202,-39.5007497],[176.1940503,-39.5050737],[176.1870861,-39.5167304],[176.1822798,-39.5426058],[176.1738774,-39.5507212],[176.151914,-39.5602358],[176.1549727,-39.5694562],[176.143021,-39.5765314],[176.1425014,-39.5798947],[176.1527432,-39.5982798],[176.1575785,-39.5968007],[176.161398,-39.6028577],[176.1734871,-39.6020505],[176.1789922,-39.6052517],[176.1812518,-39.6169329],[176.1650929,-39.6486542],[176.1959379,-39.663571],[176.200871,-39.6729902],[176.1842324,-39.6837801],[176.1805465,-39.7110643],[176.169086,-39.7179155],[176.1768526,-39.7440491],[176.1379526,-39.8238794],[176.1349943,-39.8505869],[176.1267926,-39.8615022],[176.1172045,-39.8867673],[176.1268892,-39.8915513],[176.1261184,-39.9047755],[176.106835,-39.917088],[176.1154298,-39.929404],[176.1097358,-39.9418559],[176.1244993,-39.947758],[176.1171068,-39.9577377],[176.1211137,-39.9624471],[176.1161526,-39.9695724],[176.1031688,-39.9772301],[176.0938314,-39.9955026],[176.1254972,-40.0136024],[176.124489,-40.0188178],[176.1366273,-40.0285782],[176.1542736,-40.012227],[176.1651632,-40.0176195],[176.2135447,-40.0178172],[176.2135277,-40.0256372],[176.217873,-40.0288171],[176.2387832,-40.027333],[176.2386552,-40.0383908],[176.2622406,-40.0450982],[176.2637603,-40.0627134],[176.2803502,-40.0677832],[176.2972409,-40.0680515],[176.3026823,-40.0723196],[176.2997848,-40.0760851],[176.3208819,-40.0856267],[176.3232141,-40.0937171],[176.3162035,-40.1025673],[176.3171004,-40.1090598],[176.3092666,-40.1178085],[176.313186,-40.1239249],[176.3219733,-40.119759],[176.3243722,-40.1230603],[176.3296043,-40.122507],[176.3365419,-40.1278601],[176.3338274,-40.1386295],[176.3432025,-40.1455217],[176.3697251,-40.1515959],[176.3787469,-40.1581421],[176.3783276,-40.1632029],[176.3711012,-40.1661855],[176.3660068,-40.1732031],[176.3635098,-40.1809801],[176.3666412,-40.1874294],[176.3586952,-40.197882],[176.3617234,-40.2153346],[176.3701686,-40.2144013],[176.3702703,-40.2342473],[176.3803111,-40.2374219],[176.3797199,-40.2585363],[176.3863047,-40.265709],[176.3795033,-40.2675956],[176.3780916,-40.2724758],[176.3860905,-40.279313],[176.3926131,-40.2769862],[176.3992165,-40.2848785],[176.3891472,-40.3124902],[176.3889113,-40.3229887],[176.3920205,-40.3292569],[176.4058461,-40.3330325],[176.3706442,-40.3586213],[176.3918843,-40.3617011],[176.3868517,-40.3721887],[176.3914656,-40.3777726],[176.4070416,-40.3786434],[176.4177845,-40.392318],[176.430532,-40.3893475],[176.4364281,-40.3915068],[176.4339051,-40.4029374],[176.4613922,-40.411806],[176.4615627,-40.4089909],[176.468182,-40.4112162],[176.4805018,-40.4088249],[176.4834448,-40.411963],[176.4925854,-40.4115501],[176.4928599,-40.4001289],[176.5499582,-40.4211735],[176.5587533,-40.4072058],[176.5785673,-40.4146189],[176.5873337,-40.4312915],[176.5897247,-40.4225533],[176.63342197589984,-40.42972800820361],[176.639415,-40.390883],[176.703624,-40.290216],[176.684093,-40.295668],[176.669444,-40.311293],[176.673025,-40.291192],[176.681814,-40.274591],[176.707042,-40.246759],[176.717947,-40.240818],[176.745128,-40.256768],[176.753429,-40.253839],[176.797048,-40.222833],[176.83725,-40.177911],[176.861827,-40.14072],[176.877615,-40.106378],[176.893403,-40.086521],[176.896007,-40.075128],[176.89503,-40.036716],[176.913097,-40.010675],[176.934581,-39.970147],[176.967784,-39.882013],[176.981212,-39.862563],[177.00587,-39.852634],[177.00587,-39.831476],[177.028575,-39.764744],[177.036388,-39.753595],[177.059337,-39.746677],[177.08253,-39.733087],[177.097667,-39.700779],[177.115245,-39.680922],[177.118907,-39.66725],[177.087169,-39.660821],[177.035655,-39.663832],[176.967133,-39.6242],[176.960704,-39.624444],[176.950531,-39.588149],[176.944672,-39.49505],[176.937511,-39.474705],[176.906261,-39.447524],[176.902843,-39.430841],[176.906912,-39.400323],[176.926443,-39.376235],[176.937511,-39.348728],[176.964203,-39.331231],[177.000255,-39.300877],[177.024587,-39.27516],[177.048676,-39.233575],[177.052908,-39.211521],[177.064952,-39.199395],[177.38738,-39.077407],[177.413259,-39.059015],[177.444021,-39.071873],[177.763927,-39.080987],[177.82016,-39.10589],[177.833263,-39.090427],[177.852061,-39.089288],[177.866222,-39.097345],[177.865408,-39.109063],[177.83961,-39.150974],[177.834483,-39.167413],[177.833669,-39.196873],[177.841156,-39.228936],[177.8685,-39.290216],[177.911957,-39.255955],[177.920665,-39.223891],[177.944347,-39.173517],[177.998871,-39.129815],[177.984874,-39.104587],[177.951915,-39.091404],[177.882823,-39.085545],[177.890147,-39.065525],[177.911388,-39.03631],[177.90268,-39.016534],[177.909841,-38.999933],[177.91170917885356,-38.97180202736655],[177.8967753,-38.9728117],[177.8609039,-38.9651643],[177.8629311,-38.9636128],[177.8369243,-38.9559683],[177.8344099,-38.9484175],[177.8452935,-38.9283988],[177.8445276,-38.9215035],[177.830481,-38.9116132],[177.8309831,-38.9148332],[177.8219423,-38.9216864],[177.8047388,-38.9118178],[177.8066541,-38.9066913],[177.7997865,-38.8973974],[177.8045631,-38.8971402],[177.799025,-38.8943903],[177.7886237,-38.897883],[177.7921292,-38.9021594],[177.7854617,-38.9082259],[177.7800608,-38.9072612],[177.7761232,-38.9128124],[177.7492345,-38.8966737],[177.7384832,-38.9045715],[177.7352261,-38.9136901],[177.7289015,-38.9188039],[177.7248526,-38.9132311],[177.7293722,-38.9033831],[177.7217449,-38.8982753],[177.7124393,-38.899259],[177.7136056,-38.9059969],[177.7106444,-38.9064872],[177.6991268,-38.9016251],[177.6870667,-38.9035667],[177.6739931,-38.8990385],[177.6601639,-38.904701],[177.6623817,-38.8458218],[177.6526782,-38.8518906],[177.6479081,-38.8627806],[177.6449368,-38.8584319],[177.6393975,-38.8612104],[177.6366982,-38.8650308],[177.6406327,-38.8682165],[177.6369193,-38.8710867],[177.6309442,-38.8618709],[177.6297902,-38.8510677],[177.6243567,-38.845114],[177.6260748,-38.8433758],[177.5997812,-38.8518982],[177.5945317,-38.8270297],[177.5904584,-38.8284454],[177.5975228,-38.8070415],[177.5931348,-38.8031374],[177.575776,-38.8019751],[177.5678343,-38.8052445],[177.5609631,-38.8016087],[177.5575997,-38.8058361],[177.5456464,-38.8080969],[177.5462979,-38.8112741],[177.5388862,-38.8184794],[177.5306461,-38.8197077],[177.5389352,-38.8126357],[177.5352232,-38.8095239],[177.5370681,-38.800209],[177.5273068,-38.7949132],[177.531274,-38.791549],[177.5144342,-38.7744485],[177.4942121,-38.7779743],[177.4835266,-38.7550564],[177.4735434,-38.7577797],[177.4698917,-38.7554411],[177.470924,-38.7467061],[177.4675311,-38.7442811],[177.4759016,-38.7381174],[177.4758805,-38.731757],[177.4693705,-38.7272119],[177.4715973,-38.719342],[177.462858,-38.7093617],[177.4662319,-38.7056117],[177.4396661,-38.7040956],[177.435639,-38.7012383],[177.4347765,-38.694065],[177.4293048,-38.6921796],[177.4087512,-38.6993751],[177.4151894,-38.6821807],[177.4211937,-38.6782519],[177.4187427,-38.6738809],[177.4310305,-38.6692114],[177.4425282,-38.6512506],[177.4432157,-38.6449455],[177.4514998,-38.6399037],[177.4473175,-38.6356686],[177.4358998,-38.6320735],[177.4159166,-38.6324894],[177.3924287,-38.622059],[177.3534252,-38.6245579],[177.3089891,-38.5969006],[177.3075607,-38.6597042],[177.1221708,-38.583921],[177.106031,-38.6041092],[177.1003109,-38.6269995],[177.0971044,-38.6271038],[177.0955282,-38.6188676],[177.0859319,-38.6205125],[177.0779082,-38.6106443],[177.0607585,-38.6220989],[177.0459795,-38.6208023],[177.0269553,-38.6395146],[177.0170016,-38.6671709],[176.9914481,-38.6936946],[176.9856459,-38.694209],[176.9715654,-38.7047069],[176.9655252,-38.7036247],[176.9618565,-38.6968339],[176.9434193,-38.6948906],[176.9292008,-38.6981706],[176.9243175,-38.6909741],[176.8994847,-38.682587],[176.8934397,-38.6701498],[176.8868372,-38.6665028],[176.8764505,-38.6680186],[176.8613529,-38.6800557],[176.8564746,-38.6724551],[176.8456089,-38.6725246],[176.8328687,-38.6798824],[176.8225096,-38.6913624],[176.7993906,-38.6805253],[176.7732742,-38.6844962],[176.7667467,-38.6893097],[176.767179,-38.7003246],[176.7592313,-38.7088506],[176.7442186,-38.7119323],[176.7428829,-38.7277593],[176.7343068,-38.7282278],[176.7271004,-38.7218042],[176.7140771,-38.7278771],[176.7071433,-38.7553798],[176.7104481,-38.7585915],[176.7096934,-38.7691451],[176.7035844,-38.7838142],[176.7079251,-38.7890486],[176.7000119,-38.7941133],[176.7001664,-38.8034902],[176.6920325,-38.8062509],[176.6964723,-38.8109101],[176.6959707,-38.8215918],[176.7040656,-38.8270819],[176.7001984,-38.8378834],[176.7041891,-38.8451213],[176.6966555,-38.8564269],[176.6783658,-38.8555713],[176.6759974,-38.8399712],[176.6700768,-38.8356793],[176.6590196,-38.835196],[176.6575082,-38.826996],[176.6516565,-38.8220382],[176.6077009,-38.8229508],[176.5897385,-38.8353425],[176.5839456,-38.8205425],[176.560576,-38.800198],[176.5199069,-38.7971443],[176.5085393,-38.8129396],[176.5071764,-38.8179925],[176.5117452,-38.826735],[176.5067032,-38.8360735],[176.5093479,-38.8530133],[176.5030783,-38.8526909],[176.4969475,-38.8579344],[176.498633,-38.865885],[176.4953251,-38.8814106],[176.4786216,-38.8853482],[176.4661884,-38.8927805],[176.4609721,-38.8985272],[176.4577775,-38.9102706],[176.4607869,-38.9112531],[176.4416919,-38.9203246],[176.4681052,-38.9414037],[176.4348063,-38.9688539],[176.4553017,-38.9890536],[176.4480368,-39.0040914],[176.4362807,-39.0050561],[176.4286403,-38.9994088],[176.4159657,-39.0012064],[176.3956737,-38.9911525],[176.3815722,-38.9884701],[176.3670117,-38.9734917],[176.3581735,-38.9584123],[176.334211,-38.9544343],[176.3142017,-38.9228262],[176.3119876,-38.9159519],[176.3151578,-38.9083245],[176.3102149,-38.9019778],[176.2583809,-38.8899909],[176.2505923,-38.8917262],[176.2453547,-38.8973226],[176.2481758,-38.9078908],[176.2428612,-38.9202544],[176.2523002,-38.9195122],[176.257563,-38.947876],[176.2314693,-38.9736118],[176.2194639,-38.9798549],[176.2114284,-38.9907497],[176.1969071,-38.9949995],[176.1836221,-39.0046109],[176.1710146,-39.0174431],[176.1707144,-39.0246448],[176.1448624,-39.0412353],[176.1457502,-39.0519183],[176.1525683,-39.0557355],[176.1712504,-39.057613],[176.1764763,-39.0636341],[176.1791363,-39.068076],[176.1727539,-39.0784859],[176.1139051,-39.094126],[176.1136637,-39.0911384],[176.1065222,-39.1010704],[176.0956071,-39.1069273],[176.0924998,-39.1136551],[176.096407,-39.119571],[176.0907942,-39.1285524],[176.0846143,-39.1307658],[176.0866035,-39.1376858],[176.082896,-39.1406411],[176.08349,-39.1500481],[176.0901545,-39.1614281],[176.100682,-39.1690519],[176.1028756,-39.1766743],[176.0868377,-39.1803707],[176.0828112,-39.1867595],[176.0890112,-39.190343],[176.0903698,-39.1999718],[176.0832268,-39.2080629],[176.0749854,-39.2108946],[176.0776599,-39.2167401],[176.0939987,-39.2109404],[176.1018497,-39.2164996],[176.110388,-39.2149139],[176.1154894,-39.2187843],[176.1147034,-39.2242909],[176.09805,-39.2367257],[176.0937619,-39.2477613],[176.0807212,-39.2599541],[176.0818138,-39.2641589],[176.0887668,-39.2661108],[176.0936238,-39.2780269],[176.0868444,-39.2890909],[176.1004061,-39.2947709],[176.1024278,-39.3151908],[176.1218015,-39.3270792],[176.1150164,-39.3392033],[176.0934428,-39.3460197],[176.065825,-39.3662971],[176.0520296,-39.3656585],[176.0439148,-39.3716172],[176.0429363,-39.3806713]]]}},{"type":"Feature","id":"puglia","properties":{"name":"Puglia","slug":"puglia","parent_iso_a3":"ITA","source_name":"OpenStreetMap via Nominatim","source_url":"https://nominatim.openstreetmap.org/","source_license":"ODbL 1.0","source_queries":"Puglia, Italy => Puglia, Italia | Apulia, Italy => Puglia, Italia"},"geometry":{"type":"MultiPolygon","coordinates":[[[[14.9341858,41.6194128],[14.9402905,41.6123207],[14.9533045,41.6085799],[14.9477577,41.608592],[14.945333,41.6017569],[14.9503434,41.5925862],[14.9448824,41.5779249],[14.9500966,41.5729647],[14.9442386,41.5674745],[14.9454259,41.5630648],[14.9350977,41.5409637],[14.9384406,41.5252124],[14.9672578,41.5199874],[14.980928,41.5064305],[15.003515,41.4927872],[15.0119881,41.4819654],[15.02389,41.4769478],[15.0299941,41.4666488],[15.032443,41.4526849],[15.0437522,41.4560778],[15.0425313,41.4482784],[15.0467916,41.4433415],[15.0631529,41.4406139],[15.0762504,41.4327778],[15.0983339,41.4340291],[15.1008316,41.4296672],[15.1032941,41.42094],[15.0917173,41.4179239],[15.0866409,41.4072257],[15.0983163,41.3905679],[15.0784415,41.3880021],[15.071147,41.3777222],[15.058471,41.3721354],[15.0611943,41.3575547],[15.0683002,41.3505809],[15.0669065,41.3429677],[15.0721912,41.332464],[15.0999318,41.3277047],[15.1125969,41.3192892],[15.1306275,41.317494],[15.1267706,41.3029519],[15.1398903,41.2927675],[15.1362936,41.2868799],[15.1486628,41.2804161],[15.1533639,41.2833999],[15.2006956,41.2863543],[15.1997443,41.2794481],[15.2157449,41.2759401],[15.2204396,41.2651875],[15.2293243,41.2662474],[15.235684,41.2723148],[15.2490037,41.2709912],[15.2756585,41.2495358],[15.2795358,41.2405208],[15.2613806,41.2369681],[15.2527961,41.2387821],[15.2457391,41.2350307],[15.2448076,41.2249421],[15.2624151,41.1976262],[15.2488239,41.1950747],[15.2352919,41.1860244],[15.2275005,41.1849292],[15.2211372,41.1790684],[15.2212053,41.1746003],[15.2093455,41.1676866],[15.2125085,41.1613497],[15.2084504,41.1559079],[15.2105622,41.1489214],[15.2212034,41.1420218],[15.2275596,41.1435492],[15.232869,41.1380584],[15.2361307,41.140964],[15.2390662,41.1389322],[15.2551522,41.1169451],[15.263349,41.1147879],[15.2643106,41.1053206],[15.289164,41.0966121],[15.2930135,41.0918204],[15.3143572,41.1038857],[15.3319182,41.0963535],[15.3516164,41.0947653],[15.3665902,41.0847819],[15.3844995,41.0934872],[15.396373,41.1068135],[15.4012787,41.105979],[15.4119629,41.0985376],[15.4122489,41.0949484],[15.4257008,41.0961535],[15.446097,41.0780168],[15.4609259,41.0759857],[15.4783512,41.0786617],[15.4788543,41.0745247],[15.4848637,41.0710666],[15.5417407,41.0557147],[15.550205,41.075083],[15.5648345,41.090388],[15.5806506,41.0978292],[15.6101617,41.0962854],[15.616541,41.0994062],[15.6315035,41.0973769],[15.6395501,41.0908049],[15.6516833,41.0890947],[15.659112,41.0934142],[15.682645,41.0871985],[15.7179256,41.0906677],[15.7312211,41.100017],[15.7435859,41.1003886],[15.7534338,41.0983242],[15.7713967,41.0856733],[15.7847244,41.0920358],[15.7901584,41.0881739],[15.8020522,41.0960776],[15.7968192,41.104724],[15.8079139,41.1085792],[15.8058136,41.1160358],[15.810212,41.1170637],[15.8105128,41.1114766],[15.8168027,41.1063515],[15.8188379,41.1129528],[15.8271793,41.1132938],[15.8159995,41.1150615],[15.8153772,41.1177753],[15.8214658,41.1203455],[15.8285134,41.1179147],[15.8299684,41.1280839],[15.8412927,41.1284577],[15.8453134,41.1245149],[15.8496881,41.1274919],[15.8472835,41.1319811],[15.8637469,41.1305154],[15.8690107,41.1332841],[15.8698019,41.1392191],[15.8750215,41.1366173],[15.8786988,41.1395383],[15.8933727,41.1227029],[15.9015103,41.1263403],[15.9209101,41.1110279],[15.9268411,41.1124956],[15.9318522,41.108912],[15.937503,41.1134445],[15.9534024,41.1107167],[15.9600677,41.1004185],[15.9542297,41.0929536],[15.9762539,41.0941667],[15.9825996,41.0891954],[15.9839543,41.0859137],[15.9789797,41.0812087],[15.9971642,41.0611306],[15.9988586,41.05399],[16.0072503,41.0591063],[16.0180849,41.0521309],[16.0250589,41.0522258],[16.0278373,41.0452839],[16.0407369,41.0359842],[16.0404675,41.0283607],[16.0279344,41.0240812],[16.0265201,41.0165413],[16.0319845,40.9983842],[16.0270382,40.9912139],[16.0083528,40.9720917],[15.9718115,40.9721317],[15.9766285,40.9584529],[16.0444332,40.9382105],[16.0589791,40.9288982],[16.092774,40.9206407],[16.1210693,40.8977189],[16.1343152,40.9065558],[16.1380672,40.9183534],[16.146525,40.9239457],[16.1588969,40.9239481],[16.1629706,40.92858],[16.2015148,40.91823],[16.2151611,40.9051172],[16.2270303,40.8819425],[16.2320229,40.8558758],[16.2435741,40.8378652],[16.2503743,40.8367045],[16.2557222,40.8228699],[16.268827,40.8153579],[16.2776322,40.8023944],[16.3183503,40.7815265],[16.349158,40.7493899],[16.385381,40.7328378],[16.3999498,40.707307],[16.4138235,40.7019049],[16.43133,40.7057455],[16.4805001,40.7377889],[16.5018677,40.7632723],[16.5394278,40.7259607],[16.5448282,40.7265235],[16.5414624,40.7428358],[16.5321945,40.7456262],[16.5366141,40.752916],[16.5552854,40.7586382],[16.5592949,40.755873],[16.5644848,40.7407491],[16.5732524,40.7379215],[16.5787963,40.7429806],[16.5676606,40.7549482],[16.5768299,40.764532],[16.5862839,40.7635204],[16.5896215,40.759404],[16.6087492,40.7528155],[16.6336307,40.7545544],[16.6539783,40.7448903],[16.6501608,40.7390182],[16.6536716,40.7372816],[16.6623288,40.7378148],[16.6641711,40.7498507],[16.6740233,40.7394764],[16.7257347,40.7148244],[16.7095371,40.7064092],[16.7053067,40.7122352],[16.6973101,40.7036001],[16.7163209,40.6903175],[16.7280249,40.6893679],[16.7097852,40.6334071],[16.7134419,40.6166241],[16.7290836,40.6024106],[16.7125731,40.5937997],[16.7174106,40.5832332],[16.7061825,40.556036],[16.707299,40.550289],[16.7251972,40.5362848],[16.7166401,40.5252415],[16.7250813,40.5155969],[16.7370379,40.5129569],[16.7378643,40.50879],[16.721038,40.4808199],[16.7446281,40.4656839],[16.7503152,40.4662405],[16.7545306,40.4716865],[16.7577524,40.4690805],[16.7562601,40.4650926],[16.7606406,40.4637487],[16.7839187,40.4653988],[16.8036333,40.4584388],[16.8105102,40.4479322],[16.8101981,40.4340685],[16.8494776,40.4040088],[16.8670356,40.3976421],[16.91212,40.445217],[16.976085,40.492621],[17.049571,40.51911],[17.1133496,40.5197372],[17.139846866164202,40.512572018572264],[17.156016,40.512397],[17.166189,40.509182],[17.182209570453963,40.48513085846503],[17.189952,40.481879],[17.210704,40.487006],[17.247406,40.502834],[17.268565,40.496161],[17.261729,40.488715],[17.304047,40.499457],[17.323253,40.498481],[17.316254,40.481879],[17.295746,40.473212],[17.247406,40.480292],[17.228163869669427,40.47461413730828],[17.2358008,40.4730115],[17.2468894,40.4619691],[17.2513942,40.4480905],[17.2462959,40.4463988],[17.2514173,40.4462367],[17.2547175,40.4410825],[17.2470979,40.4436726],[17.2476434,40.4397948],[17.2433125,40.43919],[17.2461432,40.4348433],[17.2324824,40.4243739],[17.2091101,40.4216536],[17.204215321746325,40.41591105489408],[17.211059662496236,40.408254774233235],[17.2245308,40.4089058],[17.2325454,40.4009815],[17.2373113,40.4022044],[17.2471058,40.3954207],[17.2568578,40.3958689],[17.260453573269682,40.38957594848541],[17.2682455,40.3901113],[17.269210593420155,40.387111852578464],[17.297871,40.3801068],[17.33217289912391,40.363379118728965],[17.3408586,40.3624329],[17.351206371160195,40.35482271404226],[17.3557,40.3560961],[17.3747044,40.3488562],[17.397031057581753,40.33231642321648],[17.44044,40.331],[17.484177688750222,40.31172717850347],[17.512055,40.303697],[17.596114128885215,40.30027263969668],[17.6808366,40.3045671],[17.7336809,40.2997783],[17.743394,40.2949606],[17.7474973,40.2980085],[17.747953,40.2950818],[17.7551357,40.2945765],[17.7609122,40.2974252],[17.762505056024402,40.29349428625328],[17.847667,40.290025],[17.863129,40.285631],[17.912771,40.255316],[17.912771,40.249091],[17.90808575123807,40.249091],[17.90975615765705,40.24136431108177],[17.9265856,40.2185454],[17.9188748,40.2139727],[17.9220917,40.2136155],[17.9233493,40.2064363],[17.919511148249434,40.19526416639151],[17.9290218,40.1795491],[17.936514,40.1712561],[17.9463345,40.1686242],[17.9542289,40.159027],[17.9588801,40.158682],[17.963064565777454,40.14884870085729],[17.9747476,40.1480682],[17.9729693,40.1458119],[17.9768257,40.1407342],[17.9800726,40.141671],[17.9793497,40.1381225],[17.9873029,40.1404353],[17.9877084,40.1335455],[17.9966942,40.1315647],[17.9928431,40.1289682],[18.0099535,40.10909],[18.0117959,40.0852841],[18.0019223,40.0666785],[17.9991503,40.0678829],[17.9900815,40.0584513],[17.978480457419916,40.05849374447868],[17.972524459498796,40.054690966483335],[17.9961091,40.0514991],[18.015798,40.0362],[18.022146,40.021674],[18.020274,40.010199],[18.0063228,39.9957047],[17.995372,39.99603511182326],[18.062813428582075,39.92166183322864],[18.0690998,39.918802],[18.0695202,39.9149527],[18.080903,39.90644],[18.094249,39.902737],[18.130626,39.88349],[18.161876,39.860541],[18.211274,39.839342],[18.265636,39.837592],[18.282074,39.833197],[18.33839,39.800116],[18.368337,39.796617],[18.389171,39.817084],[18.3844815,39.8411768],[18.3895562,39.8461457],[18.3906455,39.8582146],[18.3949783,39.8637441],[18.3934011,39.868298],[18.3979277,39.8721835],[18.3996355,39.8899691],[18.390363,39.9076682],[18.39375495561423,39.911841260062744],[18.3924743,39.9209122],[18.398824136093346,39.93513381720593],[18.4072876,39.9755497],[18.435373,40.0243349],[18.476889156738796,40.04922175120009],[18.4851976,40.0757146],[18.48275,40.0813937],[18.487742,40.0792048],[18.4937774,40.088333],[18.516124,40.104478],[18.517121480334485,40.111897813394364],[18.5066412,40.1256815],[18.5147935398179,40.136159451526105],[18.5079681,40.1391281],[18.5032539,40.1469731],[18.4938404,40.1502137],[18.4973176,40.1474515],[18.4951694,40.1452526],[18.4876769,40.1479145],[18.4909971,40.1557926],[18.487892,40.155228],[18.4868838,40.1619088],[18.4799942,40.1675136],[18.482782,40.1704511],[18.4769065,40.1761077],[18.4784561,40.1791312],[18.471333,40.1832073],[18.4724557,40.1880849],[18.4642012,40.1924823],[18.4586469,40.2041402],[18.4586723,40.2120677],[18.463292839947126,40.220022930920734],[18.437266,40.26789],[18.40312520683562,40.30406811138608],[18.3856872,40.3147755],[18.356079858033546,40.347221876505245],[18.343761,40.35163],[18.33221827864129,40.36349263021744],[18.3167605,40.3722587],[18.3052925,40.3838155],[18.3071876,40.3907844],[18.2801321,40.406737],[18.2701056,40.4185226],[18.2591164,40.4246528],[18.25023,40.4373803],[18.2339329,40.4491763],[18.2225946,40.4526707],[18.2122473,40.4631073],[18.2006574,40.4686935],[18.1851241,40.4695435],[18.1701502,40.4805859],[18.1604228,40.4810356],[18.1265955,40.4931898],[18.1159441,40.5066971],[18.0808058,40.5253569],[18.07737180997363,40.53161438300635],[18.037446,40.556952],[18.03842132927015,40.56455544957507],[18.0347429,40.572231],[18.04026294892463,40.57891230587767],[18.042913133028822,40.59957255038947],[18.015798,40.62519],[18.011118608862077,40.64329880458651],[18.0040548,40.6442917],[17.9985616,40.6490247],[18.00069032914821,40.65172692156892],[17.9963404,40.6481257],[17.990859,40.649967],[17.9897699,40.6463028],[17.9818596,40.6494959],[17.9886407,40.6463711],[17.9846438,40.6434959],[17.9757236,40.6451797],[17.974385985928006,40.648793629283055],[17.9671636,40.6448908],[17.9530098,40.6450889],[17.950744532038186,40.63705228866284],[17.9444407,40.6424942],[17.9269559,40.6400228],[17.9506645,40.64456],[17.955118784181483,40.65199285510137],[17.955578373292838,40.6640910891388],[17.9471095,40.6695288],[17.9477742280114,40.67344962653783],[17.929771313922394,40.68009799899586],[17.8395163,40.690961],[17.800423,40.7086147],[17.7970417,40.7126564],[17.8000583,40.7161309],[17.7682729,40.7233156],[17.7450129,40.7343157],[17.7358066,40.7450066],[17.7276065,40.7463227],[17.7268302,40.7495131],[17.7221214,40.7489712],[17.7082613,40.7579395],[17.70439,40.7567334],[17.7038353,40.7595578],[17.6979672,40.7589913],[17.6866071,40.7658458],[17.6631787,40.770119],[17.6629797,40.7725661],[17.633993,40.7808928],[17.5599517,40.7978202],[17.476085,40.830146],[17.447601593684304,40.85336293842155],[17.4120638,40.8712604],[17.4129995,40.8739261],[17.4093318,40.8752559],[17.4138706,40.8744834],[17.4032907,40.8788105],[17.387941,40.8932044],[17.3500088,40.9056542],[17.326205909920727,40.93657732294656],[17.3170933,40.9400343],[17.3162445,40.9452513],[17.3066839,40.9478262],[17.3049902,40.9559582],[17.3043251,40.9529884],[17.2990905,40.9571503],[17.30702124348066,40.957079630548215],[17.2941114,40.9587165],[17.2926964,40.9632741],[17.2879606,40.9621759],[17.2819065,40.9698446],[17.2717485,40.9751029],[17.2649127,40.9731535],[17.2629286,40.9784072],[17.2581523,40.9785238],[17.2368208,40.9936678],[17.233759,40.9922101],[17.2018405,41.0032819],[17.2037834,41.0047836],[17.200699,41.006131],[17.2050068,41.0044366],[17.2014944,41.0089858],[17.1869958,41.0164382],[17.1884891,41.0183449],[17.1798874,41.0265959],[17.135033,41.0398272],[17.1031043,41.0550579],[17.1014042,41.062524],[17.0996121,41.0572376],[17.0931965,41.0613835],[17.0996519,41.0610642],[17.0976702,41.0623954],[17.04653,41.0807653],[17.0083403,41.0857002],[16.9821715,41.0946801],[16.9603809,41.0961962],[16.9293505,41.1114623],[16.8791097,41.1225724],[16.876267837631186,41.12635652781413],[16.8796835,41.1267453],[16.8717081,41.1301829],[16.872091905616312,41.13433726349734],[16.86515884856537,41.139794125814774],[16.8609962,41.1377892],[16.8687966,41.1345842],[16.8647927,41.1339844],[16.8658084,41.1302687],[16.8609508,41.1293971],[16.8627041,41.1336088],[16.8594733,41.1341915],[16.8618174,41.1325991],[16.8559332,41.1315788],[16.8601495,41.1290466],[16.8537718,41.1288778],[16.851744,41.1300873],[16.8547904,41.1320049],[16.84169421874682,41.13918557314771],[16.8320516,41.1365395],[16.8097852,41.1402849],[16.8119273,41.1420909],[16.7931775,41.1476368],[16.777790459308374,41.159840442457],[16.7632173,41.1603176],[16.7558189,41.1649143],[16.7491004,41.1638362],[16.7506449,41.1666691],[16.6963221,41.1769703],[16.678098186991363,41.18539771370195],[16.64805321157425,41.19310009191479],[16.6265481,41.1938517],[16.59967830379566,41.205501561063926],[16.5822131,41.2081757],[16.580309,41.2107949],[16.58518957172558,41.21150535432676],[16.5801196,41.2109952],[16.570935552545105,41.218896180403476],[16.540804,41.2300917],[16.5255729,41.2412495],[16.5076342,41.2456641],[16.5049769,41.2433418],[16.504754964542002,41.24728975462416],[16.4865216,41.2504776],[16.4813034,41.256833],[16.4682429,41.2555455],[16.4482829,41.2620738],[16.441721080524136,41.27026833657152],[16.355705632699447,41.30558657595997],[16.3028767,41.3191063],[16.2949137,41.3236296],[16.29434897432643,41.33032927296995],[16.2929332,41.3218857],[16.2853444,41.324505],[16.284536022248435,41.32782407105727],[16.2807233,41.3242101],[16.2588739,41.330106],[16.2137696,41.3567462],[16.1968511,41.3589357],[16.147948368107667,41.381143616202536],[15.995835,41.437679],[15.933604,41.479438],[15.911794,41.502875],[15.896332,41.536444],[15.891368,41.57685],[15.900076,41.614651],[15.925304,41.640041],[16.027517,41.679918],[16.063162,41.701483],[16.107188,41.737616],[16.145763,41.748847],[16.166485478889086,41.76328060189238],[16.192882,41.79092],[16.192231,41.821357],[16.188190186568036,41.838738540007725],[16.1766771,41.8554039],[16.17771411676186,41.885798732098664],[16.1730634,41.8862282],[16.178664029635243,41.890560267642314],[16.1727972,41.886704],[16.1623013,41.8907553],[16.146337912773525,41.91208026808813],[16.1190368,41.916333],[16.108891349161752,41.92842098316502],[16.02711,41.944078],[15.7739166,41.9183024],[15.6783703,41.9147419],[15.6718906,41.9159312],[15.6674141,41.9227782],[15.6717915,41.9158302],[15.6667736,41.9187793],[15.6667128,41.923026],[15.6557966,41.9214607],[15.6430851,41.9266943],[15.6162727411011,41.927839194669275],[15.5098356,41.9098301],[15.4000668,41.9006425],[15.3546939,41.9053957],[15.339505506290058,41.9181955783911],[15.2941125,41.9208494],[15.2072532,41.9193359],[15.144896,41.9250052],[15.1386888,41.9284284],[15.1321101,41.9018181],[15.1389357,41.8917174],[15.1396693,41.8802502],[15.1308482,41.874234],[15.1242647,41.8604961],[15.1188857,41.8571245],[15.1200937,41.8538375],[15.105957,41.8500786],[15.0998982,41.834042],[15.1161686,41.8150946],[15.1168549,41.8000359],[15.1159937,41.7905319],[15.1027807,41.7832398],[15.0978856,41.7683744],[15.117402,41.7499481],[15.1041468,41.7500122],[15.1027424,41.7437363],[15.1166323,41.7299884],[15.1211764,41.7202977],[15.1443325,41.7105665],[15.1616821,41.7095647],[15.1172773,41.6937778],[15.106094,41.685626],[15.1033267,41.6730341],[15.0955207,41.6751551],[15.0907989,41.6827968],[15.0867166,41.6760381],[15.090821,41.6729704],[15.070422,41.6610426],[15.0511086,41.6582889],[15.0455585,41.6413224],[15.0263216,41.6350768],[15.0263746,41.6232966],[15.0098583,41.6231101],[14.9914059,41.6290972],[14.9887687,41.6377729],[14.9685609,41.6409844],[14.9596296,41.6460446],[14.9489701,41.6314424],[14.9341858,41.6194128]],[[16.6345687,40.7551622],[16.6361239,40.7596021],[16.647266,40.7551353],[16.6431024,40.7525878],[16.6345687,40.7551622]]],[[[16.1769056,41.888222],[16.178069084018546,41.88757804181948],[16.178213358038683,41.88830123011828],[16.1769056,41.888222]]],[[[16.2845347,41.3278295],[16.284536022248435,41.32782407105727],[16.284546211842354,41.32783372948375],[16.2845347,41.3278295]]],[[[16.284546211842354,41.32783372948375],[16.2911408,41.3302566],[16.289100779356122,41.33215087458391],[16.284546211842354,41.32783372948375]]],[[[16.5047511,41.2473585],[16.504754964542002,41.24728975462416],[16.5099573,41.2463802],[16.5047511,41.2473585]]],[[[17.2357712,40.9942644],[17.2363002,40.9942746],[17.2364818,40.995113],[17.2357712,40.9942644]]],[[[17.536371319889238,40.808031156354275],[17.5364,40.808006],[17.53640124426501,40.80801595730235],[17.536371319889238,40.808031156354275]]],[[[17.6964986,40.7609215],[17.6970769,40.7616294],[17.6967261,40.7617479],[17.6964986,40.7609215]]],[[[17.7041606,40.7580276],[17.7042312,40.7578792],[17.704341,40.7581315],[17.7041606,40.7580276]]],[[[17.7042038,40.7583839],[17.7045801,40.7582355],[17.7045174,40.7583661],[17.7042038,40.7583839]]],[[[17.7116761,40.7567973],[17.7118065,40.7565997],[17.7120175,40.7566142],[17.7116761,40.7567973]]],[[[17.7133412,40.7557743],[17.7135446,40.7556319],[17.7135522,40.7557278],[17.7133412,40.7557743]]],[[[17.713817,40.7554256],[17.7139666,40.7552919],[17.7140664,40.7553907],[17.713817,40.7554256]]],[[[17.7209286,40.7518336],[17.7218567,40.7508949],[17.7226345,40.7507648],[17.7209286,40.7518336]]],[[[17.7304932,40.7473098],[17.7314065,40.7469826],[17.7311075,40.74726],[17.7304932,40.7473098]]],[[[17.7675049,40.7255312],[17.7676578,40.725462],[17.7675693,40.7255677],[17.7675049,40.7255312]]],[[[17.8032191,40.7138922],[17.8035025,40.7132959],[17.8035926,40.7138286],[17.8032191,40.7138922]]],[[[17.8045392,40.714017],[17.8059902,40.7131374],[17.8055395,40.7144589],[17.8045392,40.714017]]],[[[17.8090732,40.7123778],[17.8101374,40.7120812],[17.8096521,40.7129227],[17.8090732,40.7123778]]],[[[17.8234982,40.704204],[17.8240143,40.7034892],[17.824245,40.7040219],[17.8234982,40.704204]]],[[[17.8241055,40.7032574],[17.8258403,40.7032372],[17.8248056,40.7038721],[17.8241055,40.7032574]]],[[[17.9203243,40.2187306],[17.9207461,40.2177754],[17.9215746,40.2188117],[17.9203243,40.2187306]]],[[[17.9762787,40.0585018],[17.978480457419916,40.05849374447868],[17.9832605,40.0615457],[17.9762787,40.0585018]]],[[[18.3756718,40.3290118],[18.3758421,40.3289915],[18.375782,40.3290704],[18.3756718,40.3290118]]],[[[18.3762995,40.3301725],[18.3764097,40.3298391],[18.3765833,40.3298594],[18.3762995,40.3301725]]],[[[18.3778162,40.3271727],[18.3780816,40.3271911],[18.3779223,40.3272941],[18.3778162,40.3271727]]],[[[18.3797766,40.3237354],[18.3798518,40.3236083],[18.3799825,40.3237005],[18.3797766,40.3237354]]],[[[18.3804106,40.3230851],[18.3807962,40.3228982],[18.3807636,40.323125],[18.3804106,40.3230851]]],[[[18.3804662,40.3233467],[18.3807113,40.3234688],[18.3805315,40.3236457],[18.3804662,40.3233467]]],[[[18.3822586,40.3208329],[18.3824505,40.3207866],[18.3824761,40.3208719],[18.3823929,40.3209378],[18.3822586,40.3208329]]],[[[18.384676,40.3180436],[18.3852149,40.3174222],[18.384857,40.3185529],[18.384676,40.3180436]]],[[[18.3856784,40.3163008],[18.3859541,40.3163881],[18.3858642,40.3166008],[18.3856784,40.3163008]]],[[[18.3862576,40.3158163],[18.3863891,40.3157041],[18.3864736,40.3158759],[18.3862576,40.3158163]]],[[[18.3930955,40.310814],[18.3931659,40.3108386],[18.3931337,40.3109214],[18.3930955,40.310814]]],[[[18.3931248,40.3118494],[18.3932057,40.3117534],[18.3934726,40.3120049],[18.3931248,40.3118494]]],[[[18.3932439,40.3107333],[18.3933708,40.3106879],[18.3933466,40.3107624],[18.3932439,40.3107333]]],[[[18.3939026,40.3102455],[18.394472,40.3102634],[18.3940611,40.3105275],[18.3939026,40.3102455]]],[[[18.3972745,40.3096114],[18.3977249,40.3091968],[18.3977685,40.3096637],[18.3972745,40.3096114]]],[[[18.3978535,40.3094769],[18.3979386,40.309488],[18.3978639,40.3095181],[18.3978535,40.3094769]]],[[[18.3984146,40.307793],[18.3988484,40.3078911],[18.3985869,40.3083042],[18.3984146,40.307793]]],[[[18.3986346,40.3072122],[18.3987052,40.3072328],[18.3986906,40.3072644],[18.3986346,40.3072122]]],[[[18.3990123,40.3063228],[18.3992136,40.3064636],[18.3991161,40.3065159],[18.3990123,40.3063228]]],[[[18.3996889,40.3062405],[18.3997739,40.3061344],[18.4000479,40.3061835],[18.3996889,40.3062405]]],[[[18.4016899,39.9472888],[18.4018819,39.947041],[18.4019088,39.9473611],[18.4016899,39.9472888]]],[[[18.4850253,40.078137],[18.4851175,40.0781073],[18.4852339,40.0781909],[18.4850253,40.078137]]],[[[18.5029211,40.0919208],[18.5034927,40.0923896],[18.503342,40.0926818],[18.5029211,40.0919208]]]]}},{"type":"Feature","id":"piemonte","properties":{"name":"Piemonte","slug":"piemonte","parent_iso_a3":"ITA","source_name":"OpenStreetMap via Nominatim","source_url":"https://nominatim.openstreetmap.org/","source_license":"ODbL 1.0","source_queries":"Piemonte, Italy => Piemonte, Italia | Piedmont, Italy => Piemonte, Italia"},"geometry":{"type":"Polygon","coordinates":[[[6.6272658,45.1068023],[6.6329282,45.0987499],[6.6313872,45.0954846],[6.635988,45.096645],[6.6409838,45.089386],[6.6405622,45.0852513],[6.6469378,45.0849077],[6.6456491,45.0753393],[6.6632386,45.0721211],[6.6636016,45.0573324],[6.6586765,45.052538],[6.6698693,45.0442126],[6.6639408,45.0339891],[6.670106773553824,45.02871784985836],[6.697245,45.026917],[6.707962374989905,45.02138949476255],[6.7226887,45.0220821],[6.7482652,45.0161652],[6.7449983,45.0111108],[6.7513094,44.9975574],[6.7374859,44.9935484],[6.737894,44.9893386],[6.7494024,44.9848831],[6.753409,44.976729],[6.762411,44.972689],[6.765327,44.962125],[6.758538,44.948071],[6.743808,44.936763],[6.754215,44.93807],[6.7607666,44.9335526],[6.760715,44.930571],[6.753991,44.932032],[6.748482,44.922126],[6.752776,44.918845],[6.751206,44.906146],[6.7709835,44.9037024],[6.7830774,44.8936231],[6.7848729,44.8882727],[6.8017233,44.8910486],[6.8005991,44.8845949],[6.8076445,44.8758288],[6.847106,44.859072],[6.86602,44.855661],[6.915319,44.862689],[6.929537304686653,44.86184309153135],[6.9314224,44.8644491],[6.986435971783663,44.84415392677611],[7.0012056,44.8421834],[7.0064674,44.8394255],[7.0101202,44.8260139],[7.0250798,44.8231128],[7.0097773,44.801877],[7.0096904,44.7966467],[7.000287011869374,44.79018763162921],[7.0113043,44.7839134],[7.0215912,44.7713991],[7.0249401,44.7569455],[7.0212452,44.7493377],[7.0259681,44.7445673],[7.0236707,44.7397024],[7.0302166,44.7325417],[7.0284446,44.7296844],[7.042475,44.7188261],[7.0657785,44.7136039],[7.0652277,44.7082663],[7.0755967,44.6902404],[7.0771286,44.6809196],[7.071624,44.6794759],[6.9925403,44.6900956],[6.9711872,44.6771442],[6.9629496,44.6782241],[6.9581354,44.6728057],[6.959388,44.6640908],[6.9479283,44.6538596],[6.9541365,44.6358491],[6.9622582,44.6263854],[6.9691427,44.6258986],[6.9679499,44.6195472],[6.9501986,44.6198938],[6.9503956,44.6102382],[6.937995,44.603741],[6.9383141,44.5992645],[6.9326869,44.5929216],[6.9328719,44.5730653],[6.9127741,44.569112],[6.9165645,44.5615339],[6.9038209,44.5554777],[6.8886055,44.551967],[6.8800101,44.5552997],[6.8698631,44.5371216],[6.8561479,44.5331856],[6.8545067,44.5288607],[6.8615488,44.5004794],[6.876833,44.4887042],[6.8761784,44.4818313],[6.8912725,44.4719896],[6.9061681,44.4676598],[6.9118855,44.4512072],[6.9363528,44.4399134],[6.9396302,44.4335609],[6.948077,44.429701],[6.9460669,44.4272632],[6.9338164,44.4299575],[6.9333162,44.4250692],[6.9247359,44.4223482],[6.9179568,44.4273967],[6.9016276,44.420431],[6.8929423,44.4209721],[6.8978107,44.4054775],[6.8943628,44.3984529],[6.897117,44.3755563],[6.8950313,44.3699291],[6.8878207,44.3671167],[6.887345,44.3614236],[6.9218616,44.351657],[6.9207454,44.3454779],[6.9266902,44.3329667],[6.9525569,44.3194976],[6.9601549,44.3114482],[6.9576009,44.2952983],[6.9703713,44.29428],[6.968765,44.2868466],[6.9717059,44.2836513],[6.9815102,44.287152],[6.9960782,44.2800848],[6.9966714,44.2519073],[7.005871736702303,44.238960047593785],[7.033451,44.242934],[7.04606,44.240298],[7.070675968181758,44.2308669297527],[7.086531,44.2292818],[7.090521169492711,44.2232636745708],[7.1524115425153445,44.203923268397986],[7.1627268,44.2080143],[7.1776474,44.1972452],[7.1883302,44.2007619],[7.1935892,44.1870854],[7.2007694,44.1869219],[7.203559804430881,44.181232389252],[7.229762519207249,44.16960809133805],[7.2350546,44.1754497],[7.2417696,44.1729774],[7.247004936248228,44.16195884605367],[7.251319,44.160045],[7.3217881,44.142841],[7.3446281,44.1452067],[7.3457694,44.1364095],[7.353811842507651,44.123426695400134],[7.38082,44.122941],[7.554763,44.159063],[7.583599,44.160716],[7.624733,44.180095],[7.677762,44.1770719],[7.6844841,44.1739613],[7.6809228,44.1644009],[7.6718079,44.1590883],[7.6705149,44.1530169],[7.6794005,44.1472256],[7.666426,44.130751],[7.6745707,44.1179682],[7.7189825,44.0824476],[7.7130453,44.0746292],[7.7147012,44.061293],[7.7275938,44.0598079],[7.735995,44.0761391],[7.7593136,44.0842899],[7.7328473,44.0835334],[7.7213175,44.0983272],[7.7221409,44.1037999],[7.7145226,44.1038974],[7.7145875,44.1066532],[7.7238183,44.113621],[7.7223512,44.1216627],[7.7272063,44.1272288],[7.7380809,44.1280564],[7.7469159,44.1361508],[7.763158,44.1410201],[7.7753423,44.1405789],[7.797486,44.1289096],[7.8088144,44.1281491],[7.8223398,44.1213554],[7.8664778,44.1184691],[7.8814348,44.1137479],[7.8858221,44.1045405],[7.9246248,44.1092306],[7.926022,44.1118241],[7.9363816,44.1007916],[7.9422642,44.100484],[7.9617777,44.1063355],[7.9697688,44.1154733],[8.0065731,44.1023649],[8.0142066,44.1096731],[8.0021759,44.1172327],[8.0118158,44.1212853],[7.9921279,44.1276874],[7.9905044,44.1326768],[7.9791409,44.1334669],[7.9787766,44.1378049],[8.0008485,44.1524107],[8.0150199,44.1560903],[8.0303372,44.1529234],[8.0434724,44.1417155],[8.0690636,44.1437554],[8.0743496,44.1515581],[8.0727095,44.1587563],[8.0810087,44.1605358],[8.0808673,44.1672945],[8.09728,44.1788561],[8.0912379,44.1893235],[8.0955723,44.1969378],[8.0813037,44.2055761],[8.0751802,44.2044877],[8.0750662,44.2111817],[8.0649257,44.2172245],[8.0686488,44.2192801],[8.0659046,44.2228126],[8.0692108,44.2283555],[8.0774105,44.2344978],[8.0704491,44.2429255],[8.0723926,44.2471586],[8.0640576,44.2534465],[8.0806612,44.2613496],[8.0888933,44.2681553],[8.0867102,44.270491],[8.0904969,44.2740302],[8.0742527,44.2886481],[8.0637928,44.2881591],[8.0636258,44.296052],[8.0585166,44.3011909],[8.0771382,44.3133896],[8.0818902,44.3118781],[8.0837277,44.3066876],[8.102701,44.3012442],[8.1054223,44.3102731],[8.1092478,44.3123701],[8.1086927,44.3176482],[8.1177584,44.3258515],[8.1167728,44.3291145],[8.1307014,44.3354305],[8.1387003,44.3340551],[8.1365227,44.3390361],[8.1388424,44.3424095],[8.1476518,44.3436198],[8.144707,44.3470811],[8.1491972,44.3547825],[8.1405654,44.3710328],[8.1499306,44.3734589],[8.1476374,44.3844713],[8.1654863,44.3879401],[8.176746,44.4002648],[8.1864392,44.3951453],[8.1971826,44.4027111],[8.2096453,44.4052651],[8.2078474,44.4140494],[8.2133458,44.4230252],[8.2208937,44.4273621],[8.215581,44.4327731],[8.2182863,44.4370519],[8.2077533,44.4479252],[8.2099706,44.456754],[8.1966804,44.4670212],[8.1963165,44.4785158],[8.2105194,44.4767209],[8.2233692,44.4851199],[8.2163812,44.4954106],[8.2231736,44.5132701],[8.2396442,44.5194526],[8.2520797,44.528545],[8.2715689,44.5071944],[8.2928773,44.5019714],[8.3026231,44.5034215],[8.3251361,44.4879078],[8.3510266,44.4851935],[8.3522983,44.4793703],[8.3488552,44.4779156],[8.3544089,44.4742441],[8.3576845,44.4647194],[8.3730659,44.4698269],[8.3745221,44.4745997],[8.3815647,44.4741317],[8.3823653,44.4764701],[8.3760838,44.4778822],[8.3769593,44.4819488],[8.400841,44.4926119],[8.3992755,44.5016158],[8.4037928,44.5097364],[8.4182915,44.5137658],[8.4274857,44.5028749],[8.435363,44.5040374],[8.44687,44.4980803],[8.4499744,44.4982018],[8.4522461,44.5097809],[8.458276,44.5162479],[8.4698175,44.5219947],[8.4743316,44.5177553],[8.4740949,44.5124457],[8.4805988,44.5094341],[8.4917162,44.5119917],[8.495629,44.5090667],[8.518075,44.5090887],[8.5232227,44.5130639],[8.5280589,44.5106261],[8.5348001,44.5136007],[8.5496039,44.5032513],[8.5602041,44.5026069],[8.5720655,44.5086983],[8.5761396,44.506933],[8.5764988,44.514378],[8.5717091,44.5161331],[8.5737565,44.5233248],[8.5866878,44.5241916],[8.5903214,44.5280668],[8.587631,44.5332246],[8.5907475,44.5319214],[8.5995743,44.5386507],[8.6070945,44.5375424],[8.6123671,44.5432951],[8.6129082,44.547123],[8.5978161,44.5565596],[8.6044357,44.5642799],[8.6012114,44.5682388],[8.6097564,44.570816],[8.6145825,44.5683207],[8.6172151,44.5740012],[8.610246,44.5729423],[8.608625,44.5761417],[8.6209595,44.5770925],[8.6188758,44.581983],[8.6238614,44.5863807],[8.6415909,44.5786265],[8.6485524,44.5833655],[8.6616619,44.5792099],[8.6673608,44.5824135],[8.6814198,44.5748825],[8.6905475,44.5824787],[8.6982215,44.5794204],[8.7140754,44.5814507],[8.7327668,44.5704319],[8.74027,44.5568284],[8.7383305,44.5513234],[8.7499472,44.5489457],[8.7499069,44.5407173],[8.7569839,44.5366904],[8.7556108,44.528279],[8.7498077,44.5256647],[8.7539168,44.5241162],[8.7604717,44.5302429],[8.7675643,44.524964],[8.7666923,44.5167698],[8.7735738,44.5039279],[8.770444,44.4972065],[8.7737495,44.4939767],[8.7703056,44.4894655],[8.7882632,44.488031],[8.7859414,44.4971635],[8.801017,44.5007651],[8.797481,44.5050351],[8.7946122,44.5233924],[8.7997713,44.5264834],[8.7990825,44.5301328],[8.8237317,44.5382263],[8.8287653,44.5430695],[8.8222098,44.5502514],[8.8260524,44.5618616],[8.8355522,44.5635681],[8.852698,44.5592748],[8.8629047,44.5606109],[8.865007,44.5658709],[8.8686074,44.5662442],[8.8842841,44.5523252],[8.8913371,44.5506307],[8.8943879,44.5554836],[8.9175028,44.561055],[8.9217734,44.56799],[8.911893,44.5800327],[8.9135095,44.5879246],[8.9064122,44.5926183],[8.9104608,44.5979601],[8.9071215,44.5983805],[8.9066876,44.6046673],[8.902027,44.6091291],[8.910014,44.612048],[8.9033951,44.6218604],[8.8849656,44.631746],[8.8826207,44.6387475],[8.9082612,44.6468236],[8.9227778,44.6640965],[8.9217708,44.6723245],[8.9311995,44.6762146],[8.9595231,44.6760211],[8.9730706,44.6626115],[8.9916603,44.6623083],[9.0059903,44.6684391],[9.0146907,44.6660707],[9.0211084,44.6608573],[9.0250506,44.6505307],[9.0332547,44.6474468],[9.030871,44.6429223],[9.0387618,44.6408673],[9.0382784,44.6343947],[9.0452942,44.6275143],[9.0439089,44.6144252],[9.0548915,44.6213794],[9.0769893,44.6259624],[9.0758534,44.623699],[9.0859135,44.6142753],[9.0963223,44.6145101],[9.1035453,44.6096064],[9.1023796,44.5928539],[9.1107041,44.581971],[9.1196693,44.5815614],[9.1351922,44.5744771],[9.152555,44.5742212],[9.1835209,44.5916405],[9.2028035,44.5945157],[9.2051646,44.5994808],[9.2002365,44.6163422],[9.1979117,44.6501459],[9.2064348,44.6602045],[9.1991961,44.6841097],[9.2084437,44.7029171],[9.2028303,44.7220571],[9.2111118,44.7319986],[9.2135504,44.7523482],[9.1924028,44.75704],[9.1717256,44.7716835],[9.1746078,44.7971194],[9.1650463,44.8004374],[9.1551195,44.8094085],[9.1609768,44.8147387],[9.130831,44.80573],[9.1220008,44.8098898],[9.1089923,44.8054378],[9.1062113,44.8128312],[9.0951451,44.8190255],[9.0788379,44.8141763],[9.0726397,44.8170886],[9.0754283,44.8218039],[9.0729065,44.828035],[9.0641111,44.8301898],[9.0649549,44.8327209],[9.0490038,44.8498599],[9.0675803,44.8600948],[9.0700667,44.8646843],[9.0681376,44.8690215],[9.0623608,44.8697745],[9.0556689,44.8885978],[9.0433666,44.8838052],[9.0390884,44.888783],[9.0304559,44.8881179],[9.0201456,44.8996822],[9.0061731,44.9037385],[8.9996877,44.9093199],[9.0028801,44.9104001],[8.9983955,44.9138929],[9.0021622,44.9174037],[8.9955446,44.9186189],[8.9933014,44.9244701],[8.9886129,44.9250818],[8.9915899,44.9307533],[8.9825795,44.9313014],[8.9824515,44.9353793],[8.9695902,44.9434915],[8.9717206,44.9539211],[8.9802533,44.9519875],[8.9765988,44.9606917],[8.97906,44.9670702],[8.9614408,44.9870048],[8.9488747,44.9877991],[8.9464693,44.9839595],[8.9441401,44.9864643],[8.9425001,44.9810948],[8.925432,44.9818139],[8.9241803,44.9864054],[8.9165442,44.9870842],[8.9173387,44.9903614],[8.909697,44.9944785],[8.9072188,45.0028348],[8.9012737,45.0077628],[8.9047591,45.026071],[8.9022269,45.0378882],[8.894923,45.0405012],[8.9001569,45.0436207],[8.8980668,45.0506581],[8.8859038,45.0501605],[8.8810586,45.0540803],[8.88791,45.0571659],[8.8840039,45.0608707],[8.8761966,45.0536701],[8.8656625,45.0517228],[8.8667424,45.0456929],[8.8618165,45.0510971],[8.8524166,45.0477727],[8.8430523,45.0507218],[8.8404815,45.0481707],[8.8421222,45.0426301],[8.8317149,45.0458447],[8.8270079,45.0403195],[8.8230888,45.047695],[8.8193069,45.0429722],[8.8232097,45.036785],[8.8055896,45.0370804],[8.8154435,45.0321908],[8.8134937,45.0301082],[8.8044517,45.0356832],[8.7953638,45.0352802],[8.7954784,45.0314187],[8.8027273,45.0273086],[8.7990788,45.021469],[8.7921043,45.0198182],[8.7776986,45.0237339],[8.7754765,45.0206779],[8.7791534,45.0134178],[8.7717482,45.0067807],[8.7672415,45.0072937],[8.7651441,45.0130551],[8.759405,45.0095459],[8.7550904,45.0097013],[8.7577936,45.0121195],[8.7554974,45.0123372],[8.7481446,45.0094159],[8.7480501,45.0145928],[8.7539551,45.0153603],[8.7511023,45.0203394],[8.743428,45.0240118],[8.7251093,45.0220275],[8.7103267,45.0382471],[8.7026932,45.0314541],[8.7044399,45.0249534],[8.6972263,45.0256531],[8.6929931,45.0198468],[8.6857466,45.0270736],[8.6750795,45.0292492],[8.6672896,45.0285651],[8.665999,45.0206083],[8.6590679,45.017975],[8.6518798,45.0233724],[8.6570268,45.0284313],[8.6525962,45.0304478],[8.6522627,45.0349229],[8.6403216,45.0359324],[8.6346571,45.0406741],[8.6412944,45.0440551],[8.6384698,45.0503812],[8.6469489,45.0546858],[8.6421404,45.060504],[8.6441899,45.0617706],[8.636897,45.0665276],[8.6459876,45.0753328],[8.6401493,45.0767009],[8.6354872,45.0890365],[8.6224046,45.0904612],[8.6233706,45.0983499],[8.6090947,45.1068895],[8.6128319,45.1144637],[8.6084654,45.1192737],[8.6141632,45.1265462],[8.5917421,45.1313224],[8.5864706,45.146717],[8.5806611,45.1522684],[8.5543778,45.1573594],[8.5525126,45.1601157],[8.5569272,45.1667378],[8.5478223,45.1679812],[8.5429346,45.172842],[8.5439499,45.1812895],[8.5512227,45.1854411],[8.5535608,45.1909502],[8.5607909,45.1908499],[8.5642124,45.1980373],[8.5811897,45.2022262],[8.5777938,45.2079157],[8.5560255,45.2048559],[8.5506049,45.2011531],[8.5522968,45.1964249],[8.5464784,45.1948627],[8.5294074,45.1934457],[8.5245149,45.1983337],[8.5254165,45.2019896],[8.5322368,45.1992813],[8.5480486,45.2041248],[8.5365934,45.2149707],[8.5232449,45.2216039],[8.5270798,45.2291541],[8.5391724,45.2301397],[8.5436511,45.2340013],[8.5290974,45.2395141],[8.548728,45.2379551],[8.5561804,45.2413959],[8.5251773,45.2469061],[8.5227683,45.2546261],[8.5309058,45.2536877],[8.5360139,45.2475875],[8.5436197,45.2539822],[8.5330483,45.2581432],[8.5362221,45.2627026],[8.5307069,45.267126],[8.5360911,45.2721969],[8.5351059,45.2778017],[8.5224115,45.2791355],[8.5232545,45.2743683],[8.5140772,45.2743206],[8.5130891,45.282663],[8.5192094,45.2870456],[8.5168155,45.2912932],[8.4978518,45.2917672],[8.5135427,45.3132784],[8.5216126,45.3122776],[8.5311596,45.3193202],[8.5376738,45.3167094],[8.5333407,45.3351244],[8.5270729,45.3366852],[8.5264506,45.3425468],[8.5397985,45.3461118],[8.540922,45.350815],[8.5510708,45.3524576],[8.551754,45.3613176],[8.5572048,45.3533007],[8.5788124,45.3472345],[8.5909549,45.3521573],[8.5939797,45.3504849],[8.5923105,45.3482646],[8.5999659,45.3470045],[8.6002839,45.3507862],[8.6096629,45.3513587],[8.6117783,45.3544262],[8.6186943,45.3524063],[8.6179981,45.3553114],[8.6218682,45.3569806],[8.6290978,45.348651],[8.6347267,45.3487592],[8.6306334,45.3461086],[8.6320579,45.3370534],[8.6380275,45.3375946],[8.6455075,45.3299039],[8.656117,45.3266598],[8.6580619,45.3192756],[8.6558109,45.3182451],[8.6631953,45.3096684],[8.6589769,45.3026618],[8.6641087,45.3017498],[8.6652765,45.2916717],[8.6902131,45.2923452],[8.7034769,45.296602],[8.7042635,45.302536],[8.707574,45.2984759],[8.7161212,45.3028811],[8.7191124,45.3173987],[8.7237208,45.3191472],[8.7265398,45.3328901],[8.7243138,45.3358101],[8.7421219,45.3320592],[8.743747,45.3403021],[8.7478059,45.3390104],[8.7625376,45.3486194],[8.7575691,45.3539512],[8.760662,45.3556965],[8.7455115,45.3543895],[8.7305924,45.3682343],[8.7204421,45.3704602],[8.7192919,45.3783785],[8.7482897,45.3743775],[8.7577968,45.3761263],[8.7581273,45.3794935],[8.760886,45.3764839],[8.7640245,45.3773006],[8.7610505,45.3829292],[8.7642671,45.3834489],[8.7654315,45.3889398],[8.7894564,45.3799066],[8.8015417,45.3791811],[8.8118993,45.3832672],[8.8112284,45.3891079],[8.8428962,45.393838],[8.8373452,45.4064533],[8.8236794,45.4124371],[8.8243903,45.4249268],[8.8202385,45.4281247],[8.8258325,45.4339482],[8.8081023,45.4333347],[8.8119828,45.4389669],[8.8100697,45.4459788],[8.7883745,45.4625086],[8.7914413,45.46877],[8.7874867,45.4862324],[8.7734935,45.4847038],[8.7603515,45.4968464],[8.7407136,45.4978117],[8.7278924,45.5023994],[8.7143868,45.5178752],[8.7125614,45.5243334],[8.7192217,45.5317128],[8.7077546,45.5475168],[8.7055279,45.569154],[8.6933449,45.5777808],[8.7044406,45.5883142],[8.703148,45.600057],[8.699829,45.6044948],[8.6992668,45.601712],[8.691855,45.6041045],[8.6887803,45.6082276],[8.6938638,45.6096455],[8.682133,45.6203425],[8.6630877,45.6220341],[8.6659374,45.6303233],[8.658939,45.6377463],[8.660364,45.6418639],[8.6656575,45.6428786],[8.6786452,45.633627],[8.6881849,45.6369928],[8.6846651,45.646884],[8.6698345,45.6614235],[8.6714066,45.6654378],[8.6814882,45.6703308],[8.6812011,45.6764016],[8.6407993,45.6768083],[8.640879,45.6863044],[8.6543579,45.7078825],[8.6534342,45.7139709],[8.6428681,45.7231552],[8.6281762,45.7222172],[8.5945506,45.7297714],[8.5829106,45.7486715],[8.5532887,45.7803139],[8.5530235,45.7926617],[8.5582768,45.8035638],[8.5816471,45.8136582],[8.5920326,45.8244424],[8.5952008,45.833614],[8.5923115,45.8524464],[8.5705136,45.889507],[8.5706383,45.9000335],[8.593841,45.9218319],[8.7271462,46.0194],[8.7287635,46.0292321],[8.7206431,46.0410478],[8.7155593,46.0622668],[8.7054756,46.0819336],[8.7078501,46.0908138],[8.713991,46.0972321],[8.677485,46.095792],[8.601831,46.122819],[8.538682,46.187621],[8.51026,46.207878],[8.456517,46.224828],[8.43812,46.23537],[8.427165,46.251442],[8.423237,46.275833],[8.426648,46.301568],[8.442874,46.353373],[8.445768,46.412362],[8.441634,46.434945],[8.427888,46.44869],[8.399156,46.452179],[8.357787676999775,46.446019692574204],[8.3258283,46.4251903],[8.3076903,46.4258254],[8.2988148,46.414153],[8.288776859664567,46.40865138832932],[8.3035072,46.4025302],[8.309683,46.4040843],[8.3156075,46.3989108],[8.3171912,46.3939237],[8.3141402,46.3901689],[8.3186953,46.3864452],[8.3127607,46.377162],[8.2999717,46.3739492],[8.2840857,46.3637053],[8.274621024858389,46.3664536545751],[8.26084977201937,46.3608144626105],[8.2650775,46.3570713],[8.2655431,46.3518052],[8.2599116,46.3488324],[8.2627925,46.3460497],[8.2528608,46.3464543],[8.2496575,46.3407198],[8.2356241,46.3403696],[8.2240826,46.3344678],[8.2218365,46.3300123],[8.2249373,46.3262125],[8.2146508,46.3197162],[8.2121063,46.309703],[8.1986571,46.3022554],[8.128475,46.292473],[8.119099355245433,46.28946729008262],[8.1133498,46.2810075],[8.1055093,46.2796326],[8.0856718,46.2665507],[8.0860738,46.2621853],[8.0805046,46.2606607],[8.0824061,46.2569436],[8.1006747,46.2522954],[8.1016608,46.2494367],[8.1101591,46.2495092],[8.1154273,46.2360061],[8.1201817,46.2361939],[8.1273086,46.2282879],[8.1388826,46.2261526],[8.1435307,46.211599],[8.1513374,46.2029616],[8.1533003,46.1911073],[8.1650665,46.1828638],[8.1652756,46.1770043],[8.1584996,46.1740674],[8.1497535,46.1625828],[8.1540248,46.1462187],[8.1443044,46.1368491],[8.1233867,46.1348295],[8.1152611,46.1302395],[8.1138156,46.1174409],[8.1082182,46.1116247],[8.03316934665778,46.09534467713572],[8.0216897,46.0695032],[8.0343337,46.0437991],[8.0123886,46.0317244],[8.0175132,46.0247131],[8.0107641,46.0188549],[8.0123972,46.0119878],[8.001105,46.0121966],[7.989027,45.9960011],[7.983094233893257,45.99771558027132],[7.898205,45.981949],[7.879553791928386,45.968231648676905],[7.8811279,45.9637465],[7.8752708,45.9577199],[7.8772033,45.9493916],[7.8712371620063335,45.947623515547285],[7.8684964,45.9375782],[7.8770798,45.9272119],[7.8725501,45.9203362],[7.8663329,45.9197303],[7.8613734,45.9104094],[7.8678429,45.9054874],[7.8635131,45.896543],[7.8688161,45.8677219],[7.8759229,45.8615817],[7.8738738,45.8537453],[7.8655958,45.8480223],[7.8635565,45.8413969],[7.8740544,45.8271265],[7.8615209,45.8197974],[7.8661787,45.8019745],[7.8618882,45.7917769],[7.8818609,45.7725114],[7.880388,45.7666787],[7.8921925,45.7545161],[7.916714,45.7435457],[7.9312185,45.7416193],[7.9270585,45.7347671],[7.9336417,45.7316475],[7.9375525,45.7245298],[7.9288682,45.7172608],[7.9299304,45.7141205],[7.9202982,45.7018954],[7.9118029,45.7007902],[7.9047634,45.6856735],[7.9052082,45.681962],[7.9111448,45.679767],[7.9118602,45.6706845],[7.9216159,45.6664191],[7.9208547,45.6606064],[7.927195,45.6501759],[7.9390277,45.644458],[7.9383713,45.6391234],[7.9361076,45.635694],[7.915039,45.6327386],[7.8965774,45.6117876],[7.8958849,45.6006738],[7.9007656,45.5917199],[7.895786,45.5900306],[7.8905848,45.596995],[7.8791745,45.60016],[7.8605558,45.5970235],[7.8494721,45.6023219],[7.8414344,45.5972272],[7.8277826,45.5970699],[7.8051894,45.5868627],[7.7950368,45.586243],[7.7968151,45.5827139],[7.7865987,45.5750825],[7.7582096,45.5652003],[7.7326993,45.5503309],[7.7164694,45.5591988],[7.7062539,45.5554606],[7.6882738,45.5573452],[7.6754996,45.5523447],[7.6459426,45.5689921],[7.6340451,45.5707871],[7.6090659,45.5628768],[7.6062075,45.5728436],[7.5996945,45.5780925],[7.5874943,45.5826138],[7.582716,45.5809704],[7.5758411,45.5882919],[7.5664735,45.5916229],[7.5479233,45.5885982],[7.5317706,45.5767894],[7.4893174,45.5831081],[7.4650016,45.5774283],[7.4486361,45.5608253],[7.4478877,45.5554325],[7.4249941,45.54592],[7.4167689,45.5464993],[7.4165114,45.5374227],[7.3982254,45.5329191],[7.3967502,45.5285149],[7.3772392,45.516898],[7.3704693,45.5173056],[7.3669518,45.5234031],[7.3593015,45.5258678],[7.3352806,45.5211906],[7.3211041,45.5140342],[7.301166,45.5172228],[7.2831022,45.5126051],[7.2694973,45.514677],[7.2637298,45.4990266],[7.2475534,45.4940719],[7.2226604,45.4704761],[7.2098416,45.4725592],[7.199464,45.4811451],[7.1711484,45.4820273],[7.1603299,45.4865882],[7.1435822,45.4778314],[7.136936,45.4917896],[7.1434996,45.4965141],[7.140936,45.5036643],[7.1444017,45.5084373],[7.1386137,45.5112054],[7.1375271,45.5162643],[7.1343013,45.5154556],[7.1214333,45.5066665],[7.1145059,45.4752013],[7.1002152,45.4645047],[7.1002025,45.4543678],[7.1147114,45.4413908],[7.114587,45.4330789],[7.1520995,45.423188],[7.1580046,45.4161887],[7.1859342,45.4042025],[7.1784203,45.3968698],[7.1780943,45.3892143],[7.1627232,45.3815043],[7.1577221,45.36917],[7.1603249,45.3617476],[7.1638941,45.3607061],[7.1336813,45.3472144],[7.1315326,45.340656],[7.1347,45.331186],[7.125977,45.3272139],[7.109395,45.3277094],[7.1121711,45.3236547],[7.1093733,45.3183879],[7.1178903,45.3115815],[7.1218296,45.2951331],[7.1359192,45.2802513],[7.1292988,45.2712562],[7.1333744,45.2661666],[7.1322562,45.260798],[7.1374816,45.2563719],[7.1252013,45.2440083],[7.1104239,45.2465912],[7.1064682,45.2373371],[7.0808714,45.2243512],[7.0832246,45.2178634],[7.0719993,45.2098732],[7.0666071,45.210439],[7.060516348287748,45.217327611579854],[7.055466,45.213675],[7.050195,45.215019],[7.041201521212427,45.2227489618973],[7.026311,45.2153745],[7.0232547,45.2185115],[7.0198921,45.2145584],[7.0034728,45.2198178],[6.9945054,45.2155706],[6.9930951,45.2099175],[6.9657708,45.2078758],[6.9606471,45.2029182],[6.967287,45.195888],[6.95387,45.1907985],[6.9554895,45.1803442],[6.9429575,45.1761522],[6.9472475,45.1704258],[6.9318847,45.1711973],[6.9106116,45.165466],[6.8915976,45.1670208],[6.8922306,45.1626748],[6.8841425,45.156767],[6.8901758,45.1464824],[6.8978334,45.1427494],[6.8943972,45.1373568],[6.8736623,45.1359087],[6.8477966,45.1273253],[6.847529303292605,45.13128220633926],[6.808142,45.139106],[6.7616379927551895,45.15433451574983],[6.7401496,45.136671],[6.7114175,45.1448441],[6.6922875,45.1394572],[6.6804211,45.1402969],[6.6726052,45.1244462],[6.6586623,45.1215402],[6.6487276,45.1147851],[6.6342862,45.1152153],[6.6330649,45.1100346],[6.6272658,45.1068023]],[[8.7033475,45.0146802],[8.7056844,45.0245432],[8.7061228,45.012905],[8.7033475,45.0146802]],[[8.810012,45.0190745],[8.8166923,45.0219443],[8.8142701,45.0173944],[8.810012,45.0190745]]]}},{"type":"Feature","id":"veneto","properties":{"name":"Veneto","slug":"veneto","parent_iso_a3":"ITA","source_name":"OpenStreetMap via Nominatim","source_url":"https://nominatim.openstreetmap.org/","source_license":"ODbL 1.0","source_queries":"Veneto, Italy => Veneto, Italia"},"geometry":{"type":"MultiPolygon","coordinates":[[[[10.6231032,45.4422238],[10.6242745,45.438113],[10.6424444,45.4438655],[10.6435022,45.4409421],[10.6492801,45.4407684],[10.6444888,45.4322652],[10.6520934,45.4281232],[10.6436657,45.4178084],[10.6544987,45.4157029],[10.6563212,45.4219466],[10.6635691,45.4224085],[10.664617,45.4283223],[10.697729,45.4233407],[10.7153419,45.4169646],[10.7186004,45.405494],[10.7165532,45.3979558],[10.7071707,45.3825191],[10.6973585,45.380189],[10.7062303,45.369867],[10.7147102,45.3675872],[10.70412,45.3587391],[10.6851967,45.353043],[10.6889769,45.3420963],[10.7031337,45.3411529],[10.7146854,45.3342839],[10.7134554,45.324136],[10.7062456,45.3163096],[10.724125,45.3187944],[10.7307563,45.3158756],[10.7328699,45.3049113],[10.728541,45.2912738],[10.7366735,45.2868206],[10.7830599,45.3156942],[10.817279,45.2950409],[10.8172378,45.2891294],[10.8300549,45.2845274],[10.8305819,45.279547],[10.8403691,45.2723472],[10.8393987,45.2667477],[10.8459692,45.2563256],[10.8536811,45.2579505],[10.8788085,45.2522409],[10.8798617,45.2460046],[10.8982991,45.2476412],[10.9008835,45.2377281],[10.9363856,45.2329614],[10.9307216,45.2259902],[10.9335721,45.2137002],[10.9450597,45.2110392],[10.9472544,45.2055616],[10.9652676,45.2062381],[10.9761428,45.199809],[10.9838886,45.2004],[10.9968949,45.1871968],[10.9979668,45.1848163],[10.9907491,45.1825706],[10.9971458,45.1786122],[10.9958475,45.1693912],[10.9988003,45.1649714],[10.9971971,45.1567141],[10.9923127,45.1531358],[10.9939314,45.1504444],[11.0062305,45.15343],[11.0107648,45.149091],[11.0283221,45.1593212],[11.0318844,45.1494047],[11.0467952,45.1533296],[11.0497736,45.1505796],[11.0419748,45.1437218],[11.0440668,45.1344972],[11.0294684,45.1281067],[11.0285296,45.1237742],[11.0390934,45.11431],[11.0738651,45.0982532],[11.0832974,45.0997018],[11.0980098,45.0961166],[11.0940904,45.0997464],[11.094526,45.1057541],[11.1017535,45.1138026],[11.1058592,45.1076188],[11.1276352,45.1031667],[11.1341133,45.1088915],[11.1375886,45.1238965],[11.1459392,45.1262906],[11.1591297,45.1186996],[11.1876756,45.1098151],[11.2037958,45.1117203],[11.2054775,45.1094914],[11.1775087,45.097345],[11.1768164,45.0884915],[11.1883682,45.0840848],[11.1746456,45.0744901],[11.1741857,45.0590159],[11.1811285,45.0612329],[11.2109004,45.0580884],[11.2361963,45.0429514],[11.2481231,45.0438873],[11.2538387,45.0516309],[11.2648287,45.0561654],[11.2712977,45.0469597],[11.2625858,45.0309639],[11.2704346,45.0283724],[11.2756556,45.0172995],[11.3036848,45.0165231],[11.3303864,44.992502],[11.4214761,44.9649932],[11.4276477,44.9546655],[11.4248737,44.9387685],[11.4279066,44.928191],[11.4721372,44.9366945],[11.5306642,44.9369844],[11.5452876,44.9318109],[11.5603032,44.9201144],[11.5814538,44.9150371],[11.5873671,44.9080134],[11.5888571,44.896801],[11.5948224,44.8907902],[11.6186665,44.8879578],[11.6298326,44.8898328],[11.6697009,44.9141043],[11.7402277,44.9296229],[11.7440313,44.935392],[11.7398422,44.9505798],[11.7439992,44.9562954],[11.7826467,44.9629992],[11.8064206,44.9775183],[11.8437401,44.97244],[11.8964073,44.977833],[11.9263139,44.9746657],[11.9639321,44.986943],[12.0174114,44.9759688],[12.0504847,44.9761581],[12.0597519,44.9694119],[12.0784601,44.973925],[12.0864774,44.9667234],[12.0978729,44.9713001],[12.1006721,44.9691343],[12.0998952,44.9624028],[12.1165144,44.9572672],[12.1171067,44.9467006],[12.1273553,44.9395334],[12.1271771,44.9327279],[12.141948,44.927953],[12.1586402,44.9307259],[12.160048,44.9374881],[12.1710176,44.9419762],[12.1892113,44.92595],[12.2108607,44.9266839],[12.2258533,44.9230949],[12.2398528,44.9350851],[12.2551383,44.9347001],[12.2527826,44.9403138],[12.255343,44.9422773],[12.2601879,44.9423829],[12.2622163,44.937329],[12.2722169,44.9430145],[12.2814642,44.9412221],[12.2947833,44.9265617],[12.2815503,44.9105112],[12.2867678,44.8696012],[12.299665,44.8561902],[12.3393556,44.8507723],[12.3538938,44.8162659],[12.398138546464413,44.79386225475274],[12.416189,44.80329],[12.424001,44.820502],[12.396739,44.826646],[12.396739,44.833482],[12.408214,44.836249],[12.415863,44.843573],[12.416515,44.851142],[12.391612,44.858832],[12.3921,44.868394],[12.406912,44.891303],[12.426931,44.904975],[12.438324,44.901109],[12.443044,44.890082],[12.43922,44.87759],[12.424001,44.854641],[12.43214,44.846015],[12.443475383408357,44.82394175436481],[12.4671769,44.8436266],[12.494089182829635,44.89731953449044],[12.499034,44.921454],[12.506614547105903,44.922309],[12.5116657,44.9323866],[12.526621609833954,44.94404108857353],[12.523123,44.950019],[12.53297,44.960842],[12.533865,44.970038],[12.528181525886499,44.9792280669834],[12.505018569016698,44.990791730827056],[12.486095,44.991156],[12.486095,44.98371],[12.499197,44.98371],[12.486176,44.976508],[12.444591,45.010972],[12.42628,45.020006],[12.41033,45.032172],[12.411264781179339,45.03540715310482],[12.368826,45.065619],[12.386567,45.038764],[12.383556,45.026435],[12.368826,45.010972],[12.355154,45.024644],[12.376231,45.032172],[12.376231,45.038967],[12.340831,45.081448],[12.321056,45.093573],[12.328461,45.079901],[12.306651,45.078559],[12.296723,45.088568],[12.297374,45.10635],[12.307302,45.128363],[12.307302,45.107856],[12.328461,45.10102],[12.321951,45.138739],[12.321056,45.172349],[12.315115,45.186469],[12.3052736,45.1960547],[12.298025,45.215399],[12.307302,45.230699],[12.258962,45.202826],[12.266368,45.196601],[12.247325,45.196926],[12.230479,45.20425],[12.221365,45.216254],[12.224864,45.230699],[12.211111,45.242987],[12.213878,45.248114],[12.224864,45.251166],[12.220551,45.268785],[12.221446,45.283271],[12.217296,45.29385],[12.197439,45.299628],[12.201915,45.288316],[12.199392,45.274604],[12.191661,45.262885],[12.180675,45.258043],[12.168793,45.262152],[12.159841,45.283108],[12.149099,45.292182],[12.15447,45.313463],[12.162934,45.31623],[12.187511,45.306464],[12.208751,45.309068],[12.216319,45.31623],[12.232188,45.340562],[12.223806,45.353949],[12.245291,45.36107],[12.249197,45.385484],[12.258962,45.395209],[12.248546,45.402533],[12.246104,45.411322],[12.258962,45.429999],[12.252696,45.429999],[12.252696,45.436225],[12.272716,45.463609],[12.309581,45.488918],[12.350434,45.504869],[12.383067,45.504462],[12.380544,45.494778],[12.393403,45.491645],[12.411632,45.493313],[12.424001,45.498236],[12.424001,45.504462],[12.390391,45.513983],[12.384125,45.523017],[12.396739,45.539252],[12.403575,45.518134],[12.41033,45.518134],[12.417735,45.523586],[12.434906,45.512356],[12.451427,45.511908],[12.451427,45.518134],[12.441905,45.530341],[12.458507,45.548326],[12.485199,45.565009],[12.506602,45.57331],[12.510509,45.559068],[12.537283,45.535834],[12.581716,45.552883],[12.573578,45.540025],[12.562511,45.531643],[12.530447,45.52558],[12.521495,45.518988],[12.520518,45.505032],[12.515147,45.492743],[12.492931,45.49079],[12.492931,45.498236],[12.506602,45.498236],[12.497325,45.506741],[12.465017,45.504462],[12.478689,45.49079],[12.471934,45.485907],[12.46697,45.485582],[12.458181,45.498236],[12.451427,45.498236],[12.45102,45.489],[12.447276,45.48432],[12.430919,45.484036],[12.435802,45.474921],[12.41033,45.436225],[12.423676,45.438056],[12.451427,45.450426],[12.487804,45.456732],[12.512706,45.470445],[12.611664,45.496161],[12.780772,45.553534],[12.943858,45.628567],[12.9817,45.634833],[13.060557,45.636664],[13.084972,45.641913],[13.092280105190385,45.64899659113548],[13.0791025,45.6493859],[13.0791606,45.6535309],[13.0845492,45.6568682],[13.0820696,45.6590811],[13.062765,45.6564578],[13.0614343,45.6621882],[13.0669172,45.6702373],[13.0661187,45.674633],[13.0625354,45.6790838],[13.0542829,45.6774788],[13.043852,45.6844641],[13.0531631,45.6943788],[13.050121,45.6970632],[13.0463617,45.6935903],[13.0362364,45.6997009],[13.0473188,45.701727],[13.0394991,45.7087796],[13.0398192,45.7205461],[13.0275045,45.7265461],[13.0293519,45.7365233],[13.0165007,45.7308712],[13.0146165,45.7241313],[13.0078467,45.725419],[13.0084994,45.7321356],[13.0158951,45.7352701],[13.0156478,45.7412006],[13.0017095,45.7480759],[13.0059327,45.754296],[12.999385,45.759307],[13.0123326,45.7627536],[13.0000138,45.7672887],[12.9941055,45.7756756],[12.9852851,45.7764616],[12.9843468,45.7847019],[12.9721065,45.7897242],[12.9917832,45.7976408],[12.989257,45.8015651],[12.9857667,45.7958323],[12.9814567,45.7961317],[12.9811568,45.800618],[12.9739187,45.8066193],[12.9779084,45.8137543],[12.9833741,45.8145972],[12.9886722,45.8088896],[12.9933932,45.814749],[12.973448,45.8200669],[12.9847346,45.8264026],[12.9732346,45.8236541],[12.9691845,45.8293005],[12.9774714,45.8345016],[12.9672392,45.8368386],[12.961582,45.8469152],[12.9511798,45.84248],[12.9508527,45.8291079],[12.9582812,45.822523],[12.9299756,45.817372],[12.9213756,45.8311576],[12.9152474,45.8242596],[12.9078418,45.8286866],[12.902215,45.8276027],[12.9003262,45.8225071],[12.8943039,45.8199203],[12.8846241,45.8259123],[12.8766942,45.8243977],[12.8779071,45.8296705],[12.8696699,45.8336748],[12.8774809,45.8431402],[12.8747736,45.8506094],[12.869379,45.8451082],[12.8611705,45.8507528],[12.8358695,45.8471797],[12.8377219,45.8414344],[12.828686,45.835317],[12.8222792,45.8364413],[12.8188098,45.8337478],[12.8188373,45.8242815],[12.8070355,45.820079],[12.8004538,45.825258],[12.7988993,45.8329481],[12.8054145,45.8449768],[12.7947588,45.8450238],[12.7805253,45.8546002],[12.768926,45.849995],[12.7661515,45.8427524],[12.7428767,45.8266241],[12.7296397,45.8372427],[12.7037594,45.8165251],[12.6991656,45.8087732],[12.6698647,45.7906143],[12.6617307,45.792624],[12.6494827,45.8024693],[12.6544423,45.8094141],[12.6463576,45.8121532],[12.6476775,45.8197167],[12.635075,45.8170654],[12.6300029,45.8252676],[12.6316485,45.8299487],[12.6163155,45.8292365],[12.6064535,45.8358052],[12.6070828,45.8386506],[12.5943591,45.831216],[12.5982286,45.8224391],[12.5916948,45.8199855],[12.5961572,45.816883],[12.5930094,45.8151432],[12.5871873,45.8153937],[12.5814254,45.8251231],[12.5705853,45.8258117],[12.5657685,45.831843],[12.5614479,45.825641],[12.5537338,45.8295183],[12.5564124,45.8360801],[12.5499651,45.8391815],[12.5547914,45.8406244],[12.5516191,45.8427278],[12.5580038,45.8431725],[12.5588734,45.8470108],[12.5498418,45.8499166],[12.5533497,45.8549681],[12.5495754,45.860975],[12.5293721,45.8638681],[12.5369307,45.8681762],[12.5331004,45.8695851],[12.5363183,45.8705419],[12.5331726,45.8730169],[12.5350088,45.876617],[12.5285776,45.8773867],[12.5331234,45.8784482],[12.5337498,45.8851782],[12.5213725,45.8844503],[12.5199576,45.8894317],[12.5074245,45.8980064],[12.5235967,45.9033017],[12.509019,45.9097752],[12.5060155,45.9223149],[12.4830893,45.9256069],[12.4626424,45.933223],[12.4649182,45.9406731],[12.4568706,45.942143],[12.4539257,45.9477003],[12.4507015,45.9442395],[12.4443371,45.9477647],[12.4378762,45.9448263],[12.426324,45.9469216],[12.4224135,45.9558167],[12.4266911,45.9675557],[12.4281687,45.9955843],[12.4188407,46.0074015],[12.4154015,46.0268799],[12.398558,46.0408895],[12.4058438,46.0425889],[12.4101651,46.0590295],[12.4169356,46.0606778],[12.4373256,46.0848924],[12.4426701,46.0839293],[12.4690015,46.0945419],[12.4722921,46.0959341],[12.4678003,46.0982813],[12.4843355,46.1043094],[12.4986298,46.1366823],[12.49629,46.1519215],[12.4914735,46.157144],[12.4647506,46.1660616],[12.4471701,46.1800039],[12.4485469,46.1832608],[12.4438829,46.1856296],[12.4474903,46.1884116],[12.4423659,46.1977877],[12.4463026,46.2078812],[12.406001,46.2070791],[12.4004526,46.2112495],[12.4092287,46.221861],[12.4018827,46.2290303],[12.3760606,46.2228799],[12.3658332,46.2292073],[12.3546045,46.2311354],[12.3539961,46.2362737],[12.3431164,46.2404778],[12.3381416,46.2383689],[12.3330904,46.2469762],[12.3360983,46.2486697],[12.3344958,46.2515345],[12.3244799,46.2557194],[12.3224569,46.2725831],[12.3296532,46.2838514],[12.3562776,46.2938683],[12.3518772,46.3074803],[12.3573308,46.3124468],[12.3529746,46.3188005],[12.3782393,46.3312578],[12.3852704,46.3288142],[12.4108376,46.3307502],[12.4210023,46.3423474],[12.417679,46.3547782],[12.4284437,46.3517052],[12.4549647,46.3648296],[12.4513469,46.3706098],[12.4632678,46.3694263],[12.4549382,46.3915468],[12.463809,46.3882879],[12.4685179,46.3899619],[12.4810379,46.4037916],[12.4991835,46.4124757],[12.4934293,46.422531],[12.4944709,46.4267195],[12.5002242,46.4357935],[12.5141142,46.4463749],[12.5304459,46.4485979],[12.5269084,46.4564241],[12.5307856,46.4646812],[12.5400182,46.4563324],[12.5686079,46.4766687],[12.5942096,46.4709549],[12.6063812,46.4640075],[12.6167554,46.4733743],[12.6242067,46.4752252],[12.6428873,46.4725048],[12.6494517,46.4660954],[12.6615667,46.4677338],[12.6534771,46.4852018],[12.6300772,46.5010857],[12.6304006,46.5129194],[12.6286832,46.5200225],[12.6215415,46.5268173],[12.6197407,46.5438928],[12.6373591,46.5733813],[12.645365,46.5764417],[12.6488384,46.5718164],[12.6554098,46.5708931],[12.6645082,46.5826344],[12.6643591,46.5790249],[12.6877813,46.6004257],[12.7085782,46.602128],[12.7048282,46.619304],[12.7114734,46.6257855],[12.7316895,46.6335911],[12.7276887,46.6395969],[12.706593,46.637749],[12.669593,46.653019],[12.6417216,46.651999],[12.62019,46.656481],[12.547327,46.652192],[12.499888,46.672139],[12.464755963952348,46.67638867434477],[12.4339209,46.6684585],[12.4054953,46.642623],[12.3800294,46.6432253],[12.3779252,46.6370212],[12.3899843,46.6275169],[12.3850639,46.6226065],[12.3599058,46.6194018],[12.3456877,46.6246544],[12.3378379,46.633129],[12.3357676,46.6285029],[12.3152062,46.6304558],[12.3164964,46.624216],[12.3071078,46.6190935],[12.2843824,46.617394],[12.260832,46.6298972],[12.2436024,46.6243599],[12.2415663,46.61627],[12.212181,46.6095534],[12.2031052,46.5990521],[12.1923369,46.5943804],[12.1963778,46.6084718],[12.1939667,46.6220542],[12.1825029,46.6203463],[12.1719102,46.6336811],[12.161412,46.6368489],[12.1441805,46.6332573],[12.1382128,46.6421158],[12.1256621,46.6446695],[12.1102708,46.6531518],[12.1069707,46.6589726],[12.093569,46.6623294],[12.0884997,46.6676511],[12.0700423,46.6749953],[12.0712623,46.6603536],[12.0662431,46.6538208],[12.0747656,46.643354],[12.0691353,46.6408018],[12.0640604,46.6216124],[12.0526861,46.6186813],[12.0523353,46.6107044],[12.044572,46.6077473],[12.0497005,46.6004813],[12.0466256,46.5838379],[12.0355099,46.5776296],[12.0253116,46.559476],[12.021356,46.5595873],[11.9982959,46.5334512],[11.9877233,46.5456032],[11.9648248,46.5448246],[11.9505081,46.5397018],[11.9477758,46.532005],[11.9413282,46.5284178],[11.9105676,46.5330354],[11.8898811,46.5227378],[11.8520243,46.5178498],[11.8281468,46.5088459],[11.8231062,46.5016816],[11.8154569,46.5003155],[11.8103951,46.4848638],[11.8134114,46.4779316],[11.8771623,46.4717816],[11.8866732,46.4648536],[11.8867827,46.4520765],[11.8906075,46.4440378],[11.8734113,46.433827],[11.8512924,46.4344459],[11.8459044,46.4296702],[11.843012,46.4252178],[11.8464239,46.4243378],[11.838439,46.4149653],[11.8435226,46.4103628],[11.8353517,46.4007463],[11.8319452,46.3872002],[11.835313,46.3831477],[11.8319309,46.3793951],[11.8361759,46.3653645],[11.8204762,46.3764141],[11.8153303,46.3732022],[11.8151399,46.3677164],[11.7922561,46.3676372],[11.7740051,46.3576871],[11.7798673,46.3503321],[11.8013712,46.3440207],[11.8028557,46.3329505],[11.8319817,46.3250644],[11.8338357,46.3107702],[11.8418465,46.306505],[11.8335344,46.2991224],[11.8262644,46.2849703],[11.8380252,46.2703457],[11.8629069,46.2713229],[11.8835817,46.2788979],[11.8882933,46.2736275],[11.8849445,46.2607319],[11.8943161,46.2510484],[11.9044341,46.256169],[11.9213384,46.247897],[11.9290752,46.2488073],[11.9240648,46.2420667],[11.9182195,46.240575],[11.9115675,46.2231359],[11.9246419,46.2169658],[11.9279435,46.2085639],[11.9391377,46.1990819],[11.9626255,46.199794],[11.9625021,46.1879117],[11.9477393,46.1784035],[11.9514543,46.1695236],[11.9285973,46.1758103],[11.9294404,46.1703634],[11.9185718,46.1557304],[11.9218608,46.149982],[11.9022029,46.1377609],[11.9050085,46.1328969],[11.8869558,46.1179248],[11.834382,46.1110728],[11.8178937,46.1068135],[11.8153965,46.1027149],[11.7798923,46.1026656],[11.772947,46.1072704],[11.7592698,46.094491],[11.751441,46.1046589],[11.7414643,46.105213],[11.7185434,46.1032305],[11.7029718,46.0902699],[11.695158,46.0943447],[11.685035,46.0934105],[11.6820164,46.0869789],[11.6853162,46.0799461],[11.6823364,46.0774981],[11.6862911,46.066524],[11.7041331,46.0548879],[11.7065361,46.0458096],[11.6789671,46.0462223],[11.6659608,46.0361803],[11.6732039,46.0291441],[11.6818818,46.0283422],[11.6665863,46.0170003],[11.6734279,46.0137712],[11.6712394,46.0110957],[11.6749542,46.0108067],[11.6764736,46.0019513],[11.6898685,45.9887851],[11.6833899,45.9836124],[11.6859235,45.978423],[11.6819236,45.9753926],[11.6852571,45.9680221],[11.6278705,45.960581],[11.629975,45.9692004],[11.6210709,45.9715177],[11.611923,45.9666426],[11.5979234,45.9723314],[11.5877106,45.9693847],[11.5773686,46.0068904],[11.5674037,46.0058701],[11.553705,46.0122141],[11.543914,46.0116028],[11.5426033,46.0144637],[11.5174476,46.009434],[11.5105398,46.0124065],[11.4889445,46.0084407],[11.4828758,45.9993926],[11.4620193,45.9951037],[11.4619537,45.9914379],[11.4463801,45.9807858],[11.4000775,45.9799259],[11.3735987,45.9834911],[11.3723204,45.9733154],[11.376058,45.9609918],[11.3834793,45.9512741],[11.3817913,45.9425772],[11.3583912,45.9435653],[11.3610725,45.9348453],[11.3576629,45.9249049],[11.3452375,45.9214424],[11.3509298,45.9139695],[11.3471963,45.9086244],[11.3350036,45.9170774],[11.3180806,45.9196683],[11.3120321,45.9276013],[11.313462,45.9302615],[11.3045569,45.9268427],[11.3007725,45.9382061],[11.298289,45.9317444],[11.3032183,45.9182437],[11.2955904,45.9200168],[11.2847291,45.9165829],[11.2753666,45.9197387],[11.2693679,45.916647],[11.2585445,45.9206624],[11.2626837,45.9176062],[11.2600281,45.9052369],[11.2490518,45.8998037],[11.2554058,45.8912924],[11.2550408,45.8835074],[11.2467031,45.8862538],[11.2352617,45.8782333],[11.2405941,45.8748982],[11.244192,45.8765754],[11.2390639,45.8562251],[11.2204232,45.8479637],[11.2191017,45.8330011],[11.2000357,45.8253429],[11.197767,45.8178322],[11.1890902,45.8130509],[11.1924995,45.8019854],[11.1982253,45.8009049],[11.1933059,45.7952614],[11.2042929,45.7838117],[11.1910806,45.7817204],[11.1833022,45.7877774],[11.1733979,45.7864409],[11.1805986,45.7662574],[11.1761932,45.7468753],[11.1782084,45.7363819],[11.1538423,45.7210313],[11.1530163,45.7176739],[11.1459196,45.7170231],[11.1366547,45.7030895],[11.138785,45.6967601],[11.1229464,45.6892421],[11.1227238,45.6954305],[11.1136043,45.6967793],[11.0944167,45.6924929],[11.0652195,45.7085719],[11.0564847,45.7184504],[11.0417275,45.7060399],[11.0164127,45.7059322],[11.017228,45.719635],[11.0114497,45.7191107],[11.0075877,45.7103774],[10.9931262,45.7081919],[10.9980902,45.6973395],[10.9888561,45.6947625],[10.9902198,45.6910698],[10.9683404,45.679911],[10.975258,45.6960773],[10.9723345,45.701883],[10.9620837,45.6855665],[10.9500424,45.6848665],[10.9437914,45.6735821],[10.9372871,45.6730939],[10.9199773,45.6801614],[10.9113115,45.6884301],[10.9259431,45.6987221],[10.9235865,45.7008481],[10.8954606,45.7091263],[10.8939854,45.7135924],[10.881633,45.7173805],[10.843468,45.7181436],[10.8438061,45.726202],[10.8475173,45.7273453],[10.8497196,45.7353736],[10.8554164,45.7423595],[10.8623117,45.7435657],[10.8684393,45.7628542],[10.8770996,45.7639984],[10.8782408,45.7715266],[10.8850063,45.7745244],[10.8781794,45.7865367],[10.8727655,45.7877421],[10.8768537,45.8028415],[10.887753,45.8113565],[10.8835096,45.8169709],[10.842675,45.8318248],[10.8106265,45.8001126],[10.770194,45.7490882],[10.6904738,45.659867],[10.6279052,45.6068862],[10.6421579,45.4567207],[10.6480545,45.4485768],[10.6430665,45.4471256],[10.6437017,45.4442805],[10.6231032,45.4422238]]],[[[12.31658,45.443061],[12.320649,45.429836],[12.33725,45.427395],[12.362071,45.438137],[12.36378,45.449652],[12.347179,45.458808],[12.329845,45.458808],[12.31658,45.443061]]],[[[12.319998,45.354153],[12.321462,45.348009],[12.376231,45.422553],[12.39082038687592,45.42240743811449],[12.4010601,45.4288878],[12.4134825,45.4265448],[12.427597016963537,45.417798338680264],[12.407481,45.43065],[12.389171,45.433539],[12.371837,45.424872],[12.352061,45.405463],[12.327891,45.37226],[12.319998,45.354153]]]]}},{"type":"Feature","id":"tuscany","properties":{"name":"Tuscany","slug":"tuscany","parent_iso_a3":"ITA","source_name":"OpenStreetMap via Nominatim","source_url":"https://nominatim.openstreetmap.org/","source_license":"ODbL 1.0","source_queries":"Tuscany, Italy => Toscana, Italia | Toscana, Italy => Toscana, Italia"},"geometry":{"type":"MultiPolygon","coordinates":[[[[9.6867692,44.3658662],[9.7110544,44.3634003],[9.7103984,44.3604943],[9.7176036,44.3553653],[9.7181079,44.3478678],[9.7285877,44.3283945],[9.7536235,44.3225908],[9.7655919,44.3044141],[9.771053,44.3011939],[9.7820033,44.2983317],[9.8059453,44.2823871],[9.8149046,44.2865227],[9.8239901,44.2801611],[9.8350919,44.2789147],[9.8401274,44.2718378],[9.8542712,44.2688972],[9.8559654,44.2588606],[9.8620501,44.2508194],[9.8602778,44.2370186],[9.8561519,44.235102],[9.8727094,44.2256985],[9.864925,44.2039196],[9.8566651,44.1940299],[9.8642945,44.1861654],[9.8646559,44.180884],[9.8707423,44.1865774],[9.8731672,44.1953629],[9.8929086,44.2058011],[9.8906612,44.2088215],[9.9090828,44.2100551],[9.9097756,44.2037198],[9.9143694,44.1995925],[9.9343214,44.1966925],[9.9218317,44.1950518],[9.9103532,44.1794153],[9.9035174,44.1776131],[9.8920979,44.1673234],[9.8980196,44.1636771],[9.921566,44.1699762],[9.9280136,44.1661846],[9.9438032,44.1681159],[9.9542769,44.165138],[9.9660344,44.1693897],[9.9741142,44.1669157],[9.9789351,44.1600699],[9.9768321,44.1517517],[9.9809973,44.1438374],[9.974527,44.1376036],[9.9819258,44.1330508],[9.9830129,44.1248018],[9.9952156,44.11881],[9.9937517,44.1053597],[9.9835687,44.0990255],[9.9933634,44.092714],[10.005161,44.11051],[10.0220225,44.1192003],[10.0463261,44.1155166],[10.0594639,44.1072402],[10.059293,44.1029273],[10.0701593,44.0977519],[10.0707258,44.0914598],[10.060877,44.0797721],[10.0357008,44.0637761],[10.0326756,44.0654322],[10.022731786441225,44.05043713407291],[10.03533,44.047838],[10.105805,44.01675],[10.134128906739175,43.981626693875754],[10.180675,43.955268],[10.210134,43.920233],[10.2381949,43.8721925],[10.251638,43.846625],[10.264008,43.809394],[10.267918122459578,43.77878046889744],[10.2790672,43.7378018],[10.2748713,43.7344838],[10.2791168,43.7338541],[10.2745158,43.734325],[10.27852,43.7253357],[10.2766022,43.716979],[10.2829175,43.687281],[10.280324918580504,43.681643910424505],[10.29036608087392,43.60302861452184],[10.2957939,43.5843153],[10.29318921268168,43.580925461923165],[10.29918,43.5785535],[10.294682,43.5745307],[10.296845043713006,43.56153444503623],[10.3051181,43.5664987],[10.3036306,43.581865],[10.3093534,43.5710792],[10.3112039,43.5761483],[10.3112644,43.5714397],[10.3148055,43.5739043],[10.3200055,43.5843743],[10.3181969,43.5731402],[10.297767262797107,43.55841694133569],[10.3015441,43.5586096],[10.29918467473841,43.55362546927838],[10.3039775,43.5569481],[10.299515444789805,43.55250732189125],[10.303944,43.5529123],[10.30445,43.5491539],[10.300307071855588,43.54983127630776],[10.3040631,43.5453262],[10.301206124832333,43.54679208417837],[10.306676133752159,43.528301062529096],[10.3121917,43.5182583],[10.3161501,43.5179037],[10.313848,43.5144834],[10.3190006,43.5114294],[10.3201401,43.497529],[10.3319338,43.4835324],[10.330565269531283,43.47538166966233],[10.359141,43.465277],[10.3790044,43.4490871],[10.437022,43.388577],[10.5047831,43.2874458],[10.528168,43.246772],[10.53869759233625,43.16350874859322],[10.54656,43.147121],[10.539256998966156,43.13382864601424],[10.535655,43.10075801695415],[10.537753,43.1024722],[10.535655,43.096657935725666],[10.539073,43.079413],[10.5222523,43.0213177],[10.5183305,43.0154001],[10.5107493,43.0124865],[10.5098487,43.0062605],[10.5160363,42.9989909],[10.5068243,42.9904953],[10.4945423,42.9950544],[10.4833643,42.9884097],[10.4877662,42.9765814],[10.485664727689969,42.97175406685589],[10.499522,42.940497],[10.518913839440973,42.92539714062297],[10.543014450622147,42.93355923723338],[10.5408274,42.9366318],[10.54656,42.93476],[10.539073,42.949123],[10.583263,42.959703],[10.632498,42.958482],[10.7117692,42.94019],[10.76352,42.91828],[10.7736196,42.9089363],[10.7860372,42.8890589],[10.781838,42.8861671],[10.784918,42.8868884],[10.7830649,42.8837558],[10.781192,42.8870283],[10.7688578,42.8690633],[10.771687,42.866886],[10.7684476,42.8597481],[10.7737374,42.8583124],[10.7716417,42.8517],[10.775751,42.8465877],[10.772919,42.8316486],[10.7594577,42.8095403],[10.7474885,42.8060942],[10.739384852356022,42.809377025455774],[10.733633209054304,42.803834705650566],[10.89088,42.763902],[10.943614,42.742987],[10.990001,42.710273],[11.00999788515004,42.66603901702697],[11.053477,42.64704],[11.085326,42.6268199],[11.0882823,42.6179552],[11.0825648,42.6166944],[11.0823014,42.6134573],[11.102062,42.6017949],[11.115977,42.571967],[11.128673,42.558051],[11.158458,42.564032],[11.1642618,42.5509077],[11.1683068,42.5505093],[11.1794232,42.5375492],[11.1901029,42.5181465],[11.1923709,42.4999463],[11.1857426,42.467958],[11.171108,42.4424744],[11.1578085,42.4331249],[11.1495475,42.4369465],[11.1396472,42.4340506],[11.1321148,42.4390372],[11.1242377,42.4377314],[11.1233874,42.434498],[11.120121,42.4370345],[11.1246241,42.4393374],[11.1164642,42.4392579],[11.112594969105412,42.44625061039945],[11.0961028,42.4394766],[11.0974738,42.4327959],[11.094741,42.4298027],[11.087186921071705,42.42972730943818],[11.094297693388388,42.40313173105762],[11.106619,42.391262],[11.134532,42.384182],[11.155935,42.366278],[11.164724,42.36933],[11.183849,42.366278],[11.18629,42.379299],[11.200938,42.395453],[11.204356,42.410956],[11.211274,42.418891],[11.227387,42.422187],[11.2729474,42.4186187],[11.315000398467884,42.40551563518867],[11.348187566444505,42.40047400674669],[11.362071,42.400377],[11.354666,42.407213],[11.376638,42.406887],[11.396169,42.400377],[11.396169,42.392971],[11.4490125,42.3777261],[11.4550543,42.3883797],[11.4497752,42.3940614],[11.4590366,42.4038324],[11.47628,42.4130591],[11.4821258,42.4199275],[11.4811135,42.4338571],[11.4888884,42.4393704],[11.5165751,42.433556],[11.5442371,42.4421557],[11.5545068,42.4387701],[11.6177074,42.4360395],[11.6153196,42.452864],[11.6189924,42.4582709],[11.6134057,42.4634728],[11.6200207,42.473808],[11.6162595,42.4886217],[11.6066143,42.4933666],[11.5876572,42.4951787],[11.584064,42.4987088],[11.5871326,42.5040493],[11.5841884,42.506905],[11.5740837,42.5109619],[11.5678156,42.5096934],[11.5601102,42.5159465],[11.5688252,42.5338266],[11.5782474,42.5409176],[11.5850635,42.5428228],[11.5870234,42.539648],[11.588518,42.5422575],[11.5808462,42.5475567],[11.5864643,42.5508285],[11.5808644,42.5531574],[11.57922,42.5679144],[11.5907419,42.5725724],[11.6003421,42.5703077],[11.60778,42.5663138],[11.6142743,42.5570052],[11.6261471,42.5695113],[11.6325433,42.5683097],[11.6336721,42.5649431],[11.6433137,42.5663167],[11.6567537,42.5771597],[11.6684984,42.5758217],[11.681533,42.5811976],[11.6859371,42.584497],[11.6781102,42.5942456],[11.700623,42.6008995],[11.7104971,42.610609],[11.7238174,42.6112976],[11.7266762,42.6060644],[11.7363894,42.6063526],[11.7345723,42.6116572],[11.7519901,42.6233615],[11.7509662,42.6392046],[11.7792544,42.6334281],[11.7972083,42.6436152],[11.8047112,42.6435784],[11.8094818,42.6521681],[11.8094518,42.6585077],[11.8010623,42.6677389],[11.7848585,42.6706761],[11.7868559,42.689856],[11.7830445,42.6957492],[11.7829463,42.7050728],[11.7761802,42.7093819],[11.8021255,42.7069266],[11.8097128,42.7307323],[11.8200997,42.745369],[11.8139484,42.7457283],[11.8066753,42.753863],[11.7795649,42.757973],[11.782692,42.7669387],[11.7746228,42.7682598],[11.7606647,42.7820326],[11.7460488,42.7857809],[11.7533479,42.8022364],[11.7685655,42.8154097],[11.7697921,42.8204794],[11.7747162,42.8199941],[11.790119,42.8135765],[11.8067739,42.794484],[11.8119239,42.8005772],[11.815297,42.8236335],[11.8311361,42.8259887],[11.8494174,42.8385895],[11.869323,42.8345541],[11.895013,42.834662],[11.8920337,42.8434469],[11.9131233,42.8502088],[11.9292765,42.8686403],[11.9442314,42.872256],[11.9593484,42.868682],[11.9566551,42.9005511],[11.9332247,42.9048162],[11.9374552,42.9228369],[11.9349717,42.9270894],[11.9396281,42.9297116],[11.9392969,42.9372393],[11.9566736,42.953854],[11.948601,42.9629233],[11.9489837,42.9783101],[11.9546574,42.9786637],[11.9724346,43.0217616],[11.972234,43.0360044],[11.9827957,43.049902],[11.9804612,43.0568001],[11.9713085,43.0642781],[11.9562523,43.0687663],[11.9500286,43.0639809],[11.9485319,43.0557636],[11.9385935,43.0540678],[11.9270857,43.0749572],[11.9240303,43.0744896],[11.922504,43.0815106],[11.9309102,43.0924954],[11.9219468,43.106205],[11.9208802,43.1176753],[11.9123518,43.1284024],[11.9204241,43.1316678],[11.9240292,43.1477783],[11.9403594,43.1575146],[11.9401573,43.1612534],[11.970838,43.1694091],[11.9887863,43.1817418],[12.0048796,43.1802002],[12.0226897,43.1862209],[12.0279563,43.1914641],[12.0244653,43.1929454],[12.0296895,43.1966775],[12.0252906,43.2002181],[12.0363403,43.2161262],[12.036207,43.2255916],[12.0446441,43.2296919],[12.0358041,43.2390251],[12.0340498,43.246458],[12.0484493,43.2527672],[12.0922658,43.235933],[12.1205996,43.2548469],[12.1477567,43.2542695],[12.1751689,43.2733593],[12.1858548,43.273571],[12.209485,43.2822213],[12.2135942,43.2913084],[12.2246532,43.2957978],[12.1943655,43.312115],[12.1832887,43.3008878],[12.1854522,43.2937425],[12.1769421,43.2816151],[12.1448943,43.2870785],[12.1311294,43.2930826],[12.1248321,43.305697],[12.1358584,43.3169208],[12.1336429,43.3212239],[12.1374313,43.3278452],[12.1328055,43.3481622],[12.1223894,43.3608262],[12.1031515,43.3720565],[12.0941125,43.3662312],[12.0774345,43.3655679],[12.0733175,43.3693729],[12.0727765,43.3812566],[12.0773061,43.4021445],[12.0702255,43.4048967],[12.0527108,43.3976094],[12.0499893,43.400821],[12.032936,43.4002249],[12.0252105,43.4155739],[12.0321382,43.4237096],[12.0519144,43.4307281],[12.0567912,43.4383217],[12.0810035,43.4325144],[12.0998922,43.4477902],[12.0989464,43.4536422],[12.1032787,43.4597862],[12.124035,43.4669268],[12.1291411,43.4722805],[12.1375684,43.4680597],[12.1432871,43.4697346],[12.1451121,43.4789959],[12.130412,43.4814322],[12.1278794,43.4881494],[12.1198886,43.4878228],[12.108376,43.4953191],[12.0937708,43.4983785],[12.0899991,43.5026406],[12.0905382,43.5115589],[12.095354,43.5228098],[12.1088474,43.5320219],[12.1164737,43.5270238],[12.1198098,43.5320772],[12.1255074,43.5294951],[12.1293861,43.5333913],[12.1343219,43.5316256],[12.1423406,43.5357599],[12.1532945,43.5287635],[12.1604742,43.5448468],[12.1575273,43.5472894],[12.1625387,43.5608025],[12.1797046,43.5745781],[12.1860211,43.5848794],[12.194607,43.5890452],[12.199838,43.6037025],[12.2138068,43.6108907],[12.2099098,43.6210256],[12.1896673,43.6328829],[12.1856196,43.642112],[12.1946983,43.6435421],[12.2036199,43.6516167],[12.2198124,43.650801],[12.2328026,43.6555382],[12.2502215,43.6716207],[12.2441689,43.6817804],[12.2727004,43.6762095],[12.2947535,43.6842305],[12.2916272,43.6900943],[12.2952325,43.6890318],[12.3059879,43.6976646],[12.3022833,43.7008741],[12.305629,43.713093],[12.3010425,43.7199093],[12.3085839,43.7296559],[12.3145901,43.7210926],[12.3154813,43.6995177],[12.3204343,43.6938362],[12.3204014,43.6878329],[12.3159027,43.6829997],[12.3192884,43.6768167],[12.3308754,43.6740165],[12.3364887,43.6791885],[12.328659,43.7014644],[12.3303547,43.7084172],[12.3446537,43.7100461],[12.3458058,43.7068233],[12.3508757,43.7077954],[12.358773,43.7022184],[12.3722747,43.7098096],[12.3397561,43.7348379],[12.3273254,43.7505234],[12.3163094,43.7562636],[12.3034169,43.7558811],[12.2825775,43.7651621],[12.2569893,43.760231],[12.2509248,43.7555777],[12.2554481,43.7530761],[12.2520873,43.7518346],[12.2414323,43.7516903],[12.2290975,43.7594494],[12.2215356,43.755879],[12.2079248,43.7575394],[12.2095472,43.7501776],[12.2003451,43.7471133],[12.1953682,43.7308081],[12.1870574,43.7361041],[12.1840884,43.7423215],[12.1730455,43.7473747],[12.1705697,43.7551351],[12.1624794,43.7623362],[12.1498372,43.7605218],[12.1487153,43.7559265],[12.1406666,43.7519387],[12.1240093,43.7493336],[12.1058236,43.753516],[12.0827423,43.7451918],[12.0805752,43.7405054],[12.0704869,43.7407635],[12.0650419,43.7428472],[12.0601562,43.7537896],[12.0518542,43.7573948],[12.0444226,43.7583047],[12.0460572,43.7550702],[12.0419979,43.7536572],[12.0278847,43.7615151],[12.0193344,43.7606177],[12.0063721,43.7665167],[11.9865851,43.7619177],[11.9582997,43.7738354],[11.9513618,43.7778448],[11.9522492,43.7851742],[11.9461666,43.7905569],[11.918949,43.7935026],[11.9122456,43.7997648],[11.9143672,43.8088096],[11.9105658,43.8133372],[11.8976163,43.8081684],[11.8854435,43.807937],[11.8682822,43.8175153],[11.8570485,43.8164612],[11.8483596,43.8085048],[11.8415413,43.8075853],[11.8184142,43.8164426],[11.8119857,43.8271288],[11.7932577,43.8358097],[11.7859954,43.846695],[11.7329274,43.8620342],[11.7227158,43.8737328],[11.711671,43.8769355],[11.7078091,43.8862997],[11.7158522,43.9029519],[11.7123538,43.9121638],[11.7187915,43.9222664],[11.6963535,43.9278604],[11.6930299,43.9326689],[11.6851227,43.9351648],[11.6832208,43.9389966],[11.6927104,43.9531846],[11.6914876,43.9558026],[11.6512445,43.9786074],[11.645047,43.9914081],[11.6528421,43.9968478],[11.6496463,44.0061668],[11.6644279,44.0051181],[11.6572459,44.0176024],[11.6699505,44.0216873],[11.6821842,44.0211455],[11.6873913,44.0305509],[11.6958509,44.035998],[11.6933133,44.0407193],[11.6993728,44.047017],[11.6972295,44.0521994],[11.7095342,44.0669652],[11.7355554,44.086428],[11.7402832,44.1001283],[11.7488909,44.1036953],[11.7530586,44.1212091],[11.739013,44.1259043],[11.7195339,44.1204019],[11.6790365,44.1234655],[11.6787044,44.1191953],[11.6750897,44.117959],[11.6765245,44.1141444],[11.6470082,44.0989959],[11.6422075,44.1043871],[11.6422032,44.1109202],[11.6106122,44.1189474],[11.5989103,44.1185216],[11.5844307,44.1120007],[11.5882055,44.1234195],[11.6023,44.125129],[11.6040563,44.1385598],[11.6169708,44.1435923],[11.6151977,44.1573628],[11.6083346,44.1622579],[11.6037579,44.1578638],[11.5907146,44.1625565],[11.5729428,44.1607088],[11.5697454,44.1672692],[11.5633345,44.1677297],[11.5526918,44.1647491],[11.552309,44.1587124],[11.542167,44.1524914],[11.529445,44.1582145],[11.5222629,44.1555065],[11.5161325,44.1575524],[11.5126543,44.1636249],[11.5033713,44.1622972],[11.4831008,44.1766055],[11.4895613,44.1801636],[11.4835942,44.1844802],[11.4678691,44.1847987],[11.4707394,44.1897118],[11.4664657,44.1932355],[11.4580723,44.1883422],[11.4583604,44.1920902],[11.4462506,44.201772],[11.4548442,44.21161],[11.451593,44.22081],[11.421834,44.2398101],[11.4201719,44.2351837],[11.3956905,44.2201647],[11.3871213,44.2046418],[11.3765486,44.1980028],[11.3604198,44.2054435],[11.3435258,44.2061457],[11.3293555,44.1991767],[11.3239067,44.1941998],[11.3232266,44.1808313],[11.3046974,44.1703333],[11.2960948,44.1713225],[11.2978991,44.1679982],[11.2853304,44.1623019],[11.2811053,44.1537233],[11.2714958,44.1592029],[11.2523779,44.1592667],[11.2349601,44.1583937],[11.2177846,44.1500189],[11.1955096,44.1516928],[11.1934936,44.1466417],[11.1959364,44.1424109],[11.2139913,44.1341596],[11.2202689,44.1271261],[11.2278304,44.1281386],[11.2483876,44.1168274],[11.260373,44.1157203],[11.2638252,44.1042877],[11.2515294,44.1041088],[11.248002,44.0977845],[11.2283536,44.1024056],[11.2087027,44.0991367],[11.1553283,44.1121757],[11.1394177,44.1078067],[11.127806,44.1095034],[11.1168552,44.1033161],[11.1061553,44.1029628],[11.08967,44.0897445],[11.0497245,44.0905997],[11.0489283,44.0953779],[11.025686,44.0966482],[11.0202105,44.1034719],[11.0157389,44.1015751],[11.0018406,44.1105023],[11.0045943,44.1211305],[11.0145777,44.1240679],[11.0144297,44.137134],[11.0071769,44.1385939],[10.9918369,44.135811],[10.9949895,44.1296976],[10.9774982,44.1229141],[10.9685522,44.1140578],[10.9713066,44.1113255],[10.9673613,44.1097411],[10.9697788,44.1072528],[10.9557019,44.0942279],[10.9546314,44.0894833],[10.9428921,44.080243],[10.9266195,44.0759151],[10.9149031,44.0622266],[10.8987956,44.0648272],[10.9053902,44.079937],[10.9044605,44.0854975],[10.8876907,44.095044],[10.8743942,44.1001138],[10.8493504,44.0978973],[10.845268,44.108028],[10.8304335,44.1172028],[10.8198075,44.1113956],[10.8035412,44.1190965],[10.7956238,44.1277664],[10.7743007,44.1341187],[10.75909,44.15154],[10.7448954,44.1563833],[10.6999518,44.1550145],[10.6925277,44.1577909],[10.6665953,44.1515444],[10.6412829,44.1600261],[10.6335311,44.1456838],[10.6209226,44.1405791],[10.6246527,44.134359],[10.6242648,44.120023],[10.6080022,44.1181905],[10.601941,44.1141549],[10.5869288,44.1172863],[10.5771572,44.1318626],[10.5434619,44.15065],[10.537556,44.1503694],[10.5245983,44.157241],[10.5197038,44.1667884],[10.5248843,44.1733911],[10.517132,44.1830436],[10.4897798,44.1969776],[10.4853456,44.2047038],[10.4933383,44.2166395],[10.4847614,44.2227603],[10.4714609,44.2250281],[10.4656941,44.2311803],[10.4310713,44.2267545],[10.4140436,44.2352329],[10.4074173,44.2494435],[10.3840731,44.2597673],[10.373315,44.2699951],[10.3595774,44.2722553],[10.3441382,44.2694412],[10.3241115,44.2765721],[10.3178215,44.2755679],[10.3079294,44.2842588],[10.2965023,44.2861712],[10.2540765,44.2681854],[10.2373684,44.2813216],[10.2263875,44.3001994],[10.2183614,44.3045174],[10.2081567,44.3022533],[10.2014797,44.3131183],[10.2033854,44.3194611],[10.1803045,44.3226109],[10.1686015,44.329494],[10.1624353,44.3367841],[10.162202,44.3428585],[10.143861,44.3534025],[10.1206425,44.3533281],[10.0988787,44.3460313],[10.0534996,44.373245],[10.0426429,44.3737443],[10.0339392,44.3800793],[10.0087341,44.3886195],[9.9897962,44.4042174],[10.0068858,44.4297509],[10.004962,44.4367012],[9.9959362,44.4469516],[9.9807224,44.4449065],[9.9762452,44.4478115],[9.9687109,44.4591463],[9.9712271,44.464194],[9.962849,44.4668788],[9.9385205,44.4677961],[9.923819,44.4725419],[9.9098454,44.4677163],[9.9001715,44.4724497],[9.8196646,44.4663178],[9.8158776,44.4614699],[9.8167722,44.4515339],[9.8000717,44.4446806],[9.7633417,44.4080213],[9.7567834,44.4071144],[9.7529142,44.4002112],[9.7545333,44.3923122],[9.7603919,44.3900003],[9.7441144,44.3895042],[9.7425937,44.3801563],[9.7171743,44.382927],[9.6867692,44.3658662]],[[10.4804944,44.1899263],[10.4806956,44.1902397],[10.4808353,44.1896201],[10.4804944,44.1899263]]],[[[9.7912939,43.0231681],[9.801498,43.007805],[9.81676094853756,43.008270229695356],[9.8347367,43.026517],[9.8417803,43.026906],[9.8453879,43.0429854],[9.848396,43.0446815],[9.8448124,43.0519693],[9.8350983,43.0486692],[9.8381593,43.0505835],[9.835354,43.0500095],[9.8377802,43.0556493],[9.8341595,43.058573],[9.836982,43.0653515],[9.8314112,43.0654691],[9.8301982,43.0699603],[9.8248531,43.0724008],[9.8002318,43.0538362],[9.8029093,43.0505271],[9.7984595,43.0430384],[9.801736,43.0402814],[9.7979742,43.0384141],[9.8010999,43.0358118],[9.796974,43.0259559],[9.7912939,43.0231681]]],[[[9.7960708,43.0318571],[9.7980797,43.0317378],[9.7966936,43.0324247],[9.7960708,43.0318571]]],[[[10.050304,42.581936],[10.058604,42.575995],[10.085785,42.572455],[10.095388,42.576972],[10.097911,42.587958],[10.0861814,42.6018713],[10.084321,42.614691],[10.081989700567354,42.614321945226],[10.0831773,42.6036225],[10.0742241,42.5911301],[10.0642597,42.5868075],[10.054065280041081,42.5894550205646],[10.050304,42.581936]]],[[[10.102927298677974,42.776485436209356],[10.105453414808071,42.76396961488409],[10.1134288,42.7577293],[10.11428655769376,42.75145842605081],[10.124848,42.743109],[10.147227,42.737291],[10.235199,42.735907],[10.2398546,42.7432716],[10.2353362,42.7445325],[10.242912420867482,42.75022647241906],[10.245372,42.75727],[10.265391,42.744574],[10.301895,42.7597488],[10.3125336,42.7576888],[10.314300242950818,42.74408658696237],[10.32033406302187,42.755741908954285],[10.3183606,42.7600282],[10.325043,42.764838],[10.3446004,42.7639231],[10.3581994,42.7582685],[10.357055895723287,42.75306900084958],[10.364268,42.749823],[10.381358,42.722561],[10.39324,42.718207],[10.410981,42.717963],[10.417851416599882,42.710910049158805],[10.430675,42.722113],[10.425141,42.74079],[10.4083905,42.7457143],[10.4061735,42.7486987],[10.4100355,42.7546304],[10.3852713,42.759067],[10.391915407242932,42.762495612544456],[10.388845,42.763495],[10.420258,42.776435],[10.430024,42.787584],[10.4297222,42.7936251],[10.435232231442054,42.80073140875789],[10.4294015,42.8060184],[10.431163,42.827867],[10.443312881080468,42.84556209203041],[10.4336895,42.8564485],[10.4213137,42.8597201],[10.4235781,42.8677744],[10.4175025,42.8672847],[10.41294,42.8729218],[10.4079459,42.8711563],[10.4040923,42.8612518],[10.3903486,42.850791],[10.3911329,42.8439237],[10.3880583,42.8441072],[10.3831151,42.8365628],[10.3857035,42.8335594],[10.381618762148221,42.833044323583664],[10.3797285,42.8263724],[10.373438382519568,42.82646697301613],[10.3672528,42.8170428],[10.3595632,42.8170261],[10.3584372,42.8129707],[10.3629798,42.8104695],[10.3573333,42.8088636],[10.3613672,42.8030148],[10.3457129,42.7965635],[10.3372194,42.7976432],[10.3319158,42.8022956],[10.3166153,42.8025471],[10.3160159,42.807801],[10.3135368,42.8022891],[10.3129861,42.8067415],[10.3172471,42.8089078],[10.3134771,42.8098688],[10.32363875322547,42.81089194697922],[10.324003407056372,42.81752957549266],[10.3158341,42.8213568],[10.2952748,42.8186886],[10.2869686,42.8234094],[10.272146,42.82494011358399],[10.2752976,42.8186397],[10.2720126,42.8140025],[10.2625476,42.8113973],[10.2694687,42.803455],[10.2613409,42.7978164],[10.2572297,42.8009618],[10.2478109,42.798956],[10.2460578,42.7941927],[10.2490266,42.7910919],[10.2417809,42.7872682],[10.2198559,42.79304],[10.2059545,42.8070134],[10.1985265,42.8058976],[10.1940901,42.8093534],[10.1991539,42.8086852],[10.1859126,42.8122125],[10.1789934,42.8112073],[10.1745037,42.8061798],[10.1431932,42.8066183],[10.1400518,42.8092099],[10.1212933,42.8028754],[10.1204899,42.7980221],[10.1063302,42.791259],[10.102927298677974,42.776485436209356]]],[[[10.126287,42.8063232],[10.1265653,42.8063221],[10.1264397,42.8064067],[10.126287,42.8063232]]],[[[10.1262973,42.8059557],[10.1263559,42.8059457],[10.1263706,42.8059557],[10.1262973,42.8059557]]],[[[10.294444,42.32803],[10.313243,42.32392],[10.315929,42.340766],[10.307123079154566,42.35073809036718],[10.297048,42.344875],[10.294444,42.32803]]],[[[10.731845746773194,42.80428863036791],[10.733452448176227,42.803880609741164],[10.73467499560793,42.806497030856605],[10.731845746773194,42.80428863036791]]],[[[10.864703953910338,42.36271611255618],[10.87290368834863,42.35312311465287],[10.8824891,42.352674],[10.885895919959069,42.343080333108645],[10.908946,42.325263],[10.92163416546274,42.31949885948565],[10.9293261,42.3253718],[10.931688430112002,42.33849344521764],[10.9225482,42.3438278],[10.9260602,42.3485935],[10.920393,42.351898],[10.925873011945864,42.35557309488754],[10.9195667,42.3601258],[10.91760864338718,42.36866764577781],[10.9129628,42.3692053],[10.900802072961403,42.38347842481667],[10.8887721,42.3894284],[10.8801182,42.3886145],[10.8838433,42.3752613],[10.8815586,42.3674402],[10.874975,42.3651783],[10.8675351,42.3693513],[10.864703953910338,42.36271611255618]]],[[[10.8802695,42.3692327],[10.8806129,42.3682927],[10.8812526,42.3689195],[10.8802695,42.3692327]]],[[[10.8819535,42.3499251],[10.8820321,42.3498357],[10.8820151,42.3499675],[10.8819535,42.3499251]]],[[[10.8821595,42.3499487],[10.8821637,42.3499047],[10.8822933,42.349944],[10.8821595,42.3499487]]],[[[10.8822343,42.3501456],[10.8823228,42.350109],[10.8823375,42.350212],[10.8822343,42.3501456]]],[[[10.8822773,42.3497133],[10.8827672,42.3491625],[10.8827594,42.3498546],[10.8822773,42.3497133]]],[[[12.1696121,43.8042308],[12.1752303,43.7997546],[12.1712808,43.7921351],[12.1841212,43.7826785],[12.1841669,43.7744313],[12.1921038,43.7718541],[12.1995537,43.771999],[12.213435,43.7839256],[12.2353205,43.7872852],[12.2435911,43.7853071],[12.2364503,43.7937481],[12.2380014,43.8004692],[12.229779,43.8088864],[12.224249,43.8099654],[12.2173654,43.8027141],[12.1988106,43.80627],[12.1871077,43.8039031],[12.1769099,43.8113186],[12.1696121,43.8042308]]]]}},{"type":"Feature","id":"marche","properties":{"name":"Marche","slug":"marche","parent_iso_a3":"ITA","source_name":"OpenStreetMap via Nominatim","source_url":"https://nominatim.openstreetmap.org/","source_license":"ODbL 1.0","source_queries":"Marche, Italy => Marche, Italia"},"geometry":{"type":"Polygon","coordinates":[[[12.185998793264709,43.64124740713014],[12.1896673,43.6328829],[12.2099098,43.6210256],[12.2254679,43.5933172],[12.2392825,43.5959018],[12.262184,43.5889093],[12.267881,43.5938618],[12.2877916,43.5946269],[12.2945798,43.5932557],[12.2924088,43.586491],[12.2995399,43.5858733],[12.3070292,43.590281],[12.3131711,43.6020172],[12.3247115,43.601681],[12.3344675,43.6074195],[12.3356247,43.6115801],[12.3507843,43.6079692],[12.3554043,43.6173376],[12.3700595,43.611996],[12.3616999,43.6019557],[12.3613096,43.5965391],[12.3734965,43.5842877],[12.3702926,43.5794015],[12.3613088,43.5741981],[12.3440279,43.5528593],[12.3202465,43.5532898],[12.312894,43.5445138],[12.3234656,43.5374912],[12.3317959,43.5245007],[12.3501241,43.5218258],[12.3667278,43.5341031],[12.3873419,43.5213225],[12.3834214,43.5167343],[12.385068,43.5123303],[12.3948244,43.5088396],[12.400453,43.5100299],[12.4029753,43.5198741],[12.4179356,43.534894],[12.4265702,43.5341378],[12.4373665,43.5385536],[12.4578814,43.5152762],[12.4650073,43.5188461],[12.4749426,43.5155732],[12.4727853,43.5207302],[12.4805343,43.5274538],[12.4960455,43.520124],[12.4998147,43.521458],[12.517134,43.5088615],[12.5241846,43.496161],[12.5635878,43.4601899],[12.5846984,43.4450518],[12.6028663,43.4390061],[12.6102423,43.4340284],[12.6097601,43.4306088],[12.6195848,43.4270297],[12.622864,43.4212356],[12.6194173,43.4165862],[12.6305613,43.4227603],[12.6373127,43.4314993],[12.6544749,43.4320858],[12.6631766,43.4368308],[12.6700453,43.4332791],[12.6781576,43.4340759],[12.6835427,43.4289595],[12.7088578,43.4246829],[12.7152654,43.4460855],[12.7346162,43.4643446],[12.7463472,43.4646491],[12.755528,43.4591211],[12.7674461,43.4598479],[12.7726151,43.4567887],[12.7764418,43.4505175],[12.7664561,43.4456138],[12.7659107,43.44048],[12.7744397,43.4330003],[12.7647894,43.4330308],[12.7655877,43.4270481],[12.7818296,43.4154522],[12.7744275,43.4019665],[12.7520957,43.3957744],[12.7461961,43.3900484],[12.7532241,43.3859642],[12.7490451,43.3788133],[12.7581695,43.3727153],[12.7583507,43.3648506],[12.7708122,43.36002],[12.773087,43.3503027],[12.7922727,43.3362949],[12.7934673,43.3285124],[12.7987366,43.325042],[12.8023914,43.3064546],[12.8009875,43.2947834],[12.788981,43.2832259],[12.8039639,43.2699791],[12.8247624,43.26657],[12.8244634,43.2617812],[12.8307644,43.2599315],[12.8255967,43.2486839],[12.8300728,43.2404792],[12.828141,43.2352826],[12.8372057,43.2251783],[12.8366,43.2175352],[12.8505833,43.2099355],[12.8623449,43.2112521],[12.8653892,43.2060592],[12.8681826,43.188453],[12.8640615,43.1851622],[12.8624905,43.165966],[12.855779,43.1619881],[12.8515199,43.1536776],[12.8296453,43.1455085],[12.8430031,43.1223442],[12.8598846,43.1260833],[12.8813078,43.1212114],[12.8850263,43.0996433],[12.8921825,43.0927146],[12.8973277,43.0934846],[12.8899348,43.0588841],[12.8930548,43.046308],[12.906709,43.0353934],[12.9033264,43.0269511],[12.9055538,43.0202844],[12.8977033,43.0248292],[12.8879599,43.009801],[12.9082279,42.9853133],[12.8985563,42.9735564],[12.8958221,42.964592],[12.9162186,42.9534913],[12.9271699,42.9540969],[12.9347784,42.9454529],[12.9480524,42.9414702],[12.9455931,42.9392536],[12.9500449,42.9380104],[12.9493368,42.9299576],[12.9767005,42.9260927],[12.9728314,42.9158867],[12.9752968,42.9143199],[12.9683941,42.9006808],[12.9691538,42.8928303],[12.9752764,42.8864951],[12.9732354,42.8774274],[12.9761569,42.8698022],[12.9890949,42.8694966],[12.9954675,42.8852377],[13.0010585,42.8892052],[12.9982488,42.8941359],[13.0021734,42.8931333],[13.0024247,42.8957134],[12.9920363,42.9008123],[12.9990549,42.9044569],[13.0014554,42.9134724],[13.0041821,42.9135599],[13.0092605,42.9030386],[13.0263804,42.902238],[13.0544191,42.9201958],[13.0726424,42.9036548],[13.0807403,42.8995267],[13.0885721,42.9010201],[13.0891241,42.8964952],[13.1122455,42.8893295],[13.1189878,42.8769061],[13.1390927,42.8577677],[13.1443558,42.8470744],[13.1543992,42.840673],[13.1545555,42.8346215],[13.1608634,42.831898],[13.182162,42.8378193],[13.1875577,42.834475],[13.201952,42.8418968],[13.2118372,42.8415194],[13.2216434,42.8468973],[13.2209945,42.8507477],[13.2312825,42.8543288],[13.2359026,42.8672651],[13.2477118,42.8499775],[13.2558116,42.8214908],[13.2631311,42.8147586],[13.2641544,42.8087687],[13.259411,42.7982909],[13.2514729,42.7943667],[13.2595251,42.789692],[13.251325,42.7896642],[13.2443344,42.7742674],[13.2455991,42.7677736],[13.2385338,42.7609418],[13.234313,42.7731462],[13.2176265,42.7720363],[13.2087852,42.7639033],[13.1951193,42.7619168],[13.1933049,42.7588318],[13.198771,42.7543235],[13.1993648,42.7490135],[13.1877078,42.7335582],[13.2007322,42.734997],[13.2070937,42.7308735],[13.2481037,42.7259042],[13.2541525,42.7214521],[13.2644989,42.7401855],[13.2862766,42.7404064],[13.2939921,42.7308118],[13.3178736,42.723997],[13.3411589,42.7017636],[13.3580875,42.6939595],[13.3732577,42.6951697],[13.3925998,42.687383],[13.4273969,42.7064253],[13.4375659,42.6991975],[13.4411649,42.7036584],[13.4376378,42.707005],[13.4376938,42.7169391],[13.4411935,42.7269567],[13.4479874,42.7322172],[13.4642735,42.734793],[13.4812407,42.7315564],[13.497517,42.7399473],[13.5046155,42.7475995],[13.5018498,42.7518635],[13.5023165,42.7709691],[13.5178932,42.7907894],[13.5297334,42.7959893],[13.5344999,42.8166499],[13.5436454,42.81695],[13.5550311,42.8043976],[13.5675019,42.8041406],[13.5722476,42.8003732],[13.5804155,42.8022879],[13.5842815,42.8075876],[13.6015164,42.8063569],[13.6243989,42.8165417],[13.6283602,42.814996],[13.6287701,42.8069396],[13.6349122,42.8035205],[13.6542181,42.8048649],[13.6993033,42.8226156],[13.7016883,42.8325997],[13.7108849,42.8433575],[13.7062744,42.8455743],[13.7066022,42.8493121],[13.7224783,42.8553536],[13.7779647,42.8604455],[13.8040494,42.8686536],[13.819316,42.8789073],[13.8748721,42.8888598],[13.8768527,42.8947148],[13.8811609,42.8942078],[13.8802297,42.8908299],[13.908256660639761,42.89435808722692],[13.865408,43.00731],[13.8510113,43.0589915],[13.8470803,43.0932779],[13.8143787,43.1529556],[13.811745761004188,43.16390838970192],[13.786632,43.200588],[13.7781159,43.2359395],[13.7501241,43.280097],[13.734200590676252,43.312404228196236],[13.7333032,43.3103006],[13.7292009,43.3132623],[13.733175426657807,43.31431832647011],[13.7268734,43.3143872],[13.7094865,43.3373135],[13.668085,43.4310351],[13.624046,43.5011867],[13.6229369,43.5069803],[13.6267656,43.5104811],[13.616954,43.531317],[13.624522,43.547187],[13.62169245571813,43.55139290846501],[13.5964128,43.5650103],[13.5865243,43.5644414],[13.575974,43.5686609],[13.552528487702135,43.602700607652146],[13.5385988,43.6103977],[13.533741680152263,43.61693468017572],[13.5068289,43.6305027],[13.499504514780584,43.628938167626636],[13.5047492,43.6253906],[13.4938978,43.625535],[13.5086489,43.6229732],[13.5036211,43.6131239],[13.4976909,43.6226924],[13.4891106,43.6155948],[13.4957786,43.6116199],[13.4921632,43.6137352],[13.4886821,43.6101439],[13.4859955,43.6121543],[13.4888652,43.6145523],[13.4801536,43.611546],[13.4879626,43.6095568],[13.4838917,43.6077205],[13.4815831,43.6105601],[13.4809291,43.6067918],[13.4533928,43.6107289],[13.4143469,43.6234867],[13.3793266,43.6430186],[13.3555552,43.6480397],[13.2831217,43.6809934],[13.2312146,43.7120398],[13.220815931656,43.72380992015198],[13.2093074,43.7262252],[13.1348351,43.7727337],[13.074419956799566,43.81682607309697],[13.015687499441011,43.854143132133984],[13.0095291,43.8525969],[12.9856849,43.8656767],[12.908998213043127,43.921659223060566],[12.8918453,43.9235284],[12.8010344,43.9641465],[12.7650619,43.9662633],[12.7510008,43.971583],[12.7559006,43.9623548],[12.7467339,43.9518322],[12.7468395,43.9461821],[12.7268305,43.9251601],[12.7297643,43.9127378],[12.7257349,43.9120675],[12.7339404,43.8961707],[12.7262662,43.8905542],[12.7226533,43.8802805],[12.7339925,43.870259],[12.7236323,43.8612367],[12.7008739,43.858565],[12.6966641,43.8526762],[12.6820395,43.8526176],[12.6781506,43.8396642],[12.6798506,43.8302378],[12.6831634,43.8285104],[12.672406,43.8235427],[12.659421,43.8282452],[12.655725,43.8249358],[12.6436485,43.8268051],[12.623628,43.8210437],[12.6201155,43.8261338],[12.6140589,43.8274241],[12.6100132,43.8365641],[12.6194397,43.844339],[12.6141684,43.8471529],[12.6055852,43.8452637],[12.6010007,43.8505345],[12.6025614,43.8634348],[12.5893597,43.8652515],[12.5930205,43.8731572],[12.5894923,43.885645],[12.5658963,43.8822433],[12.5624524,43.8698165],[12.5416922,43.8640278],[12.5301688,43.870437],[12.5298695,43.8749005],[12.5191179,43.875138],[12.5181745,43.8810415],[12.4993597,43.873587],[12.4868313,43.8859691],[12.4874043,43.8964693],[12.4699145,43.8975403],[12.4629654,43.8947581],[12.4626916,43.8886262],[12.455359,43.8840768],[12.457756,43.8801149],[12.4456932,43.870806],[12.432305,43.8748556],[12.4301688,43.8716833],[12.4200108,43.8722312],[12.404573,43.8763884],[12.4006086,43.8727748],[12.4036093,43.8704527],[12.3974617,43.8673902],[12.3909489,43.8449976],[12.3935375,43.8322511],[12.3985444,43.8263582],[12.3871848,43.8154915],[12.3661936,43.813326],[12.3621388,43.8056038],[12.3497944,43.7996015],[12.3377928,43.802717],[12.3290075,43.8004842],[12.3158868,43.8056377],[12.3017958,43.7978578],[12.2848539,43.7947948],[12.2827722,43.7896959],[12.2895879,43.7871859],[12.284042395087177,43.76450969679721],[12.3034169,43.7558811],[12.3163094,43.7562636],[12.3273254,43.7505234],[12.3397561,43.7348379],[12.3692455,43.7145849],[12.369804541376418,43.711710784893526],[12.3722747,43.7098096],[12.370381392678297,43.70874510630361],[12.3706674,43.7072747],[12.358773,43.7022184],[12.3508757,43.7077954],[12.3458058,43.7068233],[12.3446537,43.7100461],[12.3303547,43.7084172],[12.328659,43.7014644],[12.3364887,43.6791885],[12.336151014860787,43.67887736260489],[12.3362595,43.6785503],[12.3308754,43.6740165],[12.3192884,43.6768167],[12.319164673194898,43.6770426511581],[12.3171363,43.6775668],[12.3159027,43.6829997],[12.3204014,43.6878329],[12.3204343,43.6938362],[12.3154813,43.6995177],[12.3145901,43.7210926],[12.3085839,43.7296559],[12.3010425,43.7199093],[12.305629,43.713093],[12.3022833,43.7008741],[12.3059879,43.6976646],[12.2952325,43.6890318],[12.2916272,43.6900943],[12.2947535,43.6842305],[12.2727004,43.6762095],[12.2441689,43.6817804],[12.2502215,43.6716207],[12.2328026,43.6555382],[12.2198124,43.650801],[12.2036199,43.6516167],[12.1946983,43.6435421],[12.185998793264709,43.64124740713014]],[[12.4078047,43.602136],[12.4240733,43.6101319],[12.4348165,43.5994876],[12.4334297,43.5926998],[12.4250737,43.5917251],[12.4078047,43.602136]]]}},{"type":"Feature","id":"abruzzo","properties":{"name":"Abruzzo","slug":"abruzzo","parent_iso_a3":"ITA","source_name":"OpenStreetMap via Nominatim","source_url":"https://nominatim.openstreetmap.org/","source_license":"ODbL 1.0","source_queries":"Abruzzo, Italy => Abruzzo, Italia"},"geometry":{"type":"MultiPolygon","coordinates":[[[[13.0189718,42.0749768],[13.0230796,42.0633892],[13.0291238,42.061827],[13.0269346,42.0498827],[13.0464042,42.0349884],[13.0491014,42.023396],[13.0551188,42.0161787],[13.0812836,42.0088956],[13.0981521,42.0082615],[13.1015561,42.0104109],[13.0964111,42.0240854],[13.1039201,42.0261153],[13.1393599,42.0152415],[13.1694579,41.9979318],[13.1994528,41.9865194],[13.2144296,41.9872716],[13.2314719,41.9817053],[13.2399228,41.9722742],[13.2663261,41.9663786],[13.2881273,41.9508706],[13.2962768,41.9486153],[13.2983202,41.9543458],[13.3054411,41.9552615],[13.3226185,41.9451591],[13.3371272,41.9268808],[13.3470527,41.9220133],[13.3572013,41.9258755],[13.3648187,41.92476],[13.3844886,41.9036036],[13.3738002,41.8843882],[13.3580079,41.8696462],[13.3671715,41.86346],[13.3644804,41.8544653],[13.3699968,41.8492987],[13.3667516,41.8460487],[13.3672909,41.8318586],[13.3788884,41.8175347],[13.3912754,41.8193313],[13.3977665,41.834654],[13.4060713,41.837465],[13.4159189,41.8347831],[13.4538499,41.8222146],[13.4633135,41.8101428],[13.4705401,41.806823],[13.5053946,41.8014919],[13.5117688,41.7882505],[13.5215652,41.7797958],[13.5208896,41.7729481],[13.5479931,41.7611814],[13.562432,41.7616269],[13.5736423,41.7545545],[13.5863006,41.7664556],[13.6023638,41.7697079],[13.6133844,41.7784229],[13.6256727,41.7800667],[13.6373146,41.7870605],[13.6428306,41.7922251],[13.6373009,41.8025401],[13.6478285,41.8112605],[13.6626352,41.811369],[13.6753745,41.8070007],[13.6828374,41.8038501],[13.6935582,41.7914511],[13.7049134,41.7875957],[13.7084463,41.7874323],[13.7173137,41.7977456],[13.7284362,41.7981245],[13.7307548,41.7869902],[13.7480492,41.7737829],[13.7489854,41.7611179],[13.7611507,41.7560739],[13.7619203,41.7487462],[13.7901978,41.7429171],[13.8122511,41.7529476],[13.8244439,41.7403736],[13.8468643,41.738676],[13.8567719,41.7313467],[13.8814142,41.7282256],[13.8924131,41.7353928],[13.8975024,41.7325343],[13.9049644,41.7183549],[13.9195032,41.7180319],[13.9237648,41.706377],[13.938389,41.6889796],[13.957889,41.6958665],[13.9925179,41.6941886],[14.0179635,41.6820382],[14.0265751,41.7030317],[14.0533372,41.7017251],[14.0539634,41.7200129],[14.0704681,41.7382131],[14.0952806,41.7389345],[14.1080863,41.7083311],[14.1193498,41.7173681],[14.1241704,41.7270421],[14.1161583,41.7379063],[14.1228237,41.747453],[14.1348143,41.7437879],[14.1595697,41.7479965],[14.1637848,41.7516733],[14.1644709,41.7604424],[14.172727,41.7667455],[14.1765044,41.7648007],[14.1787653,41.7492354],[14.1942081,41.748123],[14.1945146,41.7577222],[14.2019682,41.7669662],[14.1942552,41.7734162],[14.1768413,41.7737021],[14.1713458,41.7785927],[14.1655438,41.8104397],[14.1480438,41.8282789],[14.1670323,41.8434251],[14.1860986,41.8484762],[14.1884009,41.8420139],[14.195052,41.8414835],[14.1986134,41.8437775],[14.1947836,41.8473951],[14.2011129,41.8513452],[14.2022737,41.8487828],[14.2105964,41.8540386],[14.21668,41.8534171],[14.2278286,41.8692708],[14.2243564,41.8715782],[14.2259268,41.8742323],[14.2472604,41.8836004],[14.2850943,41.9117554],[14.304872,41.8943701],[14.3247655,41.8972631],[14.3284631,41.886796],[14.3431166,41.8709542],[14.3438801,41.8634974],[14.3590231,41.8609307],[14.3653479,41.8698067],[14.3620985,41.8754045],[14.3775541,41.8809078],[14.3791253,41.8657161],[14.3936696,41.8705916],[14.4006608,41.8685005],[14.4248651,41.8534044],[14.4306519,41.840808],[14.4424025,41.8412334],[14.4480687,41.8317197],[14.4561947,41.7919831],[14.4670289,41.7770582],[14.4602441,41.7740509],[14.4547879,41.763355],[14.4853301,41.7596519],[14.4904246,41.7619418],[14.4999731,41.7737513],[14.5288644,41.7869991],[14.5336417,41.7920256],[14.5309544,41.8006881],[14.5393426,41.8023349],[14.5507374,41.8165122],[14.5679651,41.8181337],[14.5856188,41.8431196],[14.5985842,41.8520104],[14.5977592,41.8614358],[14.6122127,41.8811394],[14.6142445,41.8891884],[14.641322,41.8993423],[14.6427389,41.9046242],[14.6507608,41.9038683],[14.6548333,41.9109408],[14.6632249,41.915603],[14.6695138,41.9476071],[14.7017482,41.973686],[14.7020126,41.9777721],[14.7250069,42.0014381],[14.7651892,42.0181977],[14.7838895,42.0347619],[14.7744089,42.0407859],[14.7616781,42.0431742],[14.7803935,42.0714792],[14.740733,42.084621],[14.7187904,42.1046224],[14.722319525381634,42.122446237582864],[14.717052,42.160061],[14.70865073523521,42.174628802366605],[14.6969182,42.175219],[14.649743438663922,42.1922059422003],[14.6058854,42.2035395],[14.5114577,42.2504573],[14.5011223,42.2605656],[14.501090762406983,42.26896358196868],[14.429047,42.321723],[14.38738,42.372952],[14.3273915,42.4014448],[14.2618618,42.4397298],[14.2065329,42.4781197],[14.1099258,42.5624928],[14.075369,42.598822],[14.047438141626314,42.64358355956958],[14.001231,42.698432],[13.980479,42.730373],[13.944672,42.798285],[13.908256660639761,42.89435808722692],[13.8802297,42.8908299],[13.8811609,42.8942078],[13.8768527,42.8947148],[13.8748721,42.8888598],[13.819316,42.8789073],[13.8040494,42.8686536],[13.7779647,42.8604455],[13.776898788966218,42.86034768301434],[13.7740785,42.8594849],[13.7224783,42.8553536],[13.7066022,42.8493121],[13.7062744,42.8455743],[13.7108849,42.8433575],[13.7016883,42.8325997],[13.6993033,42.8226156],[13.6542181,42.8048649],[13.6349122,42.8035205],[13.6287701,42.8069396],[13.6283602,42.814996],[13.6243989,42.8165417],[13.6015164,42.8063569],[13.5842815,42.8075876],[13.5804155,42.8022879],[13.5722476,42.8003732],[13.5675019,42.8041406],[13.5550311,42.8043976],[13.5436454,42.81695],[13.5344999,42.8166499],[13.5297334,42.7959893],[13.5178932,42.7907894],[13.504044536185367,42.77316790947857],[13.5018498,42.7518635],[13.5046155,42.7475995],[13.497517,42.7399473],[13.496078029221087,42.73920546924554],[13.4934437,42.7366154],[13.4812407,42.7315564],[13.4642735,42.734793],[13.4479874,42.7322172],[13.4411935,42.7269567],[13.4376938,42.7169391],[13.4376378,42.707005],[13.4411649,42.7036584],[13.4375659,42.6991975],[13.437367074927401,42.699338818503264],[13.4369999,42.6989212],[13.4273969,42.7064253],[13.3925998,42.687383],[13.391377414608579,42.68787510521749],[13.3899813,42.6871561],[13.3732577,42.6951697],[13.3578636,42.6936756],[13.3478025,42.668741],[13.3551696,42.6658929],[13.3697987,42.6489386],[13.3994066,42.6465617],[13.4099792,42.6394051],[13.4070019,42.6292561],[13.3940738,42.6211106],[13.3970748,42.6139091],[13.3904693,42.6087637],[13.3890785,42.6022185],[13.39083,42.5935217],[13.3945565,42.5912825],[13.3823189,42.5847817],[13.3850799,42.5832036],[13.3817112,42.5802449],[13.3652895,42.5804863],[13.3433096,42.5747681],[13.324193,42.5795989],[13.2930391,42.5695579],[13.2793176,42.5834158],[13.2533359,42.5826934],[13.2454116,42.5727074],[13.2353604,42.5747648],[13.2268973,42.5831514],[13.2135279,42.5821428],[13.2061141,42.5863467],[13.1911332,42.5869966],[13.1931855,42.57894],[13.1751894,42.5684881],[13.1769988,42.5536204],[13.1679336,42.5424896],[13.1567311,42.5410177],[13.1582685,42.5286924],[13.1668764,42.5138144],[13.1783257,42.5131076],[13.1711901,42.4830206],[13.1775079,42.4791514],[13.1539049,42.4626649],[13.1381448,42.463024],[13.1196491,42.4442438],[13.1420186,42.430724],[13.1560867,42.4151889],[13.1901198,42.4011934],[13.1950762,42.3901671],[13.1903155,42.3820852],[13.1542666,42.3579687],[13.1725612,42.3497087],[13.1977596,42.3320225],[13.2273743,42.3203084],[13.2298538,42.2881466],[13.239951,42.2703034],[13.257565,42.2657847],[13.2727249,42.2545332],[13.2765653,42.243441],[13.2920621,42.2337583],[13.3208418,42.2306184],[13.3365299,42.2233806],[13.3419872,42.2183666],[13.3328089,42.209153],[13.3408138,42.2008992],[13.3531381,42.1922604],[13.3718654,42.1885328],[13.3797045,42.1803709],[13.3487065,42.1768888],[13.3548762,42.1676913],[13.3345248,42.1677657],[13.3281869,42.1648317],[13.322474,42.1607698],[13.3267703,42.1556662],[13.3118014,42.1493964],[13.306208,42.1392302],[13.2858177,42.1352502],[13.2766495,42.1405803],[13.249698,42.1284028],[13.2381443,42.1301044],[13.224262,42.1443154],[13.2066169,42.1494143],[13.193631,42.1592319],[13.1841966,42.1598641],[13.1706212,42.151689],[13.1243399,42.1779686],[13.0879799,42.1788605],[13.0947135,42.1610188],[13.0857497,42.1431826],[13.0777214,42.1400127],[13.0740084,42.1329267],[13.0607322,42.1239395],[13.0379307,42.1199744],[13.0317011,42.1230864],[13.0337466,42.1081681],[13.0246168,42.0943723],[13.0189718,42.0749768]]],[[[13.908123134324965,42.89471007145318],[13.908256660639761,42.89435808722692],[13.908123239727132,42.89471008611536],[13.908123134324965,42.89471007145318]]],[[[14.708443,42.1749095],[14.70865073523521,42.174628802366605],[14.709214907795094,42.17549732675302],[14.708443,42.1749095]]]]}},{"type":"Feature","id":"campania","properties":{"name":"Campania","slug":"campania","parent_iso_a3":"ITA","source_name":"OpenStreetMap via Nominatim","source_url":"https://nominatim.openstreetmap.org/","source_license":"ODbL 1.0","source_queries":"Campania, Italy => Campania, Italia"},"geometry":{"type":"MultiPolygon","coordinates":[[[[13.763175469538936,41.2243785316536],[13.790491,41.205864],[13.851725,41.147316],[13.910655,41.064643],[13.9220963,41.0240755],[13.927072,41.0250385],[13.926507,41.0212139],[13.942868646833222,41.00774605582193],[13.965343,40.996405],[13.978695485243824,40.97862362217562],[14.021344,40.921829],[14.044465,40.874205],[14.052257,40.837592],[14.041296211305953,40.797021488417535],[14.047697,40.789589],[14.082391863747386,40.78495683692246],[14.081952423042528,40.78954362584643],[14.0779793,40.7903731],[14.081727636806411,40.791889896928474],[14.076880635730095,40.8154357783128],[14.0716133,40.8185543],[14.08253,40.831285],[14.095958,40.833808],[14.1060989,40.8315336],[14.134777537516563,40.81876474639856],[14.165597,40.815752],[14.182203,40.800918],[14.203461,40.801215],[14.212738,40.820746],[14.223643,40.831366],[14.258594262313032,40.83858000048654],[14.2644449,40.8446091],[14.268724,40.8445948],[14.269153688202334,40.84142211403473],[14.2721825,40.8430927],[14.271582931983188,40.83968154835682],[14.2740559,40.8446165],[14.2779234,40.8431757],[14.275230696504725,40.83999090931079],[14.2796339,40.8425344],[14.2942,40.838772],[14.312348,40.828111],[14.3586555,40.7907198],[14.360576272067151,40.78585736347293],[14.394433,40.761566],[14.418203308268975,40.75208738796763],[14.4466575,40.7548041],[14.474132,40.729682],[14.4815925,40.7006177],[14.47690133242587,40.697680936864806],[14.4792609,40.6958865],[14.446370394826651,40.68659904900167],[14.4370757,40.6795566],[14.430501,40.6661824],[14.40635715633259,40.65721723360363],[14.404356979517525,40.655214799012775],[14.4087339,40.6504204],[14.4013409,40.6382495],[14.4005884,40.6406359],[14.3974453,40.6375026],[14.3978918,40.6403571],[14.3870084,40.6325832],[14.3704725,40.627633],[14.358164976942462,40.63208591368843],[14.340263598966658,40.62536431095861],[14.3421122,40.618701],[14.3362695,40.6099764],[14.3297955,40.6070235],[14.328546977504205,40.598988947328735],[14.329845,40.584459],[14.3409777,40.5758502],[14.342086316659564,40.57120300313204],[14.34725,40.5795478],[14.401541,40.602118],[14.422048,40.615546],[14.471365,40.624661],[14.486583,40.632636],[14.516368,40.619859],[14.542095369187388,40.61406682928542],[14.5713,40.617743],[14.613292,40.645901],[14.625743,40.649075],[14.678071,40.646633],[14.69044,40.649115],[14.7186809,40.6664773],[14.747982215299553,40.6754064300705],[14.7475395,40.6776966],[14.7580427,40.6776431],[14.781993,40.669867],[14.83546,40.632636],[14.861501,40.607164],[14.9008621,40.5559887],[14.998267,40.397559],[15.0012262,40.3763106],[14.9958979,40.3546611],[14.9872306,40.3551677],[14.9850779,40.3511097],[14.9794195,40.3506808],[14.9825719,40.3546175],[14.9715832,40.3462018],[14.9698323,40.3408364],[14.9449015,40.3354935],[14.9381977,40.3185463],[14.9448899,40.3127109],[14.9463908,40.306427],[14.9444284,40.2778396],[14.934995,40.2681106],[14.9344513,40.2709929],[14.9332053,40.2671892],[14.9262426,40.2669364],[14.9226737,40.2620292],[14.907708963386323,40.25541604685045],[14.910961404630234,40.2423732270477],[14.935973842228854,40.229215798022324],[14.9397105,40.2330473],[14.9513614,40.2333193],[14.972144492792363,40.221369060175526],[14.9923215,40.2182281],[15.022804,40.195627],[15.034923,40.17536],[15.044372785922091,40.17041593475805],[15.0536964,40.1709949],[15.065684,40.166571],[15.0852804,40.1735316],[15.1129556,40.1770486],[15.1331459,40.1709584],[15.183341994506893,40.12444669331537],[15.205689,40.1230936],[15.223110979182133,40.10528670988239],[15.24729956587044,40.088076660847484],[15.2637019,40.0821118],[15.271897,40.0740505],[15.2822562,40.0549377],[15.2855175,40.0347123],[15.278443978535403,40.02960061961867],[15.283051,40.029853],[15.302745,40.0362],[15.314301,40.033759],[15.34215606719757,40.005179058223774],[15.36902622699542,39.998081805784636],[15.381154,40.0006145],[15.38652992599603,39.99632954867411],[15.4132559,39.9970561],[15.412023660912515,39.994544375832916],[15.42742042868554,39.999141616051475],[15.4602521,40.0337232],[15.486749904032713,40.04253357410607],[15.50331,40.0639424],[15.534923,40.077786],[15.564786519703704,40.07596187991395],[15.572253,40.0784999],[15.610199,40.073188],[15.624278,40.077786],[15.624407523515192,40.073681027463266],[15.6322959,40.0688717],[15.6278425,40.0634537],[15.6247606,40.0648053],[15.630382,40.057685],[15.649439461868106,40.04508948918529],[15.6574148,40.0472453],[15.6761642,40.0548991],[15.6758963,40.063577],[15.6685911,40.0732508],[15.6519128,40.0791366],[15.6777562,40.0844104],[15.7058299,40.1177323],[15.7027119,40.1225451],[15.7092175,40.139868],[15.7005081,40.1582784],[15.7164909,40.1695869],[15.7157909,40.1755941],[15.7119623,40.177923],[15.7297529,40.1863255],[15.7282671,40.1912447],[15.7325243,40.1960041],[15.7300017,40.1997016],[15.7391646,40.2027612],[15.7507012,40.2006685],[15.7524109,40.2053693],[15.7674695,40.2141822],[15.7911565,40.2179042],[15.7969823,40.2236664],[15.7873545,40.2366346],[15.7898133,40.2440668],[15.8053724,40.2514096],[15.799952,40.2574216],[15.7996173,40.2677856],[15.8057662,40.274527],[15.7922863,40.2897797],[15.7765697,40.2928789],[15.7677559,40.290756],[15.7649957,40.2983514],[15.7437512,40.3008438],[15.7268796,40.3154464],[15.7308374,40.322167],[15.7209843,40.3245033],[15.704748,40.342241],[15.7026673,40.3618681],[15.7091868,40.3691512],[15.7101223,40.3772995],[15.6772322,40.3966612],[15.6709894,40.3982651],[15.662733,40.3924933],[15.6479787,40.4140072],[15.586616,40.4433519],[15.5917924,40.4460255],[15.5772033,40.4593967],[15.5787319,40.468894],[15.5381818,40.488628],[15.539583,40.4926928],[15.535225,40.4996407],[15.550474,40.509245],[15.5353071,40.5222614],[15.5397499,40.5235751],[15.5388102,40.5291274],[15.5453042,40.5316561],[15.5359833,40.5353764],[15.5361041,40.5475644],[15.531884,40.5487356],[15.531146,40.5554238],[15.5265771,40.5573346],[15.539341,40.5680622],[15.5334492,40.5731803],[15.5198889,40.5704887],[15.5141867,40.5741373],[15.5157977,40.5794055],[15.5101282,40.5857474],[15.4908749,40.5868491],[15.4849004,40.5940171],[15.4740182,40.5926553],[15.4641058,40.6035854],[15.4494721,40.6091001],[15.4580641,40.6233899],[15.4648561,40.6279244],[15.4674966,40.638733],[15.4899359,40.6454839],[15.5013473,40.6550173],[15.5038735,40.6634586],[15.4899316,40.6651346],[15.48739,40.6728387],[15.4700017,40.6731708],[15.4582759,40.6784156],[15.4504621,40.6880704],[15.4289422,40.6925924],[15.4108831,40.7125599],[15.3814762,40.7241508],[15.3835795,40.7337454],[15.3790577,40.7509305],[15.3836796,40.7636254],[15.3913213,40.7676288],[15.3804019,40.780584],[15.3882857,40.7953926],[15.3666432,40.7983083],[15.3729613,40.8048119],[15.3793967,40.8062053],[15.3805019,40.8109502],[15.3664572,40.8121387],[15.3567344,40.8209439],[15.3587418,40.823533],[15.3405563,40.8289032],[15.3349712,40.83488],[15.3609839,40.8391782],[15.3776832,40.8364478],[15.3734789,40.8611622],[15.3790301,40.8676043],[15.3665146,40.8719393],[15.355245,40.8708938],[15.3541736,40.8826538],[15.3752323,40.8858385],[15.3770004,40.8815731],[15.3881117,40.8756185],[15.3945284,40.8789651],[15.4015314,40.8770854],[15.4027343,40.881613],[15.4299255,40.8796305],[15.4300478,40.876523],[15.4447297,40.8768207],[15.4537026,40.8682346],[15.460816,40.8671507],[15.4737791,40.8746041],[15.4676101,40.8800961],[15.4681761,40.8902149],[15.4911565,40.8949283],[15.5080964,40.9050491],[15.5158071,40.9038918],[15.5272463,40.9078366],[15.5402612,40.9341995],[15.5380173,40.9373514],[15.5440226,40.9409287],[15.5422857,40.9463962],[15.566861,40.9695269],[15.5682959,40.9898882],[15.5722979,40.9975161],[15.5665621,41.0053099],[15.5663506,41.0125265],[15.5595517,41.0169743],[15.5584279,41.0235095],[15.5631539,41.0310243],[15.5513721,41.0389561],[15.5493545,41.0524319],[15.5428713,41.0558542],[15.541911647275311,41.05610586738684],[15.5417407,41.0557147],[15.4848637,41.0710666],[15.4788543,41.0745247],[15.4783512,41.0786617],[15.4609259,41.0759857],[15.446097,41.0780168],[15.4257008,41.0961535],[15.4122489,41.0949484],[15.4119629,41.0985376],[15.4012787,41.105979],[15.396373,41.1068135],[15.3844995,41.0934872],[15.370461692572913,41.086663743751295],[15.3707054,41.0861861],[15.3670591,41.0848061],[15.36687897329606,41.084922266076525],[15.3665902,41.0847819],[15.3516164,41.0947653],[15.3319182,41.0963535],[15.3143572,41.1038857],[15.2930135,41.0918204],[15.292783875107318,41.09210622766548],[15.2925342,41.0919699],[15.289164,41.0966121],[15.2643106,41.1053206],[15.264233834136851,41.10607638770403],[15.2625311,41.1067228],[15.263349,41.1147879],[15.2551522,41.1169451],[15.236510960057478,41.14070080382054],[15.236362422954748,41.14080361345615],[15.232869,41.1380584],[15.227799370233184,41.1433012378204],[15.2212034,41.1420218],[15.2107885,41.1486706],[15.210745970070851,41.14880224614697],[15.2105622,41.1489214],[15.2084504,41.1559079],[15.2125085,41.1613497],[15.2093455,41.1676866],[15.2212053,41.1746003],[15.2211372,41.1790684],[15.222042198375167,41.17990193204739],[15.2221675,41.1806957],[15.223962536163715,41.18167062371856],[15.2275005,41.1849292],[15.230821845165575,41.18539606567566],[15.2482145,41.1948424],[15.24858522979984,41.194915075634604],[15.2488239,41.1950747],[15.2624151,41.1976262],[15.2448076,41.2249421],[15.2457391,41.2350307],[15.246063864651493,41.23520334023149],[15.246175,41.2361111],[15.248299872831458,41.236391970114774],[15.2527961,41.2387821],[15.25802417844641,41.23767734907661],[15.2795358,41.2405208],[15.2756585,41.2495358],[15.2490037,41.2709912],[15.235684,41.2723148],[15.2293243,41.2662474],[15.2204396,41.2651875],[15.2157449,41.2759401],[15.1997443,41.2794481],[15.2006956,41.2863543],[15.1533639,41.2833999],[15.1486628,41.2804161],[15.1362936,41.2868799],[15.1398903,41.2927675],[15.1267706,41.3029519],[15.1306275,41.317494],[15.1125969,41.3192892],[15.0999318,41.3277047],[15.0721912,41.332464],[15.0669065,41.3429677],[15.0683002,41.3505809],[15.0611943,41.3575547],[15.058471,41.3721354],[15.071147,41.3777222],[15.0784415,41.3880021],[15.0983163,41.3905679],[15.0866409,41.4072257],[15.0917173,41.4179239],[15.1032941,41.42094],[15.1008316,41.4296672],[15.0983339,41.4340291],[15.0762504,41.4327778],[15.0631529,41.4406139],[15.0467916,41.4433415],[15.0425313,41.4482784],[15.0437522,41.4560778],[15.032443,41.4526849],[15.0299941,41.4666488],[15.02389,41.4769478],[15.0119881,41.4819654],[15.009278478613027,41.4854261145821],[15.0076218,41.4863874],[14.9963486,41.4798504],[14.983388,41.4794161],[14.982267,41.4690661],[14.9605145,41.4654403],[14.9468945,41.4560841],[14.910837,41.4518821],[14.8844204,41.4447798],[14.8676951,41.4278228],[14.8565705,41.4247004],[14.8431154,41.4266073],[14.8128588,41.4398385],[14.8059296,41.4475351],[14.7849393,41.4520934],[14.7736851,41.4452252],[14.7708906,41.4404464],[14.7723263,41.4335147],[14.7636723,41.423715],[14.7654144,41.4182038],[14.7538744,41.4100022],[14.7165736,41.4007639],[14.6985071,41.4112276],[14.6636397,41.4069506],[14.6606178,41.403589],[14.6657612,41.3994731],[14.66288,41.3941197],[14.6525146,41.3977592],[14.6434069,41.3940218],[14.6146067,41.3681728],[14.6079323,41.3685731],[14.6029484,41.3640631],[14.5857727,41.3713296],[14.5893944,41.3757021],[14.5865854,41.3800971],[14.5756287,41.3899816],[14.5671738,41.392072],[14.5514525,41.3791994],[14.5225296,41.385353],[14.5066369,41.3818307],[14.5003106,41.3876846],[14.4885414,41.3905026],[14.4831015,41.4056198],[14.4779797,41.4100223],[14.4826864,41.4136746],[14.4771648,41.4189835],[14.4660477,41.4193211],[14.4549868,41.4276567],[14.4218365,41.430191],[14.4172646,41.4407545],[14.4003905,41.4370273],[14.3880454,41.4431295],[14.3626753,41.4466344],[14.3439888,41.4540097],[14.3245334,41.455026],[14.3048571,41.4665451],[14.2832134,41.472178],[14.2921429,41.4762756],[14.2791655,41.4861419],[14.2547959,41.4838405],[14.2467002,41.4870852],[14.2407774,41.4977379],[14.216142,41.4967686],[14.2023129,41.4999543],[14.1919448,41.498563],[14.1908075,41.4957852],[14.1775784,41.497855],[14.1753824,41.5026777],[14.1674203,41.4946109],[14.1661093,41.4783312],[14.151111,41.482741],[14.126423,41.5080786],[14.1167521,41.5025354],[14.1189859,41.4960168],[14.1109557,41.4908102],[14.1139608,41.4870391],[14.1043333,41.4845389],[14.0969964,41.4734274],[14.081651,41.4651861],[14.0864114,41.4593407],[14.0807191,41.4556342],[14.0783108,41.447593],[14.0907698,41.4306772],[14.0972384,41.4288616],[14.1057966,41.4198957],[14.1022171,41.4031006],[14.112448,41.3998745],[14.1092099,41.3970159],[14.1137793,41.3888986],[14.094736,41.3905703],[14.0918215,41.3963764],[14.0840839,41.4001677],[14.0690297,41.3955749],[14.0619703,41.3981613],[14.0430961,41.3922511],[14.0295697,41.4093681],[14.0274581,41.4176803],[14.0174742,41.4251171],[14.0065542,41.4255625],[14.0015862,41.4319237],[14.0088988,41.4405628],[14.007921,41.4528675],[13.975993,41.4634984],[13.9612349,41.4639439],[13.9574509,41.4579942],[13.9281185,41.4381854],[13.9112842,41.433451],[13.9108592,41.4286854],[13.9025724,41.4227269],[13.8991236,41.4267733],[13.8751399,41.4264164],[13.8617988,41.4180869],[13.8630138,41.4095001],[13.8692535,41.4049681],[13.8777454,41.4016453],[13.8830836,41.4042724],[13.8885982,41.4008054],[13.8825874,41.4011153],[13.8826674,41.3971819],[13.8755797,41.3961012],[13.8863184,41.3844443],[13.8768834,41.3794795],[13.8688018,41.3627249],[13.8776738,41.3606422],[13.8708117,41.357089],[13.8779444,41.3413048],[13.8736799,41.3356246],[13.8948148,41.3116365],[13.8897396,41.2974833],[13.8823375,41.2909421],[13.8688144,41.2932809],[13.8613435,41.2867728],[13.8546626,41.2918317],[13.8356983,41.2803915],[13.8289791,41.2815386],[13.8275711,41.2774561],[13.8316948,41.2738749],[13.8266663,41.2659696],[13.8340157,41.2668805],[13.8401219,41.2625402],[13.8372083,41.2592146],[13.8310738,41.2624845],[13.8335252,41.2522028],[13.8301173,41.2499467],[13.8243884,41.2525509],[13.8168652,41.2436838],[13.8131146,41.2489497],[13.8073069,41.2447767],[13.8019825,41.2487449],[13.8014274,41.2458169],[13.7863817,41.2411351],[13.7753528,41.243809],[13.763175469538936,41.2243785316536]]],[[[13.8528008,40.7152781],[13.8529866,40.7152553],[13.8529406,40.7153163],[13.8528008,40.7152781]]],[[[13.853216955983019,40.71237053779335],[13.882113993341894,40.69946070542648],[13.8910332,40.6990833],[13.892564214059826,40.69522027776958],[13.9001576,40.7011447],[13.949684413056035,40.70526333903988],[13.965230649539981,40.71665650629403],[13.9591605,40.7237759],[13.9596404,40.7308365],[13.9624968,40.7319297],[13.9463,40.745185],[13.9384614,40.7440918],[13.940927667345433,40.74664924584964],[13.9304111,40.7462494],[13.9221417,40.7513468],[13.9072759,40.7488902],[13.9113158,40.7526408],[13.9048196,40.7495694],[13.8903037,40.7523917],[13.8858397,40.7541784],[13.8852888,40.7593474],[13.8761278,40.7570013],[13.8714345,40.7617628],[13.864509587584134,40.75860620155971],[13.870128,40.748725],[13.859934178547876,40.74136235429645],[13.8619938,40.739971],[13.855423394408652,40.73287276612834],[13.8609306,40.7162504],[13.853216955983019,40.71237053779335]]],[[[13.8552437,40.7310639],[13.8553695,40.7309662],[13.855327,40.7311019],[13.8552437,40.7310639]]],[[[13.8576613,40.7235029],[13.8577684,40.7234789],[13.8577522,40.7235303],[13.8576613,40.7235029]]],[[[13.8579011,40.7162664],[13.8580358,40.7163269],[13.8579498,40.7163739],[13.8579011,40.7162664]]],[[[13.8579936,40.7214481],[13.8580916,40.7213755],[13.8581629,40.7215003],[13.8579936,40.7214481]]],[[[13.8582251,40.7212508],[13.8583114,40.7212277],[13.8582952,40.7212901],[13.8582251,40.7212508]]],[[[13.8585584,40.7211098],[13.8586519,40.7211568],[13.8585869,40.7211815],[13.8585584,40.7211098]]],[[[13.8642475,40.7450119],[13.864278,40.744968],[13.8643665,40.7450566],[13.8642475,40.7450119]]],[[[13.8653939,40.7455748],[13.8654317,40.7455561],[13.8654186,40.7455812],[13.8653939,40.7455748]]],[[[13.8654317,40.7456878],[13.8654904,40.7456562],[13.865531,40.7456897],[13.8654317,40.7456878]]],[[[13.8867317,40.7544422],[13.8874375,40.7539025],[13.8876267,40.7539054],[13.8867317,40.7544422]]],[[[13.8898389,40.7532047],[13.8901327,40.7528816],[13.8903937,40.7528589],[13.8898389,40.7532047]]],[[[13.8900519,40.7537079],[13.8903041,40.7536303],[13.8902459,40.7538405],[13.8900519,40.7537079]]],[[[13.890443,40.7528219],[13.8945742,40.7528194],[13.8917143,40.7534741],[13.890443,40.7528219]]],[[[13.8967535,40.7521202],[13.8968382,40.7521243],[13.8968151,40.7521512],[13.8967535,40.7521202]]],[[[13.9394111,40.7443306],[13.9395694,40.7443338],[13.9394882,40.7443934],[13.9394111,40.7443306]]],[[[13.9598111,40.7258779],[13.9599042,40.7256787],[13.9602192,40.7257364],[13.9598111,40.7258779]]],[[[13.9600314,40.7262098],[13.9602749,40.7260943],[13.9601968,40.7262854],[13.9600314,40.7262098]]],[[[13.9600371,40.7264094],[13.960184,40.7263477],[13.9602636,40.7265006],[13.9600371,40.7264094]]],[[[13.9603682,40.7270629],[13.9605492,40.7269605],[13.960537,40.7270853],[13.9603682,40.7270629]]],[[[13.9603961,40.7276623],[13.960496,40.7276515],[13.9605194,40.7277153],[13.9603961,40.7276623]]],[[[13.9605766,40.7264051],[13.9606757,40.7262817],[13.9608421,40.7263219],[13.9605766,40.7264051]]],[[[13.9606108,40.7273474],[13.9609696,40.7273206],[13.9607638,40.7274145],[13.9606108,40.7273474]]],[[[13.9606795,40.7266344],[13.9609821,40.7265673],[13.9608264,40.726684],[13.9606795,40.7266344]]],[[[13.9607307,40.7275654],[13.961028,40.7273722],[13.9611037,40.7275089],[13.9607307,40.7275654]]],[[[13.9608236,40.7270356],[13.9612996,40.7269029],[13.9611531,40.7270976],[13.9608236,40.7270356]]],[[[13.9610489,40.7273434],[13.9611411,40.7273133],[13.9612439,40.727477],[13.9610489,40.7273434]]],[[[13.9612153,40.7273438],[13.9612777,40.727356],[13.9612596,40.7273809],[13.9612153,40.7273438]]],[[[13.9612645,40.7273014],[13.9612973,40.7273006],[13.9612969,40.7273184],[13.9612645,40.7273014]]],[[[13.9626028,40.7318027],[13.96365329053789,40.73086499163304],[13.963988766902396,40.73151015474865],[13.9626028,40.7318027]]],[[[14.2659932,40.8396789],[14.2693164,40.8402207],[14.269153688202334,40.84142211403473],[14.2659932,40.8396789]]],[[[14.3499403,40.5799226],[14.3500596,40.5797474],[14.3502313,40.579997],[14.3499403,40.5799226]]],[[[15.267639407523642,40.02900872705357],[15.278418055034452,40.0295991994857],[15.275627,40.0298045],[15.2766857,40.032493],[15.2678067,40.031461],[15.267639407523642,40.02900872705357]]],[[[15.278418055034452,40.0295991994857],[15.2784398,40.0295976],[15.278443978535403,40.02960061961867],[15.278418055034452,40.0295991994857]]]]}},{"type":"Feature","id":"prosecco","properties":{"name":"Prosecco","slug":"prosecco","parent_iso_a3":"ITA","source_name":"OpenStreetMap via Nominatim","source_url":"https://nominatim.openstreetmap.org/","source_license":"ODbL 1.0","source_queries":"Treviso, Veneto, Italy => Treviso, Veneto, Italia | Prosecco, Trieste, Italy => Prosecco, Stazione di Prosecco / Proseška Postaja, Borgo Grotta Gigante / Briščiki, Sgonico / Zgonik, Trieste, Friuli-Venezia Giulia, 34010, Italia"},"geometry":{"type":"MultiPolygon","coordinates":[[[[12.4224135,45.9558167],[12.423859501845056,45.95252752188672],[12.422447058603543,45.955908794737],[12.4224135,45.9558167]]],[[[12.426267585353818,45.947049924746004],[12.426324,45.9469216],[12.4378762,45.9448263],[12.426267585353818,45.947049924746004]]],[[[12.6463576,45.8121532],[12.6477658,45.8196369],[12.647659826931553,45.81961542698447],[12.6463576,45.8121532]]],[[[12.6494827,45.8024693],[12.661076009678983,45.79315025919477],[12.6618451,45.7935392],[12.649583253067144,45.802610101867224],[12.6494827,45.8024693]]],[[[13.74566,45.721033],[13.749606,45.7165413],[13.7615957,45.7116085],[13.74566,45.721033]]]]}},{"type":"Feature","id":"rioja","properties":{"name":"Rioja","slug":"rioja","parent_iso_a3":"ESP","source_name":"OpenStreetMap via Nominatim","source_url":"https://nominatim.openstreetmap.org/","source_license":"ODbL 1.0","source_queries":"La Rioja, Spain => La Rioja, España | Rioja, Spain => La Rioja, España"},"geometry":{"type":"Polygon","coordinates":[[[-3.1342714,42.5420529],[-3.1253267,42.533111],[-3.1074558,42.5287701],[-3.0999183,42.5361706],[-3.0893025,42.5382776],[-3.0840701,42.5321845],[-3.0725715,42.528923],[-3.076446,42.5208243],[-3.0751393,42.5070911],[-3.0792921,42.4990911],[-3.0946954,42.4880744],[-3.0914317,42.4862668],[-3.090422,42.477883],[-3.0823027,42.4744848],[-3.0733147,42.4764811],[-3.064209,42.4709477],[-3.0609888,42.4619885],[-3.046004,42.4451541],[-3.0632994,42.4249096],[-3.0573968,42.4171584],[-3.0640201,42.4042763],[-3.0531427,42.373418],[-3.0568808,42.3702731],[-3.0657513,42.3744652],[-3.0750148,42.3916433],[-3.0786837,42.3914067],[-3.0826522,42.397384],[-3.0781791,42.4157504],[-3.0903549,42.4223701],[-3.0943105,42.4176658],[-3.1013466,42.4167772],[-3.095738,42.4051822],[-3.1052705,42.3863692],[-3.0848111,42.3853863],[-3.0632862,42.3628487],[-3.0634622,42.3566975],[-3.1096685,42.3514485],[-3.1106902,42.3385777],[-3.0958626,42.3269099],[-3.1033898,42.3207793],[-3.1066649,42.3125987],[-3.1026183,42.3089459],[-3.0958518,42.2874539],[-3.0961666,42.2790238],[-3.0896213,42.273049],[-3.0977189,42.2630906],[-3.0885894,42.2457251],[-3.1017575,42.2327597],[-3.0984,42.2236905],[-3.1037865,42.2136863],[-3.1311377,42.1976745],[-3.1153232,42.1882686],[-3.1133524,42.1763372],[-3.0965724,42.1694537],[-3.0998017,42.1673885],[-3.0898149,42.1593451],[-3.0906714,42.1485908],[-3.0856782,42.1342204],[-3.0736526,42.1358499],[-3.0589548,42.1269691],[-3.0343735,42.0859632],[-3.0234566,42.0892714],[-3.0039043,42.0833292],[-2.9931915,42.087526],[-2.9776798,42.0839392],[-2.9406411,42.0892575],[-2.931176,42.0867753],[-2.9324641,42.0808948],[-2.9152323,42.0390293],[-2.9135462,42.0228516],[-2.8911793,42.0170058],[-2.8895122,42.0104023],[-2.870435,42.0144355],[-2.8583028,42.0226893],[-2.8567788,42.0288479],[-2.8446364,42.0344702],[-2.8237049,42.0410324],[-2.8126382,42.0366376],[-2.8049497,42.0458744],[-2.7979865,42.046844],[-2.7983817,42.0593097],[-2.7949476,42.0635456],[-2.7968284,42.0725465],[-2.8033436,42.0804837],[-2.790144,42.0942221],[-2.7933368,42.1015322],[-2.7916077,42.1087522],[-2.770672,42.1249416],[-2.751173,42.1177676],[-2.746394,42.1239445],[-2.7346664,42.1249536],[-2.705947,42.103556],[-2.7104306,42.0963532],[-2.7084192,42.0862881],[-2.7255463,42.0713434],[-2.7384854,42.0497129],[-2.7573767,42.0331017],[-2.7469612,42.0092746],[-2.7238794,42.0155528],[-2.7051365,42.0151367],[-2.6871719,42.0014169],[-2.6735808,41.9980644],[-2.6597892,42.0053646],[-2.6266351,42.0065041],[-2.579909,41.9962638],[-2.5752515,42.0066583],[-2.5652994,42.0139524],[-2.558688,42.0303372],[-2.551283,42.0388557],[-2.5490667,42.0515103],[-2.5325079,42.0552267],[-2.5148804,42.0688615],[-2.5147428,42.0742198],[-2.5226561,42.0828813],[-2.5179533,42.0910702],[-2.519386,42.0980076],[-2.5144342,42.1145368],[-2.4959032,42.1129475],[-2.4843688,42.1063485],[-2.4717724,42.1143069],[-2.4586151,42.1153173],[-2.448535,42.1240956],[-2.446492,42.1322275],[-2.4384616,42.1372681],[-2.4013998,42.1395753],[-2.3972135,42.1369505],[-2.3878669,42.1424849],[-2.3761755,42.1413771],[-2.3481906,42.1467061],[-2.3182049,42.1451806],[-2.2821598,42.131703],[-2.2789136,42.1224331],[-2.2825716,42.1188265],[-2.2817461,42.1083919],[-2.2695889,42.0885549],[-2.2588908,42.0872793],[-2.2364842,42.1025062],[-2.2240805,42.0981538],[-2.2088829,42.1046605],[-2.1481111,42.1044498],[-2.133377,42.1011421],[-2.1273242,42.0971693],[-2.1272395,42.0804618],[-2.1354069,42.0746336],[-2.1619128,42.0667337],[-2.1547652,42.0470382],[-2.1289022,42.0261836],[-2.1170083,42.0215083],[-2.1152396,42.0114525],[-2.1076321,42.0027743],[-2.1121076,41.9970178],[-2.1240722,41.9953085],[-2.114356,41.9611439],[-2.1024638,41.9555664],[-2.0801227,41.9543537],[-2.0762153,41.9508818],[-2.0622399,41.9544342],[-2.0466426,41.9509282],[-2.0363919,41.9394042],[-2.0283144,41.9533864],[-2.0130763,41.9408093],[-2.0013382,41.9385101],[-1.998348,41.9307113],[-1.984115,41.9200844],[-1.9702978,41.9191417],[-1.961343,41.9203039],[-1.954859,41.9274413],[-1.9405634,41.9254548],[-1.9214918,41.9342657],[-1.9151692,41.9322516],[-1.9112029,41.9406352],[-1.9046666,41.9433289],[-1.9066667,41.9455906],[-1.8775923,41.952434],[-1.8552374,41.9662993],[-1.8638497,41.9773787],[-1.8440455,41.987334],[-1.8513248,41.9980706],[-1.8471152,42.0076404],[-1.8552279,42.0026038],[-1.8648349,42.0150831],[-1.8720153,42.0126772],[-1.8829473,42.0263298],[-1.9015767,42.02968],[-1.9032992,42.0545269],[-1.9084787,42.0586765],[-1.9023008,42.0738631],[-1.8920318,42.0859859],[-1.8402755,42.1281278],[-1.8381106,42.1419665],[-1.8324167,42.1482311],[-1.8216189,42.1535695],[-1.80255,42.1468244],[-1.7967705,42.1407927],[-1.7790049,42.1377049],[-1.7798954,42.1417402],[-1.7647091,42.1504128],[-1.7397421,42.1497359],[-1.7255238,42.1417612],[-1.7198949,42.1334397],[-1.679659,42.1516893],[-1.6938019,42.1584439],[-1.7008973,42.1731236],[-1.6969466,42.1803737],[-1.6790054,42.1883188],[-1.6801244,42.1915739],[-1.6851733,42.1939735],[-1.7042399,42.1920293],[-1.705714,42.2070231],[-1.7092392,42.2099898],[-1.7367054,42.2150658],[-1.7411391,42.2119237],[-1.7663981,42.2212503],[-1.7673315,42.2157522],[-1.772642,42.2144231],[-1.7801642,42.2241741],[-1.8023258,42.2234288],[-1.819552,42.232082],[-1.8192187,42.2486408],[-1.8297267,42.2441374],[-1.8497905,42.2592545],[-1.8532318,42.2580191],[-1.8557595,42.2496507],[-1.8722764,42.2526694],[-1.8762008,42.2589942],[-1.868834,42.2661987],[-1.8662074,42.2754039],[-1.8706581,42.288966],[-1.8843611,42.2877853],[-1.9138175,42.3001095],[-1.907061,42.3084749],[-1.9189658,42.3161439],[-1.9185134,42.3269648],[-1.93152,42.3221876],[-1.9422851,42.335184],[-1.9657492,42.3344075],[-1.9688113,42.3386589],[-1.964709,42.3430528],[-1.9696265,42.3467175],[-1.9682229,42.3508746],[-1.9710581,42.3534668],[-1.9786441,42.3498873],[-1.9829396,42.356815],[-1.9955203,42.3636084],[-2.0060565,42.3608274],[-2.0160153,42.3692979],[-2.0455983,42.3590293],[-2.0517513,42.3511912],[-2.0702987,42.3428118],[-2.089961,42.3469713],[-2.08965,42.3567312],[-2.0784706,42.368308],[-2.0928115,42.3758218],[-2.0891201,42.3849875],[-2.1094251,42.3931805],[-2.1155142,42.3990815],[-2.10508,42.4159404],[-2.1122773,42.4200941],[-2.1358882,42.4214185],[-2.1479942,42.4160697],[-2.1517761,42.4186285],[-2.159836,42.409421],[-2.1750366,42.4077664],[-2.186111,42.4187698],[-2.2165055,42.4159981],[-2.2120751,42.4213533],[-2.2208474,42.425583],[-2.2349657,42.4261464],[-2.2360701,42.4373121],[-2.240964,42.4418295],[-2.2625906,42.4494636],[-2.2710053,42.4453027],[-2.2763885,42.4466697],[-2.2787698,42.4553303],[-2.2872246,42.4604806],[-2.2880124,42.46736],[-2.2968835,42.4681444],[-2.2932167,42.4599986],[-2.298719,42.4574117],[-2.3299876,42.4688024],[-2.3364553,42.4645804],[-2.3318368,42.4540078],[-2.3467521,42.4517725],[-2.3526075,42.4656441],[-2.3583621,42.4668944],[-2.3636319,42.4616281],[-2.3719816,42.4651438],[-2.371849,42.4705827],[-2.3766353,42.4728243],[-2.4000087,42.4714323],[-2.415666,42.4905385],[-2.4385067,42.4891241],[-2.4488082,42.4968759],[-2.4723267,42.492598],[-2.4774309,42.4866376],[-2.5145756,42.4901797],[-2.5186791,42.4978746],[-2.5053227,42.5118961],[-2.5106238,42.5199157],[-2.5222596,42.5052679],[-2.5377612,42.4946498],[-2.5375043,42.4895172],[-2.5304798,42.4835707],[-2.5536761,42.4837326],[-2.5682592,42.4941484],[-2.5738115,42.4919087],[-2.5780456,42.4829726],[-2.5919366,42.4820594],[-2.5858212,42.4722552],[-2.5969935,42.4729362],[-2.6021409,42.4822663],[-2.5922843,42.4918229],[-2.6054258,42.5035226],[-2.6101715,42.4958748],[-2.6287233,42.4957079],[-2.6349014,42.4873017],[-2.6477491,42.4832622],[-2.6565413,42.5040475],[-2.6657968,42.5098476],[-2.6776259,42.5092449],[-2.6768015,42.5261168],[-2.6863296,42.5198932],[-2.7060049,42.5166019],[-2.6911036,42.5427043],[-2.6863823,42.5827889],[-2.6808277,42.5945653],[-2.714119,42.6028736],[-2.7405624,42.6223666],[-2.7497089,42.6237939],[-2.7560216,42.6187695],[-2.7636759,42.6225801],[-2.7743663,42.6048144],[-2.7713877,42.5963399],[-2.7780426,42.5865178],[-2.7775756,42.5819479],[-2.7992138,42.5729731],[-2.8032528,42.5640276],[-2.8148873,42.569265],[-2.816666,42.5581942],[-2.8232945,42.5542467],[-2.8279517,42.5639026],[-2.8375472,42.5702019],[-2.8409502,42.581056],[-2.8197388,42.5914286],[-2.8179122,42.5988954],[-2.823555,42.6014623],[-2.8187668,42.6128203],[-2.8419222,42.6086696],[-2.8481692,42.6169506],[-2.8420696,42.6279876],[-2.8559048,42.6378999],[-2.8762941,42.6310035],[-2.8832207,42.6250307],[-2.8821436,42.6207246],[-2.8939952,42.6213306],[-2.8904754,42.6257313],[-2.8946306,42.6276715],[-2.904462,42.6264913],[-2.9044353,42.62016],[-2.9160082,42.6195207],[-2.9260516,42.6230491],[-2.9334655,42.6345004],[-2.9464507,42.6393166],[-2.9703939,42.6410996],[-2.980569,42.635221],[-2.9859598,42.6363295],[-2.9899471,42.642328],[-3.0047559,42.6442647],[-3.0147701,42.6401753],[-3.0180127,42.6321776],[-3.040788,42.6400522],[-3.084152,42.6406865],[-3.0847427,42.6353457],[-3.0810663,42.6313137],[-3.0864033,42.6277166],[-3.0704571,42.6214142],[-3.0656379,42.6070437],[-3.0604158,42.6025616],[-3.065186,42.5941747],[-3.0598305,42.5891883],[-3.0861956,42.5822105],[-3.0823585,42.5740179],[-3.1024279,42.5594306],[-3.1037454,42.5531073],[-3.1342714,42.5420529]],[[-2.999378,42.6009464],[-2.9945246,42.6154906],[-2.9852216,42.6142198],[-2.9828572,42.6107972],[-2.9862476,42.6070513],[-2.999378,42.6009464]],[[-2.9452143,42.6038863],[-2.9344998,42.6140752],[-2.9226287,42.600829],[-2.9276566,42.5961403],[-2.9391773,42.5942919],[-2.9452143,42.6038863]]]}},{"type":"Feature","id":"navarra","properties":{"name":"Navarra","slug":"navarra","parent_iso_a3":"ESP","source_name":"OpenStreetMap via Nominatim","source_url":"https://nominatim.openstreetmap.org/","source_license":"ODbL 1.0","source_queries":"Navarra, Spain => Navarra / Nafarroa, España | Navarre, Spain => Navarra, Navarra / Nafarroa, España"},"geometry":{"type":"MultiPolygon","coordinates":[[[[-2.4999443,42.616265],[-2.4903448,42.5850211],[-2.4841301,42.5888196],[-2.4622308,42.5873607],[-2.453242,42.5668107],[-2.4431131,42.5752098],[-2.4210697,42.6069248],[-2.4080757,42.5986573],[-2.3963776,42.5986263],[-2.3992951,42.5884744],[-2.3896719,42.5489366],[-2.3994237,42.544625],[-2.4010534,42.5385049],[-2.3923583,42.5162191],[-2.410513,42.5155023],[-2.4241498,42.5094923],[-2.420756461810067,42.49022327545854],[-2.415666,42.4905385],[-2.4154487960009985,42.49027345155322],[-2.4153048,42.4903026],[-2.4000087,42.4714323],[-2.3766353,42.4728243],[-2.371849,42.4705827],[-2.3719816,42.4651438],[-2.3636319,42.4616281],[-2.3583621,42.4668944],[-2.3526075,42.4656441],[-2.3472264967441325,42.45289635863919],[-2.345249319435683,42.45199771607982],[-2.3318368,42.4540078],[-2.3364553,42.4645804],[-2.3299876,42.4688024],[-2.298719,42.4574117],[-2.2932167,42.4599986],[-2.2968835,42.4681444],[-2.2880124,42.46736],[-2.2872246,42.4604806],[-2.2787698,42.4553303],[-2.2763885,42.4466697],[-2.2710053,42.4453027],[-2.2625906,42.4494636],[-2.240964,42.4418295],[-2.2360701,42.4373121],[-2.2349657,42.4261464],[-2.2208474,42.425583],[-2.2120751,42.4213533],[-2.2165055,42.4159981],[-2.186111,42.4187698],[-2.1750366,42.4077664],[-2.159836,42.409421],[-2.1517761,42.4186285],[-2.1479942,42.4160697],[-2.1358882,42.4214185],[-2.1122773,42.4200941],[-2.1120542085063425,42.41996534961622],[-2.1119025,42.4199561],[-2.10508,42.4159404],[-2.1155142,42.3990815],[-2.1094251,42.3931805],[-2.0891201,42.3849875],[-2.0928115,42.3758218],[-2.0784706,42.368308],[-2.08965,42.3567312],[-2.089961,42.3469713],[-2.0702987,42.3428118],[-2.0517513,42.3511912],[-2.0455983,42.3590293],[-2.0160153,42.3692979],[-2.0060565,42.3608274],[-1.9955203,42.3636084],[-1.9829396,42.356815],[-1.9786441,42.3498873],[-1.9710581,42.3534668],[-1.9699019493741436,42.35240974100862],[-1.9695926,42.352499],[-1.9696121615935762,42.35214479042849],[-1.9682229,42.3508746],[-1.9695604607409385,42.34691309119681],[-1.9671075533844626,42.34484028929091],[-1.964709,42.3430528],[-1.9648339302178615,42.34291898948291],[-1.9646291,42.3427459],[-1.9685548368489763,42.33830282820605],[-1.9672857268071744,42.33654080396395],[-1.9651382943484672,42.33442771676682],[-1.9422851,42.335184],[-1.93152,42.3221876],[-1.9185134,42.3269648],[-1.9189658,42.3161439],[-1.907061,42.3084749],[-1.9138175,42.3001095],[-1.8843611,42.2877853],[-1.8706581,42.288966],[-1.8662074,42.2754039],[-1.868834,42.2661987],[-1.8762008,42.2589942],[-1.8722764,42.2526694],[-1.8557595,42.2496507],[-1.8532318,42.2580191],[-1.8497905,42.2592545],[-1.8297267,42.2441374],[-1.8192187,42.2486408],[-1.819552,42.232082],[-1.8023258,42.2234288],[-1.7801642,42.2241741],[-1.772642,42.2144231],[-1.7673315,42.2157522],[-1.7663981,42.2212503],[-1.7411391,42.2119237],[-1.7367054,42.2150658],[-1.7092392,42.2099898],[-1.705714,42.2070231],[-1.7042399,42.1920293],[-1.6851733,42.1939735],[-1.6801244,42.1915739],[-1.6800699265843595,42.191415440290214],[-1.6795278,42.1911437],[-1.6790054,42.1883188],[-1.6969466,42.1803737],[-1.7008973,42.1731236],[-1.6938019,42.1584439],[-1.679659,42.1516893],[-1.7198949,42.1334397],[-1.7255238,42.1417612],[-1.7397421,42.1497359],[-1.7647091,42.1504128],[-1.7798954,42.1417402],[-1.7790049,42.1377049],[-1.7967705,42.1407927],[-1.80255,42.1468244],[-1.8216189,42.1535695],[-1.8324167,42.1482311],[-1.8381106,42.1419665],[-1.8402755,42.1281278],[-1.8619367646226264,42.11049039455177],[-1.8632839,42.108049],[-1.8920318,42.0859859],[-1.9023008,42.0738631],[-1.9084787,42.0586765],[-1.9032992,42.0545269],[-1.9015767,42.02968],[-1.8829473,42.0263298],[-1.8720153,42.0126772],[-1.8648349,42.0150831],[-1.8552279,42.0026038],[-1.8471301,42.0081303],[-1.833703,41.9950648],[-1.8103454,41.9980222],[-1.7913911,41.9896283],[-1.7668965,41.9957893],[-1.7413595,41.9683669],[-1.715221,41.9569635],[-1.686818,41.9528504],[-1.6813115,41.9554803],[-1.6754648,41.9667521],[-1.6636351,41.9599864],[-1.6581847,41.9603732],[-1.6593563,41.9626204],[-1.6541458,41.9653515],[-1.6439975,41.9590718],[-1.6148243,41.9505279],[-1.5962518,41.9270926],[-1.5592557,41.9139442],[-1.5233068,41.9098937],[-1.5061183,41.9158588],[-1.501761,41.9242772],[-1.4776017,41.924905],[-1.4532933,41.9157267],[-1.4182446,41.9135827],[-1.4107559,41.9189552],[-1.4035523,41.9350757],[-1.3822347,41.9433423],[-1.3800896,41.9503999],[-1.3859854,41.9572466],[-1.3743535,41.9619998],[-1.3659653,41.9828288],[-1.3395203,42.0180139],[-1.3048225,42.0429494],[-1.308149,42.0464476],[-1.3033182,42.051798],[-1.3127442,42.0650223],[-1.3105928,42.0723126],[-1.3522772,42.0730705],[-1.3652517,42.0931601],[-1.3667595,42.1069611],[-1.3988815,42.1262194],[-1.3928218,42.1495862],[-1.3941967,42.1550361],[-1.3983746,42.1563915],[-1.3919061,42.1814183],[-1.3952081,42.1906505],[-1.4133747,42.2022237],[-1.4175303,42.2123676],[-1.4163566,42.2219965],[-1.3998777,42.2455071],[-1.3997591,42.2564206],[-1.394966,42.2637654],[-1.3955005,42.2694555],[-1.3913707,42.2721174],[-1.3898857,42.2785267],[-1.399082,42.2912998],[-1.3836624,42.3037276],[-1.3522762,42.33952],[-1.3374654,42.3455471],[-1.3290828,42.3553855],[-1.3362206,42.372006],[-1.350615,42.3700708],[-1.3599048,42.3780391],[-1.3429453,42.4081444],[-1.341508,42.4239376],[-1.3152066,42.4492197],[-1.2898372,42.4573719],[-1.2813612,42.4644494],[-1.2727803,42.4818992],[-1.2751123,42.4957579],[-1.2863637,42.4982787],[-1.2874918,42.5085515],[-1.2934757,42.5109553],[-1.2707119,42.5489411],[-1.2647694,42.556803],[-1.2261663,42.542244],[-1.2183215,42.5491645],[-1.2027905,42.5496603],[-1.204521,42.5683017],[-1.2019205,42.5782389],[-1.1706822,42.5968265],[-1.1616733,42.5960427],[-1.1580347,42.5991541],[-1.1800384,42.6078619],[-1.1787782,42.6151283],[-1.1719183,42.6170631],[-1.1568989,42.6104905],[-1.1550319,42.6476715],[-1.0938358,42.6476031],[-1.0714798,42.6416942],[-1.0530192,42.642569],[-1.0400053,42.6483293],[-1.0394932,42.6632779],[-1.0317652,42.6742503],[-1.0390979,42.6913124],[-1.0289836,42.6939137],[-1.0273842,42.7007445],[-1.0056682,42.6991636],[-0.9792751,42.7047615],[-0.9696617,42.7034571],[-0.9616263,42.7106811],[-0.9483751,42.7115689],[-0.9359451,42.7343386],[-0.9256332,42.7380448],[-0.9241096,42.744126],[-0.9004993,42.743086],[-0.9005353,42.7604661],[-0.890484,42.7628026],[-0.8759586,42.7587159],[-0.8655516,42.7628536],[-0.8475329,42.7859197],[-0.8499082,42.7921686],[-0.860007,42.7985622],[-0.8602468,42.8021482],[-0.8514406,42.8075866],[-0.8572513,42.8333771],[-0.856833,42.8468853],[-0.8483927,42.8472777],[-0.8367099,42.8612229],[-0.8185335,42.8693666],[-0.8199997,42.8725732],[-0.8147169,42.8769117],[-0.8164385,42.8843284],[-0.8136323,42.8882008],[-0.8192419,42.8892083],[-0.819095,42.9006685],[-0.8011291,42.9078436],[-0.7832127,42.9217253],[-0.7534742,42.9244952],[-0.7456788912290782,42.91995482457435],[-0.759665,42.946501],[-0.786433,42.953271],[-0.863534,42.943065],[-0.943219,42.947896],[-0.98146,42.957043],[-1.01629,42.976241],[-1.028485,42.986705],[-1.079697,42.993398],[-1.112408,43.008254],[-1.149925,43.005722],[-1.182533,43.025282],[-1.216898,43.03926],[-1.274879,43.046831],[-1.293689,43.055203],[-1.310587,43.069491],[-1.315083,43.082875],[-1.30697,43.095975],[-1.286041,43.109179],[-1.308623,43.113571],[-1.331051,43.107344],[-1.3460563,43.0907342],[-1.3399423,43.0810665],[-1.3440213,43.0731107],[-1.3428186,43.054059],[-1.3538887,43.0282948],[-1.3717307484974086,43.03196660048372],[-1.383141,43.029209],[-1.410529,43.030915],[-1.435024,43.035721],[-1.457141,43.045074],[-1.47528,43.060138],[-1.487837,43.081816],[-1.425774,43.135275],[-1.410529,43.166901],[-1.399677,43.206744],[-1.403501,43.243331],[-1.432233,43.265009],[-1.466392,43.260771],[-1.508094,43.276765],[-1.539204,43.283561],[-1.559047,43.284077],[-1.557016,43.2794061],[-1.5751906,43.249933],[-1.5835396,43.2544317],[-1.598477,43.247],[-1.621886,43.247],[-1.639043,43.255681],[-1.647983,43.281545],[-1.645037,43.292372],[-1.683019,43.304929],[-1.736556,43.29232],[-1.7485826642317077,43.29296083913328],[-1.7647009,43.2864229],[-1.7732135,43.2890898],[-1.783243,43.2868198],[-1.7865394,43.2797325],[-1.7941941,43.276468],[-1.79128,43.2693],[-1.7951832,43.2646346],[-1.7950639,43.246278],[-1.804055,43.2443235],[-1.8075206,43.2390382],[-1.8192644,43.2386919],[-1.825548,43.2283026],[-1.8347787,43.2285501],[-1.8336643,43.2243518],[-1.8473569,43.2236712],[-1.8493576,43.2279324],[-1.8523867,43.2259729],[-1.8524892,43.2185363],[-1.8571522,43.218709],[-1.8541906,43.2157799],[-1.8604734,43.2175446],[-1.860575,43.2120888],[-1.8666811,43.2180655],[-1.8646299,43.2244383],[-1.8676943,43.2305016],[-1.872951,43.2259073],[-1.8764499,43.2318305],[-1.8809267,43.228777],[-1.8774692,43.2232684],[-1.8806571,43.2206344],[-1.8738668,43.2203066],[-1.8806637,43.2182572],[-1.8797685,43.2147007],[-1.8758528,43.2174266],[-1.8777536,43.2138074],[-1.874718,43.2121838],[-1.8817236,43.2121355],[-1.8819075,43.2067885],[-1.8872428,43.2146205],[-1.8901705,43.2072832],[-1.8922699,43.2103111],[-1.9032573,43.2113084],[-1.9082307,43.2168219],[-1.9033793,43.2189186],[-1.9106752,43.2212755],[-1.9098366,43.2268772],[-1.914152,43.2251714],[-1.9109768,43.2043496],[-1.9157422,43.1924456],[-1.9220457,43.1867152],[-1.9228832,43.1789881],[-1.9156051,43.164593],[-1.9206885,43.1506295],[-1.9050589,43.1443306],[-1.901952,43.1358544],[-1.9163412,43.1280045],[-1.9236674,43.1154491],[-1.9393994,43.1084013],[-1.9382523,43.1057973],[-1.948615,43.099905],[-1.9475253,43.0975267],[-1.9715829,43.0932524],[-1.9696322,43.086589],[-1.9720255,43.0845857],[-2.0122785,43.0733686],[-2.024404,43.0666217],[-2.01918,43.0580571],[-2.0195536,43.0492626],[-2.0314886,43.0318649],[-2.0412373,43.0286594],[-2.0394918,43.0158035],[-2.0318338,43.0067139],[-2.0326249,42.9993622],[-2.0285028,42.9986596],[-2.0383383,42.9809944],[-2.0504146,42.9796907],[-2.0525759,42.9763228],[-2.0844214,42.9757269],[-2.0952354,42.9725533],[-2.098596,42.9599369],[-2.1048479,42.9532503],[-2.103729,42.9492613],[-2.1176322,42.9422465],[-2.1295007,42.9393748],[-2.157054,42.9426012],[-2.1659375,42.9358779],[-2.1809603,42.9351265],[-2.1800156,42.9379653],[-2.1902673,42.9477998],[-2.1991351,42.9511762],[-2.2102697,42.9499217],[-2.2206586,42.9338687],[-2.2329896,42.932144],[-2.2388282,42.9210683],[-2.2385115,42.8955797],[-2.248711,42.8970439],[-2.2531062,42.8926143],[-2.2414573,42.8857725],[-2.2408883,42.8627303],[-2.2333739,42.841726],[-2.2359609,42.8341349],[-2.2679082,42.813242],[-2.2705997,42.8087216],[-2.2688591,42.7945531],[-2.2811418,42.7850383],[-2.262201,42.7478667],[-2.2673135,42.7478719],[-2.2733885,42.742159],[-2.2859796,42.742784],[-2.3041301,42.7357448],[-2.3129664,42.7353429],[-2.3170506,42.7392094],[-2.318688,42.7296201],[-2.3240256,42.7229381],[-2.3127122,42.7085253],[-2.3121936,42.6878237],[-2.316885,42.6825178],[-2.3117065,42.6805329],[-2.3094003,42.6710077],[-2.3049865,42.669875],[-2.3064735,42.6751597],[-2.2936621,42.6773975],[-2.2890303,42.6548233],[-2.2939992,42.6510099],[-2.3120744,42.6520485],[-2.3317778,42.6459206],[-2.3447007,42.6341542],[-2.3658371,42.6369428],[-2.3823073,42.6338488],[-2.3719302,42.6431816],[-2.3818966,42.6473517],[-2.3768131,42.650716],[-2.3949614,42.6607728],[-2.4158593,42.6626537],[-2.4501969,42.6469705],[-2.4546408,42.6343988],[-2.4627148,42.6281425],[-2.4714501,42.6272484],[-2.4826393,42.6119606],[-2.4999443,42.616265]]],[[[-1.189014,42.4037566],[-1.1846686,42.400852],[-1.1592831,42.4094608],[-1.1547086,42.413782],[-1.1520987,42.4240243],[-1.154152,42.4277857],[-1.1453011,42.4364862],[-1.1452155,42.4417396],[-1.1541529,42.4414201],[-1.1625476,42.4325044],[-1.1824682,42.4250863],[-1.1809905,42.4173361],[-1.189014,42.4037566]]],[[[-1.1294148,42.4466204],[-1.0615954,42.4333628],[-1.0517285,42.4398865],[-1.0543639,42.4486216],[-1.0638897,42.4532866],[-1.0696494,42.4664948],[-1.0875881,42.4752788],[-1.0851979,42.4835672],[-1.0976418,42.4863428],[-1.1027852,42.4848431],[-1.1188672,42.4613788],[-1.1258604,42.4569006],[-1.1294148,42.4466204]]]]}},{"type":"Feature","id":"ribera-del-duero","properties":{"name":"Ribera del Duero","slug":"ribera-del-duero","parent_iso_a3":"ESP","source_name":"OpenStreetMap via Nominatim","source_url":"https://nominatim.openstreetmap.org/","source_license":"ODbL 1.0","source_queries":"Ribera del Duero, Spain => Aranda de Duero, Castilla y León, España | Aranda de Duero, Burgos, Spain => Aranda de Duero, Burgos, Castilla y León, España"},"geometry":{"type":"Polygon","coordinates":[[[-4.0908146,41.83872],[-4.0900674,41.8308642],[-4.0587148,41.8048305],[-4.0488829,41.802777],[-4.0429889,41.7911218],[-4.0379981,41.7898519],[-4.0389955,41.7718205],[-4.0408766,41.768354],[-4.0495844,41.7682028],[-4.0557872,41.7406849],[-4.0690953,41.7411655],[-4.076701,41.733565],[-4.0763599,41.7260836],[-4.06812,41.7265477],[-4.0529416,41.7195633],[-4.0260381,41.6923814],[-4.0240724,41.6669192],[-4.0340711,41.6191479],[-4.0287144,41.6144043],[-4.01779,41.620365],[-4.0116994,41.6169873],[-4.0059268,41.6193619],[-4.0033174,41.6159622],[-4.0087343,41.6100332],[-3.992859,41.6086587],[-3.9924449,41.6004388],[-3.9844082,41.5974908],[-3.9816307,41.5836616],[-3.9638275,41.5860824],[-3.9604921,41.5779769],[-3.9530478,41.5734361],[-3.9207766,41.5663763],[-3.8945541,41.5521534],[-3.8857818,41.5323056],[-3.8751339,41.5347469],[-3.8679469,41.5324773],[-3.8427249,41.5010125],[-3.8341525,41.4996428],[-3.8238777,41.4811343],[-3.7876414,41.4858648],[-3.7982214,41.491926],[-3.8004358,41.4985852],[-3.796831,41.5026276],[-3.805016,41.5162891],[-3.7990594,41.5182132],[-3.8037882,41.5245756],[-3.7962113,41.5224755],[-3.7840919,41.5273148],[-3.7809187,41.5335786],[-3.7661888,41.5379294],[-3.7715307,41.5223466],[-3.7670084,41.505776],[-3.7708618,41.4992828],[-3.7697523,41.460152],[-3.7441378,41.4610591],[-3.7394831,41.4507842],[-3.7290982,41.457622],[-3.7324061,41.4698897],[-3.7237189,41.4792045],[-3.7290539,41.483927],[-3.7281864,41.5027765],[-3.7248879,41.5078505],[-3.7283047,41.5176382],[-3.7091353,41.5245205],[-3.7069169,41.5302464],[-3.6993685,41.5339224],[-3.6915469,41.5345369],[-3.6815395,41.5519266],[-3.6610475,41.5660782],[-3.6452521,41.5721028],[-3.6261236,41.5700108],[-3.6168364,41.577158],[-3.6088025,41.5661231],[-3.6046954,41.5655774],[-3.6007232,41.5704797],[-3.5726223,41.5653993],[-3.5712003,41.5686937],[-3.5745202,41.5724692],[-3.5665138,41.579957],[-3.5415674,41.5776072],[-3.5361358,41.5864676],[-3.5504383,41.5965878],[-3.5406817,41.597768],[-3.5414413,41.6081671],[-3.5291537,41.6126272],[-3.5100076,41.5971849],[-3.4816288,41.5974493],[-3.4795552,41.5945758],[-3.4753609,41.5969526],[-3.4682582,41.5922258],[-3.4684745,41.5889736],[-3.4591562,41.589632],[-3.4409471,41.6183789],[-3.4353537,41.6220296],[-3.4404705,41.6294589],[-3.4365462,41.6385884],[-3.4297529,41.6462783],[-3.4190624,41.6441015],[-3.416601,41.6478841],[-3.417724,41.6562382],[-3.4270221,41.6582581],[-3.4289176,41.6831106],[-3.4199769,41.6885025],[-3.4214802,41.6959911],[-3.4097873,41.6980325],[-3.405992,41.7059992],[-3.3943618,41.7145514],[-3.3894992,41.7333394],[-3.3921556,41.7370956],[-3.4128853,41.7442114],[-3.4198492,41.7552746],[-3.4532486,41.7664887],[-3.4556551,41.7647318],[-3.4702551,41.7789228],[-3.4594861,41.7841094],[-3.4584023,41.7907792],[-3.4625303,41.7941044],[-3.430862,41.8118905],[-3.4431598,41.8214637],[-3.4468932,41.8319608],[-3.4356145,41.8434792],[-3.4442817,41.8758722],[-3.4514873,41.870575],[-3.4869799,41.8600005],[-3.4932732,41.8715302],[-3.5107567,41.8743186],[-3.5125644,41.8788593],[-3.5387995,41.8901249],[-3.5597589,41.8939701],[-3.5839712,41.885374],[-3.5817324,41.8764051],[-3.5894453,41.8685025],[-3.5889428,41.8636412],[-3.5930143,41.8622151],[-3.5985951,41.8339574],[-3.6261246,41.8386931],[-3.653977,41.8321344],[-3.6766196,41.844875],[-3.6969216,41.8464743],[-3.7230945,41.8430254],[-3.7279018,41.8036796],[-3.7581807,41.7958195],[-3.7672121,41.796165],[-3.7689994,41.8027192],[-3.7957738,41.8029427],[-3.8081778,41.8072066],[-3.8141705,41.8260879],[-3.820912,41.8316062],[-3.823163,41.8390749],[-3.8249468,41.8485735],[-3.820952,41.8631032],[-3.8439698,41.8726462],[-3.8559196,41.871414],[-3.8623645,41.8901452],[-3.8773945,41.8865187],[-3.8888421,41.8906731],[-3.9094803,41.8916555],[-3.9433025,41.8890587],[-3.961571,41.8959956],[-3.9797084,41.8933023],[-3.9806999,41.9006165],[-4.0173878,41.8794644],[-4.0375747,41.872772],[-4.0627711,41.8771171],[-4.0888251,41.8706497],[-4.0809449,41.8620775],[-4.0793188,41.8484476],[-4.0876574,41.8450456],[-4.0908146,41.83872]]]}},{"type":"Feature","id":"catalunya","properties":{"name":"Catalunya","slug":"catalunya","parent_iso_a3":"ESP","source_name":"OpenStreetMap via Nominatim","source_url":"https://nominatim.openstreetmap.org/","source_license":"ODbL 1.0","source_queries":"Catalonia, Spain => Catalunya, España | Catalunya, Spain => Catalunya, España"},"geometry":{"type":"MultiPolygon","coordinates":[[[[0.1594133,40.750486],[0.170151,40.7326473],[0.1842131,40.7273639],[0.1909557,40.7312402],[0.1972576,40.7241269],[0.2259678,40.7332357],[0.2245834,40.7255341],[0.2366988,40.7016914],[0.2411607,40.6999554],[0.2617742,40.7061545],[0.2701297,40.7030765],[0.2768874,40.6944006],[0.29184,40.6885527],[0.2923245,40.6851795],[0.2821238,40.6728525],[0.2742317,40.6696724],[0.2676717,40.6581593],[0.2693316,40.6480882],[0.2661984,40.6442233],[0.2822672,40.6275917],[0.2922923,40.6232801],[0.2984078,40.6260053],[0.3157827,40.614033],[0.3370058,40.6087766],[0.3710657,40.6050356],[0.3883932,40.6067431],[0.4019624,40.6023808],[0.4063808,40.597252],[0.4046033,40.5948278],[0.4201817,40.5854598],[0.4313685,40.5794537],[0.4439444,40.5782233],[0.4334116,40.5653794],[0.4387582,40.5463354],[0.5096355,40.5238626],[0.5146896,40.5229822],[0.5231111,40.5436046],[0.5342694,40.551926],[0.5303462,40.5515041],[0.5383941,40.5677397],[0.5483109502797693,40.57195613993218],[0.563487,40.590033],[0.5906368,40.6130726],[0.5984244593273738,40.6130187937949],[0.5932082,40.616298],[0.5985473,40.6190823],[0.598579,40.6152168],[0.6024562,40.6170067],[0.59818,40.6199483],[0.606620110836696,40.621985432642795],[0.6034603,40.6154981],[0.6085005,40.6166022],[0.6079463929067396,40.62206364547645],[0.6412337418626426,40.62402665013852],[0.692969,40.6363919],[0.6928065,40.6398252],[0.6945255,40.6364103],[0.7329482,40.6402399],[0.7456033,40.6361469],[0.731146,40.6171389],[0.7137707,40.6016003],[0.7075113,40.5906575],[0.6952471923872537,40.58989989379694],[0.663178,40.574734],[0.6448934114085582,40.58456900295764],[0.637583,40.5823337],[0.616258694941336,40.5844504653864],[0.6145013,40.5792672],[0.5962500317492203,40.57746539094218],[0.616937074099028,40.55356530898542],[0.64796,40.556912],[0.677094,40.565172],[0.7008327,40.5800372],[0.756358,40.642239],[0.784028,40.660956],[0.8221224787178496,40.66949096455828],[0.8557382,40.6848477],[0.8724606208778461,40.707972305255694],[0.873537138607535,40.72797782501188],[0.8648817,40.720731],[0.8458927,40.7282231],[0.8582232947762836,40.73206109854624],[0.83992,40.730582],[0.8275442,40.7344796],[0.780528,40.779486],[0.766938,40.78502],[0.750173,40.785997],[0.783351,40.772509],[0.7827276,40.7676889],[0.7809493,40.7700778],[0.769439,40.762443],[0.7624508,40.7617586],[0.7293093,40.7697992],[0.694835,40.785997],[0.7021071609986128,40.79696644359637],[0.7009916,40.8069063],[0.7112549800997083,40.81076515977969],[0.822765,40.899604],[0.826523,40.9083366],[0.8338384,40.9117035],[0.8336152,40.9160042],[0.8357941,40.9135075],[0.8367229,40.9189252],[0.8528163902496827,40.92992355413583],[0.8622157,40.9470894],[0.8742207475511077,40.951518913437056],[0.8809313,40.9599878],[0.9154447,40.9873786],[0.9212833700410671,40.987731687553186],[0.9372062026196377,40.99970256882912],[0.9410284,41.0065408],[0.9852114,41.0399415],[1.0497044,41.063843],[1.1262701,41.0748496],[1.1438272,41.0717966],[1.172944,41.058661],[1.1833353,41.0669035],[1.179277,41.0694415],[1.1868265,41.0813639],[1.1925143,41.0851044],[1.1960965,41.0827133],[1.1919031,41.0878117],[1.1968618,41.0908638],[1.2009820474228055,41.08755438261996],[1.1972711,41.0908773],[1.1988493,41.0940125],[1.203406037140676,41.090848101724035],[1.2048172,41.0957192],[1.217784,41.104682],[1.2706788039021966,41.113405396044115],[1.2775666,41.1198481],[1.2966825,41.1274214],[1.3309737111375866,41.12842827097157],[1.539236,41.187445],[1.62436,41.192165],[1.819835,41.237128],[1.8619494065841717,41.23770832456038],[1.8694955,41.2429476],[1.9209769,41.2565414],[1.9212883,41.2595201],[1.9288563,41.2595762],[1.9211724,41.2555823],[1.9394944,41.2629206],[2.021359067645329,41.26621136913488],[2.060313,41.274604],[2.130544,41.303656],[2.1550190349429243,41.32085548199107],[2.1520686,41.321768],[2.1538251,41.3275226],[2.159123,41.3271493],[2.1662391,41.3411711],[2.1568435,41.342293],[2.1488238,41.3299727],[2.144278,41.3347455],[2.1495681,41.3366763],[2.1509158,41.3464852],[2.1533088,41.3427025],[2.1633454,41.3486289],[2.1669062,41.347144],[2.1730549,41.3565153],[2.1709307,41.3602517],[2.1754746,41.3586415],[2.1734844,41.3620391],[2.1807766,41.3658488],[2.1765255,41.3671374],[2.1770929,41.3721396],[2.1820578,41.3703449],[2.1779776,41.3741423],[2.1823048,41.3795522],[2.1830563,41.3743386],[2.184664,41.3807064],[2.1872794,41.3775567],[2.1849137,41.3726429],[2.1875438,41.3731532],[2.1847778,41.3718367],[2.1851472,41.3681047],[2.1871992,41.3700043],[2.1849339,41.3652546],[2.1892317,41.3665742],[2.1853612,41.3577346],[2.1918919,41.369846],[2.1907294,41.3749931],[2.1999862,41.3851923],[2.1983267,41.3868849],[2.2027294,41.3866053],[2.1998791,41.3833613],[2.2036206,41.3874161],[2.2020543,41.3899663],[2.2118486,41.3951342],[2.2177776,41.40405],[2.2283555,41.4084217],[2.2295684,41.4117946],[2.2250271,41.4132305],[2.2327380389008518,41.41451424062087],[2.2420027,41.4320944],[2.2408448,41.4360134],[2.2443434,41.4364235],[2.2427112,41.4311508],[2.2475195,41.4421666],[2.265176,41.4581202],[2.3048337,41.4750532],[2.3166811,41.4776809],[2.3120438,41.4735191],[2.3278994,41.4806655],[2.371349,41.489203],[2.462912,41.543217],[2.5085628,41.5596497],[2.5057789,41.5554082],[2.5131847,41.5617071],[2.5498855,41.5771976],[2.5604461,41.5748943],[2.5636431,41.5795521],[2.6299845,41.6031445],[2.7190253,41.6292534],[2.7452737,41.6420973],[2.7745751,41.6485854],[2.7915738,41.6723664],[2.7992576,41.6756383],[2.8011996,41.6725451],[2.8161284,41.6824542],[2.8196583,41.6890057],[2.8549272,41.7001657],[2.875310625424302,41.701602431293956],[2.900607499205442,41.70665322417968],[2.9032068,41.710175],[2.91025743442848,41.70838878843869],[2.9339112,41.7147286],[2.9349993,41.7205458],[2.9770558,41.7575025],[2.9977838,41.7629649],[3.0596697844580163,41.7950921300068],[3.0667223,41.800817],[3.0647358,41.8043489],[3.0710969,41.8184084],[3.10215,41.8449953],[3.1219819,41.8481493],[3.1367219154346784,41.84624543129248],[3.1448967,41.8496561],[3.1426361,41.8564975],[3.1516322,41.8620027],[3.1589972,41.8596155],[3.166375432775107,41.8624092348696],[3.179452969533732,41.87594388580116],[3.182631,41.887284],[3.1908356,41.8880549],[3.1943994,41.8936012],[3.1971880638878423,41.892939098515996],[3.2072952,41.9173309],[3.21788276350512,41.927466400878444],[3.2149485,41.9291125],[3.2205233,41.9348362],[3.2142768,41.9365666],[3.2180152,41.9426448],[3.2329142311258545,41.95007527739258],[3.2292917,41.9547091],[3.234037,41.9607004],[3.2301106,41.9601221],[3.2269507,41.9642387],[3.2318071,41.9659145],[3.2301724,41.970018],[3.2215338,41.9744082],[3.2104362,41.9736147],[3.1958304,42.0110692],[3.1941398,42.0269466],[3.1974253,42.0461428],[3.2012312,42.0516797],[3.2055707,42.0515639],[3.2004977,42.0532446],[3.206991128723118,42.051502688187064],[3.2126901351791917,42.05574844582974],[3.2136496304796864,42.06130577482392],[3.2097323,42.0615948],[3.2089292,42.0656652],[3.2120626,42.0686813],[3.1986064,42.077603],[3.202014466139615,42.08215944816981],[3.1950425,42.0831967],[3.180413802841221,42.10473931854193],[3.17461,42.1025023],[3.1694167,42.1054518],[3.1750918898364318,42.11003128486801],[3.173106,42.112006],[3.1497684,42.1211604],[3.144961,42.1189583],[3.1489886,42.1169868],[3.1382365,42.1156201],[3.1367043,42.1265104],[3.1236751,42.1284409],[3.1194065,42.1387484],[3.1217159,42.1408482],[3.1182247,42.1414344],[3.1157345,42.1493357],[3.1117791,42.1754784],[3.1114054,42.2017789],[3.1158208,42.2190397],[3.1250234,42.2358364],[3.1364123,42.2456745],[3.1352255,42.2478549],[3.1496235,42.2596687],[3.1507351,42.2572656],[3.1652848,42.2646691],[3.1726903,42.2639092],[3.1745014,42.2612298],[3.171477,42.2599104],[3.179379,42.258458],[3.1756469,42.2540554],[3.1789176,42.2525027],[3.1810741,42.2558155],[3.1810589,42.2520994],[3.1771450061355755,42.25154079541655],[3.1818769620319,42.24869973244314],[3.1970077,42.2467903],[3.210134,42.239732],[3.226916584269079,42.2424432838689],[3.2308956,42.24506],[3.2267587,42.2491294],[3.229629,42.251566],[3.2376288,42.2474898],[3.2390963,42.2509912],[3.2439458,42.2496227],[3.2463458931702207,42.245582155151354],[3.263031,42.239854],[3.2655620460566572,42.243397118944024],[3.2539552,42.2442567],[3.2563374,42.2488683],[3.2536144,42.2525096],[3.2759384043012774,42.253528018311],[3.287591604627164,42.265433261282],[3.2872672,42.2709742],[3.2829208,42.2701837],[3.2767233,42.2798765],[3.2807712,42.280414],[3.2760671,42.2870244],[3.2806376,42.2887226],[3.292024571125546,42.28255259927651],[3.2954146223936056,42.29006427571673],[3.2862134,42.2932478],[3.2921129,42.2949905],[3.2885924,42.2978146],[3.2929998,42.3016981],[3.2865511,42.3035876],[3.2909012,42.3073909],[3.3003514,42.304396],[3.2980258,42.3067381],[3.3027549,42.3080614],[3.3027677,42.3114377],[3.310786672937302,42.312752362983595],[3.3170929659494752,42.32206001688337],[3.3117314,42.3247586],[3.3109909,42.3200245],[3.3069376,42.322536],[3.3080011,42.3267817],[3.3007727,42.3257374],[3.2942801,42.3299076],[3.2861385,42.3254196],[3.2857088,42.3315097],[3.2774582,42.3325685],[3.279902126891106,42.33635499540073],[3.269867,42.32921],[3.263031,42.32921],[3.2505496,42.3358144],[3.2499009,42.3296501],[3.2466975,42.3362869],[3.2395437,42.3374714],[3.2389661563781993,42.3428845888086],[3.2028325074853203,42.34038838024966],[3.2033988,42.3371723],[3.1965112,42.3349599],[3.1854318,42.343844],[3.1859464175529584,42.35107080514144],[3.1630625,42.3602735],[3.1675124,42.3679804],[3.1650452,42.3742972],[3.1594265,42.371716],[3.1551601,42.3799223],[3.1669918,42.3896744],[3.1632618,42.391768],[3.1597192,42.3889363],[3.1526739,42.393184],[3.1648708,42.4010675],[3.1625178,42.4045536],[3.1573271,42.4035537],[3.1560746,42.4073052],[3.1709509,42.4164185],[3.1703405,42.4245807],[3.1605035,42.4280969],[3.162538970528866,42.42911529702829],[3.085199,42.4258439],[3.053591,42.437643],[3.043876,42.445266],[3.029613,42.465652],[3.022998,42.467047],[2.983104,42.469321],[2.966051,42.461001],[2.933702,42.470225],[2.9245437,42.4586157],[2.91173899733524,42.45755185229753],[2.900835,42.45126],[2.850813,42.448366],[2.788594,42.412012],[2.767717,42.409557],[2.728546,42.414027],[2.708082,42.41289],[2.6728057412131996,42.395860434469434],[2.671249,42.3868357],[2.6592372252288077,42.38791232421212],[2.653313293060239,42.38444222725481],[2.6614489,42.378624],[2.6611277,42.3652284],[2.675244,42.3571387],[2.6755123,42.342314],[2.635425,42.337882],[2.567419,42.352636],[2.554031113543186,42.352367230923306],[2.5515445,42.341093],[2.5437195,42.3388422],[2.5420165,42.3338911],[2.5330040254930917,42.332778920211844],[2.525251,42.325893],[2.514812,42.325661],[2.464893,42.340621],[2.445566,42.351964],[2.429856,42.367544],[2.422518,42.383693],[2.375493,42.389326],[2.317305,42.409609],[2.277411,42.428626],[2.245992,42.426119],[2.184187,42.411805],[2.1379894921042006,42.41612614390117],[2.1241382,42.4077053],[2.1213317,42.3970608],[2.1148482,42.3945884],[2.1167823,42.3832668],[2.0894569,42.3738497],[2.0846708,42.3617626],[2.0727442429720204,42.36542433857416],[2.051688,42.352351],[2.0160531,42.3471021],[1.995671,42.348682],[1.963735,42.367234],[1.954227,42.382685],[1.941101,42.420099],[1.927458,42.436894],[1.911955,42.441958],[1.869787,42.44679],[1.813667,42.475238],[1.792686,42.481723],[1.730571,42.488054],[1.712323481094394,42.49460108001018],[1.7038417,42.4895387],[1.6934077119398099,42.4930511767576],[1.686336,42.490612],[1.6632468,42.4926328],[1.6624963,42.4739807],[1.6535853,42.4673114],[1.6401148449108907,42.467913073209665],[1.607478,42.456428],[1.581533394006891,42.45392925864305],[1.5788543,42.449886],[1.5747259288669988,42.453273627384455],[1.5577092794759275,42.45163474315544],[1.5598621,42.444606],[1.5510875,42.4326182],[1.508466,42.428677],[1.447901,42.434646],[1.436429,42.440951],[1.436429,42.453482],[1.407593,42.486762],[1.449968,42.504073],[1.446557,42.519886],[1.428987,42.531462],[1.406456,42.52924],[1.409764,42.540609],[1.4263,42.561796],[1.426403,42.565646],[1.418032,42.569832],[1.419272,42.579263],[1.429297,42.595386],[1.414828,42.609338],[1.397981,42.643626],[1.361084,42.686724],[1.338243,42.694449],[1.342584,42.70866],[1.319123,42.713363],[1.195927,42.713647],[1.162544,42.705689],[1.151485,42.706723],[1.134328,42.715973],[1.106733,42.759613],[1.08906,42.771318],[1.068182,42.776124],[0.982916,42.780361],[0.950257,42.796123],[0.921111,42.784366],[0.910363,42.787674],[0.885765,42.804236],[0.856102,42.812763],[0.812901,42.831624],[0.776314,42.832451],[0.724327,42.845293],[0.706757,42.846585],[0.679369,42.845112],[0.6626960736656645,42.840271006289946],[0.6593125,42.8369184],[0.6617645,42.8282195],[0.6692119,42.8243219],[0.6641451,42.813283],[0.6699685,42.8056727],[0.6689354,42.8016945],[0.659332,42.7978765],[0.6506061,42.7850758],[0.6448231,42.7829817],[0.6640849,42.7746097],[0.6645627,42.7717219],[0.6549992,42.7674488],[0.6463239,42.7562901],[0.6395345369563304,42.7547613622414],[0.6473137,42.7514226],[0.6609494,42.7520903],[0.6701598,42.7315577],[0.6800937,42.7234388],[0.6694292,42.7197688],[0.6828406,42.708933],[0.6739806,42.6994329],[0.6771254,42.6909747],[0.6618046,42.691374],[0.660016,42.6883796],[0.673496,42.6789863],[0.6803811,42.6659997],[0.6955739,42.6586166],[0.7017706,42.6405211],[0.6984317,42.629067],[0.7081082,42.6209283],[0.7381202,42.6122754],[0.7449328,42.6150881],[0.7679358,42.6097376],[0.7605562,42.5924856],[0.7573813,42.5685586],[0.7496802,42.5603026],[0.7498015,42.5527804],[0.740956,42.5439582],[0.7503909,42.5347895],[0.7353991,42.5402141],[0.7210838,42.5245098],[0.7237339,42.520768],[0.7202707,42.5130833],[0.7289777,42.5125567],[0.7396707,42.5051397],[0.7331488,42.5043353],[0.7296005,42.4972659],[0.7264351,42.4980533],[0.7133108,42.4872524],[0.7005007,42.4959058],[0.6979794,42.4863804],[0.6904857,42.4876217],[0.7091088,42.4584192],[0.7064823,42.4496552],[0.7108801,42.4355545],[0.7262345,42.4269312],[0.7357794,42.4128987],[0.7345202,42.4078616],[0.7259443,42.4052328],[0.7381501,42.3996399],[0.7460967,42.3847762],[0.7430514,42.3791131],[0.735298,42.3761608],[0.7342693,42.3715122],[0.7222243,42.3674202],[0.7461474,42.3568528],[0.7641606,42.3568025],[0.7713067,42.3506427],[0.7543038,42.3466362],[0.7404304,42.3366872],[0.7438059,42.3263473],[0.7567008,42.3265241],[0.765285,42.3228503],[0.7550351,42.3129452],[0.7561947,42.30925],[0.7447697,42.3009348],[0.7440212,42.2857001],[0.7377564,42.2821528],[0.73967,42.2700501],[0.7338845,42.2497622],[0.724644,42.2422859],[0.723928,42.2351971],[0.7148547,42.224824],[0.7175225,42.2195058],[0.7084075,42.2049439],[0.7072009,42.1917823],[0.7026188,42.1900396],[0.6987256,42.1723004],[0.7137167,42.1620941],[0.6961061,42.1520541],[0.6968547,42.1285808],[0.7024351,42.1199363],[0.6995508,42.1069638],[0.6955518,42.0991239],[0.6818571,42.0877799],[0.6827559,42.0812818],[0.6687816,42.0567801],[0.6710384,42.0463658],[0.6660197,42.0417589],[0.6567472,42.0403712],[0.6561902,42.030457],[0.6517098,42.0262506],[0.6569244,42.0148376],[0.6638393,42.0149769],[0.657288,42.0015982],[0.646592,41.9967433],[0.6419278,41.9820699],[0.638539,41.9946039],[0.6179497,41.9889253],[0.6191723,41.9832408],[0.61059,41.9776427],[0.6115757,41.971045],[0.6050362,41.9651023],[0.6055352,41.9598012],[0.5925976,41.9688947],[0.5869281,41.966776],[0.5859615,41.9618085],[0.5781371,41.9576046],[0.5618797,41.9382192],[0.56244,41.9326908],[0.6074871,41.9193153],[0.5946596,41.9174039],[0.6009848,41.9085429],[0.5927832,41.8844151],[0.6082221,41.8782574],[0.6071595,41.8717983],[0.5787557,41.863065],[0.5818537,41.8589709],[0.5795484,41.8511143],[0.554913,41.8527903],[0.5515667,41.8441322],[0.5534139,41.835088],[0.5438754,41.8208851],[0.5154611,41.8223536],[0.5021336,41.8143955],[0.4951783,41.8044858],[0.4832318,41.8014631],[0.4741024,41.7884179],[0.4695081,41.7662858],[0.3988242,41.7575892],[0.3951723,41.7314888],[0.3852894,41.7395668],[0.3732447,41.7234898],[0.3691647,41.7244419],[0.3686385,41.7139834],[0.3416151,41.6959644],[0.3260715,41.6751021],[0.3263384,41.6625173],[0.3334671,41.6598095],[0.348797,41.6365276],[0.358398,41.6317597],[0.3463701,41.6221789],[0.3496084,41.5987507],[0.4023685,41.5925301],[0.4286028,41.6021734],[0.4360237,41.5847676],[0.430394,41.5787306],[0.4331491,41.56926],[0.4297497,41.5652422],[0.4472831,41.5424762],[0.4179115,41.5170422],[0.3971302,41.4902492],[0.3726352,41.4845646],[0.3497651,41.4870175],[0.3386124,41.4810831],[0.3437746,41.4749707],[0.3407028,41.466574],[0.3567778,41.4516547],[0.3446715,41.4364953],[0.3499153,41.4280796],[0.3439001,41.4154777],[0.3200173,41.3941813],[0.3612255,41.3697519],[0.3744159,41.351788],[0.3673476,41.3413166],[0.3591012,41.3409979],[0.3484359,41.3288709],[0.3683137,41.318627],[0.3703122,41.3124447],[0.3666098,41.3013232],[0.3856642,41.2788442],[0.3785405,41.2673554],[0.377852,41.2537861],[0.3737091,41.2493509],[0.3813112,41.2364297],[0.3646047,41.2386757],[0.3641828,41.227674],[0.3608634,41.2255196],[0.340307,41.2310625],[0.3314309,41.2224995],[0.3212153,41.2240499],[0.3059393,41.1856752],[0.3049205,41.1718354],[0.3003998,41.1669304],[0.3019962,41.1609885],[0.2721468,41.1485615],[0.2529901,41.1501527],[0.2561497,41.1437051],[0.2478786,41.1301416],[0.213948,41.1372995],[0.2198323,41.1324249],[0.2009413,41.1260803],[0.209092,41.116673],[0.2005148,41.1022874],[0.2007002,41.084943],[0.2209373,41.0825343],[0.2150465,41.0774037],[0.2218407,41.072975],[0.2177946,41.0637911],[0.2304472,41.0552959],[0.2199887,41.0491945],[0.2177437,41.0436554],[0.2207428,41.0417342],[0.2331039,41.0471157],[0.2348879,41.0454084],[0.2299572,41.0389723],[0.2322024,41.0348757],[0.2420372,41.0344506],[0.2461145,41.0412377],[0.2578322,41.0294506],[0.2796583,41.0201668],[0.2619329,41.0192924],[0.258635,41.0146305],[0.2747618,41.0063103],[0.2684689,40.9983024],[0.2810872,40.9871629],[0.2821207,40.9724582],[0.289747,40.9740301],[0.2935008,40.970561],[0.2842484,40.964656],[0.2813052,40.9512165],[0.2757024,40.9507176],[0.2765977,40.9477184],[0.2716672,40.9449791],[0.2741414,40.9394087],[0.2718774,40.9329481],[0.2607604,40.9281945],[0.2549887,40.9211876],[0.2546181,40.9115856],[0.2483125,40.9092884],[0.2534939,40.9057168],[0.2495839,40.9015691],[0.2497544,40.895359],[0.2459968,40.8925469],[0.246008,40.8871969],[0.2387012,40.8839387],[0.2555293,40.8737961],[0.2509283,40.856203],[0.2558538,40.8526415],[0.2555224,40.8454917],[0.2591174,40.8454815],[0.2616911,40.8361728],[0.279896,40.8202082],[0.2723035,40.8194832],[0.2646036,40.8133252],[0.2577624,40.8002258],[0.2498333,40.7985224],[0.2335699,40.7869927],[0.2347508,40.7766655],[0.2294041,40.7712226],[0.2299666,40.7674332],[0.2116363,40.7677748],[0.2024997,40.7574878],[0.1957921,40.7583974],[0.1894246,40.7491202],[0.1844082,40.7553475],[0.1764396,40.7541863],[0.1756968,40.7411295],[0.1594133,40.750486]],[[0.6018641,40.6219544],[0.6065428,40.6227776],[0.6019125190330823,40.62187642479047],[0.6018641,40.6219544]],[[2.5554414,41.5793661],[2.562883,41.5793643],[2.558886764519446,41.57627903634246],[2.5554414,41.5793661]]],[[[0.5990781,40.6138367],[0.6018023,40.6160682],[0.6013204637480145,40.61594092814043],[0.5990781,40.6138367]]],[[[0.851344,40.7298335],[0.8539804,40.7291857],[0.8548406,40.7299304],[0.851344,40.7298335]]],[[[0.8563395,40.7302084],[0.8630328,40.7248951],[0.8646592,40.7258176],[0.8563395,40.7302084]]],[[[0.8612917,40.723622],[0.8626105,40.7230285],[0.8623688,40.7238661],[0.8612917,40.723622]]],[[[0.8618655756303052,40.731089923106566],[0.8662499,40.7273279],[0.8645917411557055,40.73036302007276],[0.8618655756303052,40.731089923106566]]],[[[2.1702271240978805,41.33397048456019],[2.1830123,41.3652225],[2.1719165,41.3490654],[2.1702271240978805,41.33397048456019]]],[[[2.2219461,41.4035631],[2.2223848,41.403651],[2.2233982,41.4053255],[2.2219461,41.4035631]]],[[[2.2298426,41.40902],[2.2329449,41.414695],[2.2327380389008518,41.41451424062087],[2.2298426,41.40902]]],[[[2.796577,41.6724584],[2.80046,41.6724494],[2.8004293626579813,41.67253065367595],[2.796577,41.6724584]]],[[[2.9807033,41.7578416],[2.981284,41.7578472],[2.9809382,41.7581061],[2.9807033,41.7578416]]],[[[3.1588914,42.3742437],[3.1592661,42.373929],[3.1590375,42.3742251],[3.1588914,42.3742437]]],[[[3.1999887,42.3409277],[3.201031388733783,42.34144984926101],[3.2004697156520483,42.341780864953485],[3.1999887,42.3409277]]]]}},{"type":"Feature","id":"rias-baixas","properties":{"name":"Rias Baixas","slug":"rias-baixas","parent_iso_a3":"ESP","source_name":"OpenStreetMap via Nominatim","source_url":"https://nominatim.openstreetmap.org/","source_license":"ODbL 1.0","source_queries":"Rias Baixas, Spain => Rias Baixas, PO-308, Montalbo, Arra, Sanxenxo, O Salnés, Pontevedra, Galicia, 36970, España | Pontevedra, Galicia, Spain => Pontevedra, Galicia, España"},"geometry":{"type":"MultiPolygon","coordinates":[[[[-8.9405267,42.4690578],[-8.9402961,42.4689589],[-8.9402102,42.4690855],[-8.9405267,42.4690578]]],[[[-8.9395129,42.4683139],[-8.939427,42.4682823],[-8.9393895,42.4683377],[-8.9395129,42.4683139]]],[[[-8.938930253486788,42.47406172340136],[-8.935455,42.465399],[-8.8843416,42.4564296],[-8.8753787,42.4467179],[-8.8709767,42.4350941],[-8.8753458,42.4332578],[-8.876295970752398,42.42839131112443],[-8.867502,42.4147],[-8.843577,42.403713],[-8.811025,42.400702],[-8.757639,42.407213],[-8.694488,42.439643],[-8.682525,42.441352],[-8.664377,42.437974],[-8.655263,42.441352],[-8.66551366407476,42.42471705702891],[-8.6561,42.425948],[-8.6526411,42.4327816],[-8.6558343,42.4236921],[-8.6648395,42.4209073],[-8.684986,42.4075],[-8.6848365,42.4044554],[-8.6964607,42.4041463],[-8.6936408,42.4017669],[-8.698322,42.402692],[-8.6983417,42.3997686],[-8.6909308,42.4003626],[-8.6960355,42.3959732],[-8.6980864,42.3976251],[-8.6953749,42.3948306],[-8.6993171,42.3946714],[-8.7016889,42.3991788],[-8.703371,42.3947569],[-8.7065779,42.3984595],[-8.7210718,42.3845243],[-8.725601,42.3852659],[-8.7296089,42.3758982],[-8.7345763,42.3738058],[-8.736904,42.3765783],[-8.7405737,42.3679481],[-8.745554,42.365864],[-8.7546929,42.3401189],[-8.761399,42.340102],[-8.7811985,42.3284091],[-8.7923805,42.327203],[-8.7995023,42.3320081],[-8.8002491,42.3385415],[-8.8206422,42.3374151],[-8.830719,42.34162],[-8.826273,42.3333675],[-8.8238213,42.3138381],[-8.8179273,42.3136671],[-8.8173133,42.3064149],[-8.8241212,42.2974449],[-8.8195903,42.2909252],[-8.8229592,42.2825082],[-8.8166076,42.2784676],[-8.8238818,42.2750025],[-8.8311828,42.2777571],[-8.8336424,42.2865046],[-8.8374591,42.286925],[-8.8386313,42.2915921],[-8.8476891,42.2926712],[-8.8476671,42.2989221],[-8.853261,42.304836],[-8.853424,42.291083],[-8.867502,42.256415],[-8.8562296,42.2613723],[-8.784983,42.260077],[-8.773915,42.268988],[-8.732609331013908,42.28319219439809],[-8.7314975,42.286921],[-8.699574,42.291164],[-8.674794,42.299018],[-8.649892,42.335598],[-8.633859,42.348364],[-8.6339405,42.3540008],[-8.6298562,42.354445],[-8.62775674547073,42.34802749934895],[-8.6164946,42.3503378],[-8.6118531,42.3452025],[-8.6160487,42.3400548],[-8.611785,42.336741],[-8.6160987,42.3307608],[-8.611501,42.32673],[-8.61654,42.32264],[-8.62234768457347,42.30856707585686],[-8.6141765,42.2994765],[-8.621057,42.290571],[-8.6108092,42.2874651],[-8.6220965,42.286836],[-8.624322,42.2903739],[-8.6227476,42.2871134],[-8.6266845,42.288412],[-8.6304576,42.2848613],[-8.643850191458256,42.29054824723999],[-8.664135288185784,42.282656650261224],[-8.6765646,42.2644927],[-8.6905601,42.2572617],[-8.6922627,42.2597653],[-8.6950646,42.257704],[-8.6952908,42.2614526],[-8.707199716222398,42.25618247623958],[-8.7056508,42.2511842],[-8.7101043,42.2506381],[-8.7114019,42.241818],[-8.727199146978156,42.24129284167573],[-8.7315935,42.2370311],[-8.7336623,42.2406552],[-8.7376844,42.2346382],[-8.7336317,42.2373803],[-8.7351821,42.2317804],[-8.741012,42.2262745],[-8.7510535,42.2255104],[-8.753081,42.230653],[-8.7471393,42.2291763],[-8.7398418,42.232649],[-8.752559307279109,42.23338259832317],[-8.761878021774166,42.22802863598539],[-8.7540694,42.2263074],[-8.757331,42.2237928],[-8.771962,42.222235],[-8.777949422220754,42.21656078180075],[-8.7757417,42.212057],[-8.7793901,42.2035137],[-8.809853173095169,42.19022637473849],[-8.8209094,42.1582817],[-8.8306297,42.1532232],[-8.838065,42.1584211],[-8.844734672809734,42.157422145063464],[-8.82372,42.14761],[-8.819081,42.139716],[-8.819579,42.1284183],[-8.8274044,42.1232361],[-8.8228769,42.1185042],[-8.8255209,42.1153063],[-8.8341888,42.1124834],[-8.8361852,42.1158111],[-8.841366,42.115004],[-8.8467659,42.1186794],[-8.8448824,42.1202854],[-8.8497725,42.1209563],[-8.8480666,42.1243777],[-8.8425266,42.12466],[-8.851667860179745,42.12651752542636],[-8.8520403,42.1225876],[-8.863244,42.120936],[-8.8683814,42.1148565],[-8.8744274,42.1151945],[-8.880413,42.1103276],[-8.8845598,42.1135292],[-8.896644728274618,42.112653823500736],[-8.898115577868479,42.10441078862845],[-8.8914224,42.0819985],[-8.896161890792202,42.07795379069693],[-8.894857335355338,42.065167675791464],[-8.889913,42.051146],[-8.885437,42.050885],[-8.8867997,42.0414023],[-8.882357,42.039844],[-8.884786,42.029836],[-8.889613,42.02599],[-8.885827,42.02496],[-8.8846158,42.0075651],[-8.8768694,42.0021559],[-8.8846783,41.9944127],[-8.886841133025703,41.9865998501584],[-8.879246125466565,41.91216020841155],[-8.8762683,41.9099708],[-8.879961788102715,41.90039336440231],[-8.8745383,41.8994308],[-8.880052408882108,41.89989647662502],[-8.8766405,41.8976268],[-8.880649917960499,41.89313655363428],[-8.864654,41.888902],[-8.832834,41.913967],[-8.7954,41.925686],[-8.777089,41.937161],[-8.750803,41.96898],[-8.67081,41.999815],[-8.659836013125057,42.0167281381088],[-8.6576213,42.0301016],[-8.6359301,42.0478741],[-8.5953564,42.0568724],[-8.572805,42.054411],[-8.554434,42.060069],[-8.5227935,42.0779533],[-8.501208,42.083091],[-8.346747,42.101695],[-8.329952,42.108439],[-8.29538,42.130091],[-8.270679,42.132003],[-8.252334,42.137584],[-8.222362,42.15363],[-8.21105061065202,42.14008212167969],[-8.2066149,42.1410172],[-8.2003409,42.148828],[-8.2005674,42.1536821],[-8.1807693,42.158372],[-8.1747087,42.1706832],[-8.1663326,42.1727453],[-8.1615301,42.1809386],[-8.1760455,42.1857023],[-8.177509,42.195008],[-8.1744994,42.2021753],[-8.1796862,42.209917],[-8.1922636,42.2091216],[-8.183109,42.2169551],[-8.1646059,42.2214383],[-8.1623446,42.2272662],[-8.1717484,42.2311627],[-8.1726718,42.2351901],[-8.1618435,42.244115],[-8.2034482,42.2445161],[-8.2121194,42.2358027],[-8.2294603,42.2329313],[-8.2373842,42.2374751],[-8.2416662,42.2449852],[-8.2504656,42.2453107],[-8.264581,42.252863],[-8.272903,42.2824133],[-8.2673808,42.2872772],[-8.2619575,42.3153802],[-8.284805,42.3176582],[-8.3052335,42.3399837],[-8.3247014,42.3450472],[-8.3250629,42.3520434],[-8.3174604,42.3562954],[-8.3245015,42.3692104],[-8.3147039,42.3809827],[-8.3382621,42.4334323],[-8.3391804,42.4413656],[-8.3358436,42.4480034],[-8.3420198,42.465702],[-8.3663444,42.4873477],[-8.3526205,42.4807624],[-8.3420729,42.4844339],[-8.3404903,42.4924031],[-8.3123079,42.4954454],[-8.3027283,42.4902097],[-8.2913746,42.4960566],[-8.2845695,42.5060854],[-8.2747625,42.5083931],[-8.2713678,42.5206673],[-8.2637333,42.5256826],[-8.2388595,42.5385113],[-8.2264054,42.5385055],[-8.2175812,42.5338583],[-8.199345,42.5518397],[-8.1843139,42.556907],[-8.1883298,42.5621533],[-8.18647,42.5651276],[-8.1738597,42.5719742],[-8.1616819,42.5574184],[-8.1468354,42.5486712],[-8.13565,42.554351],[-8.095462,42.5537012],[-8.0904957,42.5577577],[-8.0593779,42.5486874],[-8.048435,42.5549062],[-8.0186293,42.5422196],[-8.00245,42.5586571],[-8.0006592,42.566559],[-7.9924865,42.5724982],[-7.9670064,42.5663972],[-7.9300606,42.5788277],[-7.9127376,42.5916738],[-7.9123566,42.6009183],[-7.9074541,42.604127],[-7.9023231,42.6173026],[-7.8925517,42.6296324],[-7.8934109,42.6384006],[-7.8875172,42.6608813],[-7.8921019,42.6704804],[-7.8897132,42.6837091],[-7.8747604,42.6895699],[-7.8760063,42.6968992],[-7.8666835,42.6984851],[-7.8615289,42.7067083],[-7.8667106,42.71333],[-7.8663916,42.720636],[-7.8728673,42.7202249],[-7.9022308,42.7333555],[-7.9353704,42.739743],[-7.9411017,42.7480661],[-7.9524523,42.7539126],[-7.9675645,42.7714603],[-7.9784109,42.7787035],[-7.9819793,42.787974],[-7.980484,42.8113388],[-7.9708291,42.8280007],[-7.9564075,42.8397462],[-7.9643994,42.842226],[-7.9686013,42.8496057],[-7.9783044,42.8474815],[-7.9831014,42.8423297],[-8.0000608,42.8490247],[-8.0139372,42.8500998],[-8.0166524,42.8467196],[-8.0255158,42.8466829],[-8.0345455,42.8382725],[-8.0415085,42.8380013],[-8.046824,42.8314825],[-8.0546382,42.8329554],[-8.0543467,42.8371726],[-8.0641545,42.8368371],[-8.0649359,42.8404036],[-8.0602986,42.843085],[-8.0680224,42.8455243],[-8.0720624,42.8525651],[-8.0888542,42.8536545],[-8.1005735,42.8472437],[-8.1035395,42.849677],[-8.1044857,42.8451333],[-8.1114111,42.8470652],[-8.1168461,42.841186],[-8.1206137,42.850488],[-8.1390635,42.843114],[-8.1410789,42.8470475],[-8.1512902,42.8465512],[-8.1632163,42.8512071],[-8.1656559,42.855364],[-8.1832729,42.8601382],[-8.2055082,42.8432908],[-8.2129692,42.8463174],[-8.2207996,42.8442941],[-8.2128441,42.8340974],[-8.2059954,42.8322223],[-8.2072723,42.8251599],[-8.2257376,42.8255676],[-8.2351842,42.8328502],[-8.2457476,42.8276029],[-8.2459831,42.8334078],[-8.2545686,42.8367041],[-8.2768794,42.82164],[-8.273969,42.8132712],[-8.2794726,42.8108969],[-8.2882849,42.8178863],[-8.2995874,42.8189047],[-8.2990154,42.8246479],[-8.2930464,42.8293577],[-8.3103241,42.830331],[-8.3150976,42.8458487],[-8.3252855,42.8311859],[-8.329946,42.8418906],[-8.3396787,42.8406416],[-8.3459779,42.8322466],[-8.3418298,42.8280184],[-8.3341298,42.8302059],[-8.3304439,42.8273172],[-8.3342709,42.8178027],[-8.3302081,42.8110965],[-8.333441,42.8005663],[-8.3314413,42.7944498],[-8.3478246,42.7888417],[-8.3478142,42.7839137],[-8.3547191,42.7788188],[-8.3610013,42.7836285],[-8.3797184,42.7841168],[-8.3831834,42.785313],[-8.382925,42.7895113],[-8.3920788,42.7893586],[-8.3887735,42.7808722],[-8.3914393,42.7766773],[-8.3998123,42.7806244],[-8.4038889,42.7724525],[-8.4152216,42.7649728],[-8.4067406,42.7566687],[-8.4079301,42.7535352],[-8.4226761,42.7543271],[-8.4318787,42.7459126],[-8.4475581,42.7480204],[-8.4702174,42.7436523],[-8.4931413,42.7565737],[-8.5108928,42.7554986],[-8.5180641,42.7511102],[-8.5307793,42.7561663],[-8.5342943,42.7520658],[-8.5456621,42.7534728],[-8.5486819,42.760735],[-8.5534488,42.7613044],[-8.5597258,42.7571165],[-8.5551398,42.7463245],[-8.5823466,42.7410689],[-8.5996711,42.7432859],[-8.608685,42.7282017],[-8.6102869,42.7221452],[-8.606907,42.7139207],[-8.6093437,42.7122437],[-8.6085212,42.7156172],[-8.6139313,42.7145591],[-8.6165066,42.7188705],[-8.6239631,42.7142544],[-8.6509435,42.729153],[-8.6549903,42.7204996],[-8.6755894,42.7178569],[-8.6781821,42.7116335],[-8.718301,42.7060031],[-8.7250436,42.6990397],[-8.7228387,42.6928578],[-8.7285411,42.6853378],[-8.723715,42.6785645],[-8.729792,42.6706209],[-8.7288323,42.6668224],[-8.739311,42.661016],[-8.7416189,42.6484143],[-8.753030412047806,42.64224966808194],[-8.772259265537722,42.61013738332036],[-8.7683332,42.6073333],[-8.7681291,42.6016515],[-8.7725334,42.6023015],[-8.7675055,42.6005186],[-8.7708481,42.5994956],[-8.7719297,42.5937157],[-8.7742029,42.5971303],[-8.781791,42.595656],[-8.78112071807677,42.59926314466718],[-8.784125,42.5932685],[-8.7909395,42.5910649],[-8.7915768,42.5857201],[-8.7961494,42.5867677],[-8.7957374,42.5798168],[-8.8011404,42.5820783],[-8.8077998,42.575935],[-8.816973149980305,42.577357128212434],[-8.822987,42.569525],[-8.82536207628182,42.55953357740428],[-8.8198932,42.5624762],[-8.8185834,42.5592583],[-8.8228485,42.5530788],[-8.82631620042212,42.55551978737678],[-8.825185,42.537421],[-8.8154405,42.5170042],[-8.8131413,42.4976808],[-8.800316,42.505472],[-8.791126,42.505071],[-8.802055,42.504192],[-8.809706,42.49766],[-8.8096769,42.4935401],[-8.8185544,42.4897175],[-8.825075753196389,42.49380862422527],[-8.819633,42.4516749],[-8.8319175,42.4580392],[-8.8364751,42.454711],[-8.83945269040652,42.45924017650404],[-8.8451033,42.4554983],[-8.8482253,42.4601556],[-8.850381,42.458193],[-8.8475494,42.4558496],[-8.856985,42.450502],[-8.8695168,42.4481604],[-8.872732,42.461557],[-8.866619750657573,42.46555357316644],[-8.874338,42.469306],[-8.861155,42.475572],[-8.860829,42.485012],[-8.869008,42.493394],[-8.881256,42.496568],[-8.890222763516581,42.49493341788023],[-8.8918533,42.4887137],[-8.886598,42.4920473],[-8.8831864,42.4882533],[-8.8897806,42.4813964],[-8.891928,42.486345],[-8.8944078,42.481121],[-8.9091126,42.475131],[-8.935112890524485,42.478987271673944],[-8.938930253486788,42.47406172340136]]],[[[-8.855871557145955,42.46207936451579],[-8.8558012,42.4620428],[-8.855808199952532,42.46206002737709],[-8.855871557145955,42.46207936451579]]],[[[-8.8552527,42.4564987],[-8.854197,42.456915],[-8.855236,42.45743],[-8.8552527,42.4564987]]],[[[-8.855238,42.456403],[-8.854548,42.454862],[-8.853852,42.456145],[-8.855238,42.456403]]],[[[-8.854094,42.4573378],[-8.8536863,42.4561742],[-8.8523774,42.4571557],[-8.854094,42.4573378]]],[[[-8.8524415,42.4573389],[-8.8521842,42.4568153],[-8.8507065,42.4581069],[-8.8524415,42.4573389]]],[[[-8.824632,42.555691],[-8.8232808,42.5542732],[-8.8230938,42.555331],[-8.824632,42.555691]]],[[[-8.8237325,42.5579474],[-8.8226149,42.5579102],[-8.8229758,42.5591653],[-8.8237325,42.5579474]]],[[[-8.820462,42.4975494],[-8.8193038,42.4969609],[-8.8186912,42.498276],[-8.820462,42.4975494]]],[[[-8.816298,42.496901],[-8.8143675,42.4969395],[-8.814908,42.497925],[-8.816298,42.496901]]],[[[-8.8138047,42.5787057],[-8.8135558,42.5788174],[-8.8137743,42.5788934],[-8.8138047,42.5787057]]],[[[-8.8137979,42.577181],[-8.8131005,42.5769874],[-8.8136316,42.5772955],[-8.8137979,42.577181]]],[[[-8.8123227,42.5771889],[-8.8122422,42.5768926],[-8.8118399,42.5772521],[-8.8123227,42.5771889]]],[[[-8.8087847,42.583237],[-8.808304,42.5831644],[-8.8079466,42.5836998],[-8.8087847,42.583237]]],[[[-8.7547879,42.3495764],[-8.7537266,42.3491829],[-8.7530806,42.3504087],[-8.7547879,42.3495764]]],[[[-8.7278321,42.2412718],[-8.727199146978156,42.24129284167573],[-8.7244624,42.243947],[-8.7278321,42.2412718]]]]}},{"type":"Feature","id":"jerez","properties":{"name":"Jerez","slug":"jerez","parent_iso_a3":"ESP","source_name":"OpenStreetMap via Nominatim","source_url":"https://nominatim.openstreetmap.org/","source_license":"ODbL 1.0","source_queries":"Jerez de la Frontera, Cadiz, Spain => Jerez de la Frontera, Campiña de Jerez, Cádiz, Andalucía, España"},"geometry":{"type":"MultiPolygon","coordinates":[[[[-6.3061225,36.721596],[-6.2767431,36.7092713],[-6.2554687,36.7060978],[-6.2393483,36.6937064],[-6.239125,36.6843862],[-6.2286496,36.6735964],[-6.2086679,36.6643687],[-6.2021598,36.6565782],[-6.1940478,36.65676],[-6.1747173,36.6419401],[-6.1555121,36.6376835],[-6.1396142,36.615134],[-6.1396548,36.6048331],[-6.1488588,36.6035991],[-6.1531131,36.5993865],[-6.1323158,36.5936],[-6.1164988,36.5734871],[-6.0915538,36.5631791],[-6.0854145,36.566384],[-6.0700148,36.5645469],[-6.0616166,36.5580944],[-6.0419247,36.56296],[-6.022354,36.549499],[-6.0161199,36.5523243],[-6.0094564,36.5619458],[-6.002574,36.5593168],[-5.9884432,36.5465512],[-5.9984528,36.5419923],[-5.9971302,36.5285623],[-5.9802447,36.521515],[-5.9801308,36.518544],[-5.9516083,36.5256788],[-5.9187195,36.5287955],[-5.8982216,36.5354686],[-5.8512431,36.5346279],[-5.8230646,36.5394531],[-5.7960338,36.5492644],[-5.7346172,36.556385],[-5.7157596,36.556023],[-5.6639956,36.5443486],[-5.6352955,36.5267185],[-5.6078525,36.5162096],[-5.6062471,36.525266],[-5.6117767,36.5416015],[-5.5997058,36.5506793],[-5.5745647,36.5484129],[-5.56704,36.5424467],[-5.543904,36.5385445],[-5.5395102,36.535673],[-5.5370653,36.5271543],[-5.5221629,36.5317873],[-5.5127677,36.5423859],[-5.5020575,36.5476129],[-5.489554,36.57046],[-5.4769654,36.5740749],[-5.4608165,36.5887845],[-5.4571812,36.6020901],[-5.4559136,36.6195827],[-5.4642818,36.6215008],[-5.4775318,36.6337536],[-5.4885954,36.6377049],[-5.4911453,36.6443119],[-5.5121493,36.6567226],[-5.5309947,36.6593789],[-5.531637,36.664304],[-5.5389614,36.6696637],[-5.546451,36.662348],[-5.5625001,36.6602193],[-5.5695502,36.6434757],[-5.5860603,36.6439025],[-5.5949599,36.6401581],[-5.6056354,36.6257487],[-5.6034111,36.6227782],[-5.6252137,36.6244448],[-5.6481123,36.6077881],[-5.6675833,36.5986571],[-5.6599625,36.5755939],[-5.6606125,36.5665311],[-5.6685965,36.5524468],[-5.6774406,36.5523657],[-5.680856,36.5623105],[-5.6905144,36.5631293],[-5.6897509,36.5678509],[-5.6947913,36.5756137],[-5.7077274,36.572013],[-5.7051573,36.5668804],[-5.7137553,36.5699383],[-5.7156865,36.5654243],[-5.7237519,36.5666732],[-5.7317975,36.5724281],[-5.7261357,36.5788662],[-5.7282456,36.5842071],[-5.7487307,36.5757517],[-5.7623782,36.5655319],[-5.7687831,36.5668792],[-5.7790157,36.5631084],[-5.7972647,36.5499475],[-5.8058446,36.5530802],[-5.8434201,36.5533703],[-5.8545452,36.5503287],[-5.869615,36.5524992],[-5.8547113,36.5800368],[-5.8521509,36.5915341],[-5.8582925,36.6471159],[-5.8543085,36.6694615],[-5.8800828,36.679069],[-5.8896874,36.6735283],[-5.8946099,36.6768152],[-5.9025439,36.675081],[-5.9272997,36.6980581],[-5.9460432,36.7273516],[-5.9244107,36.7455478],[-5.9178935,36.7650556],[-5.9224767,36.7946178],[-5.8908656,36.8353745],[-5.8910549,36.8421915],[-5.9253511,36.8530671],[-5.9528481,36.853126],[-5.9731228,36.8441861],[-6.0856987,36.8544916],[-6.1219923,36.8637895],[-6.133643,36.8522284],[-6.1571774,36.8516598],[-6.2256592,36.8203285],[-6.2327273,36.8109095],[-6.2387129,36.7923196],[-6.244039,36.7881736],[-6.2712667,36.7911759],[-6.2702227,36.782167],[-6.2950518,36.7508994],[-6.2941886,36.7427597],[-6.3008332,36.7360878],[-6.3061225,36.721596]]],[[[-5.6748236,36.6794419],[-5.6633531,36.6676948],[-5.6515616,36.6653985],[-5.641749,36.6656707],[-5.6182229,36.6755629],[-5.618015,36.6799925],[-5.6560692,36.6764461],[-5.6699615,36.6818491],[-5.6748236,36.6794419]]]]}},{"type":"Feature","id":"port","properties":{"name":"Port","slug":"port","parent_iso_a3":"PRT","source_name":"OpenStreetMap via Nominatim","source_url":"https://nominatim.openstreetmap.org/","source_license":"ODbL 1.0","source_queries":"Douro, Portugal => Miranda do Douro, Bragança, Portugal | Porto, Portugal => Porto, Portugal"},"geometry":{"type":"MultiPolygon","coordinates":[[[[-8.785105307311039,41.42750997656686],[-8.783951376051158,41.408974271142256],[-8.7794324,41.4028356],[-8.7807333,41.3952211],[-8.7753279,41.3918431],[-8.7750931,41.3860963],[-8.7692064,41.378826],[-8.771613628669316,41.37099930937628],[-8.7664102,41.373882],[-8.7671418,41.3771048],[-8.7624393,41.3742308],[-8.7622357,41.3611685],[-8.7549518,41.3547317],[-8.7553114,41.3428891],[-8.7402457,41.3342251],[-8.7424916,41.3100738],[-8.7297053,41.2789208],[-8.7288453,41.2649461],[-8.7244791,41.2596151],[-8.7291578,41.2426414],[-8.7245435,41.2380418],[-8.7224719,41.2283185],[-8.7174886,41.2259409],[-8.70519,41.186916],[-8.699338913390147,41.178648815544804],[-8.6898869,41.1732885],[-8.691289,41.1687516],[-8.68578,41.159491],[-8.648346,41.152777],[-8.648346,41.146633],[-8.666127,41.132758],[-8.666492898644712,41.11957628597961],[-8.6634546,41.1169042],[-8.665516,41.1058963],[-8.6574877,41.0903722],[-8.6570847,41.0492497],[-8.6467523,41.0325537],[-8.6449731,41.0159689],[-8.635422,41.0152482],[-8.6058579,41.0257665],[-8.5936229,41.0141062],[-8.5571929,41.0155639],[-8.5549694,41.0264957],[-8.5435284,41.0351634],[-8.5284423,41.0405316],[-8.5152419,41.0153886],[-8.5011832,41.009411],[-8.4891663,41.0134012],[-8.4919327,41.02215],[-8.4666158,41.0302529],[-8.4925805,41.0395989],[-8.4862229,41.0527022],[-8.4768793,41.0528861],[-8.4567854,41.0423782],[-8.4487407,41.0534612],[-8.4283754,41.0365939],[-8.4330025,41.0291985],[-8.4299862,41.0224565],[-8.4152159,41.0150691],[-8.3967659,41.0124479],[-8.3892193,41.0013802],[-8.3839767,41.0041015],[-8.3878055,41.0133824],[-8.3833372,41.0231511],[-8.3956939,41.0262449],[-8.4006669,41.0323793],[-8.3963444,41.0460564],[-8.3986654,41.0523671],[-8.3705241,41.0507141],[-8.349793,41.0402111],[-8.3270121,41.0579058],[-8.3134123,41.0589673],[-8.2940817,41.0801257],[-8.2865353,41.0784192],[-8.2799323,41.0673981],[-8.2686166,41.0641836],[-8.2601109,41.0702402],[-8.2480533,41.0688726],[-8.2341483,41.0785793],[-8.221753,41.0793541],[-8.2116947,41.0912169],[-8.204555,41.0940864],[-8.1355144,41.0838059],[-8.1179226,41.0887101],[-8.1129812,41.0949524],[-8.0959001,41.1008196],[-8.0827286,41.0917439],[-8.0527632,41.0896777],[-8.0253991,41.0969956],[-8.0141548,41.104321],[-7.9987031,41.1056587],[-7.9695318,41.1157703],[-7.962094,41.1136439],[-7.9516499,41.1227008],[-7.9307014,41.1181369],[-7.9118639,41.1198896],[-7.9124085,41.1385034],[-7.9011868,41.14727],[-7.9001313,41.151439],[-7.9036967,41.1547593],[-7.889433,41.1631649],[-7.8984345,41.1674605],[-7.8953918,41.1682039],[-7.8984819,41.1745828],[-7.8879704,41.1890863],[-7.8940898,41.2092383],[-7.8755793,41.2420481],[-7.8835754,41.247803],[-7.8957306,41.2489278],[-7.8963944,41.2675391],[-7.9045536,41.27193],[-7.9162118,41.2726197],[-7.9141346,41.2805249],[-7.9212896,41.2906226],[-7.9076411,41.3026671],[-7.9292651,41.3180272],[-7.9557756,41.3231613],[-7.9639502,41.3295754],[-7.9655415,41.332742],[-7.9587793,41.3432144],[-7.9499745,41.3456052],[-7.94735,41.3526563],[-7.9565989,41.3590029],[-7.9725771,41.3603227],[-7.969864,41.3723031],[-7.9741681,41.3751958],[-7.9817384,41.3603766],[-7.9876182,41.3562373],[-7.9887197,41.3472347],[-8.0040567,41.3418001],[-8.0083016,41.33231],[-8.0223449,41.3288048],[-8.0204219,41.3238884],[-8.0309679,41.3188857],[-8.0407382,41.3217806],[-8.0489891,41.331799],[-8.0576821,41.333116],[-8.065633,41.3387982],[-8.0653713,41.3432769],[-8.0700378,41.3432755],[-8.0771279,41.3380968],[-8.0794101,41.3315301],[-8.0865093,41.3293489],[-8.0950852,41.3380993],[-8.1062632,41.3392552],[-8.1155232,41.3463785],[-8.119673,41.3431604],[-8.1301489,41.3485806],[-8.1307578,41.3553163],[-8.1377775,41.3604918],[-8.1464554,41.3603055],[-8.1427085,41.3715926],[-8.1383833,41.3742448],[-8.1396011,41.3776805],[-8.1588238,41.3811624],[-8.1598788,41.3921412],[-8.1658416,41.4002991],[-8.1789742,41.3971304],[-8.1855214,41.4099656],[-8.2134542,41.4118363],[-8.2232303,41.4098097],[-8.2207323,41.4088146],[-8.2241218,41.4058852],[-8.2203687,41.3977044],[-8.2223022,41.3934751],[-8.2460408,41.3942194],[-8.2461455,41.3896496],[-8.256831,41.3849282],[-8.2598847,41.3784613],[-8.2778541,41.3694127],[-8.2736437,41.3629632],[-8.2783783,41.345828],[-8.287316,41.3410646],[-8.3033167,41.3429586],[-8.3096561,41.3500654],[-8.3164497,41.3512597],[-8.3280908,41.3657713],[-8.3260853,41.3768507],[-8.3426795,41.3755511],[-8.3572034,41.3651091],[-8.3755915,41.3623511],[-8.3787677,41.3682702],[-8.3936972,41.3619929],[-8.3954832,41.3691817],[-8.3866647,41.3814148],[-8.3994279,41.3842886],[-8.4040589,41.3835226],[-8.4225243,41.3659844],[-8.4315094,41.3629602],[-8.4409144,41.3629277],[-8.4417903,41.3671528],[-8.448941,41.3697787],[-8.4493398,41.3739573],[-8.4556521,41.37557],[-8.4832537,41.3684626],[-8.5014541,41.368335],[-8.5028575,41.3635066],[-8.507654,41.3637664],[-8.5162769,41.3560842],[-8.5141986,41.3494455],[-8.5183837,41.3456754],[-8.5289009,41.3466493],[-8.537229,41.3429983],[-8.5501809,41.3478567],[-8.5585691,41.344348],[-8.5978426,41.3469212],[-8.6025405,41.3454705],[-8.6046206,41.3385443],[-8.6106236,41.3411117],[-8.6162672,41.354759],[-8.6154252,41.3645491],[-8.6233213,41.3827357],[-8.6102189,41.3912773],[-8.5917301,41.3939374],[-8.590647,41.4000802],[-8.5958257,41.4007226],[-8.6052308,41.4126638],[-8.6134637,41.4081716],[-8.6223793,41.4097484],[-8.6227179,41.4148731],[-8.629345,41.4140467],[-8.6346567,41.4186573],[-8.6501371,41.4196861],[-8.6574019,41.4362958],[-8.6680829,41.4446039],[-8.6831896,41.4491625],[-8.7007582,41.4421558],[-8.7093468,41.4535252],[-8.7295159,41.453606],[-8.7457429,41.4686357],[-8.7525882,41.4661401],[-8.7764281,41.4719715],[-8.774849,41.468338],[-8.785105307311039,41.42750997656686]]],[[[-8.7680529,41.3720407],[-8.7644639,41.3690382],[-8.764258253698651,41.36956563207764],[-8.7680529,41.3720407]]],[[[-6.5325237,41.4490161],[-6.5190608,41.440928],[-6.5085354,41.4273662],[-6.5024226,41.4274666],[-6.5039624,41.4215599],[-6.4972123,41.4137117],[-6.5004242,41.4116908],[-6.4713844,41.3997081],[-6.4685422,41.3960823],[-6.4704165,41.379647],[-6.4371675,41.3600104],[-6.4395118,41.3549069],[-6.4374011,41.3515533],[-6.4302168,41.3528778],[-6.42415470870386,41.34740204183655],[-6.399579,41.377475],[-6.392934461140224,41.37801840557622],[-6.3883295,41.3855534],[-6.376033902991711,41.38762574764985],[-6.376169,41.396854],[-6.379167,41.397319],[-6.366248,41.405174],[-6.333266269868063,41.41033006666587],[-6.3268652,41.4164072],[-6.321077514255652,41.41571776893941],[-6.321031,41.419592],[-6.300848698819634,41.443990826163095],[-6.305282,41.4497098],[-6.285885,41.4665036],[-6.285891,41.486874],[-6.279534,41.497003],[-6.253645,41.517519],[-6.205947,41.57028],[-6.23008,41.594904],[-6.272248,41.628235],[-6.317103,41.650146],[-6.381942806974687,41.6661006461954],[-6.3885294,41.6508389],[-6.3830792,41.6470164],[-6.3793179,41.6202084],[-6.3727502,41.6121974],[-6.3726347,41.6069525],[-6.3918072,41.5923371],[-6.3888811,41.589496],[-6.3954015,41.5821804],[-6.3949933,41.572445],[-6.4073213,41.5614001],[-6.4123173,41.5512582],[-6.3998183,41.5428747],[-6.3968661,41.5349323],[-6.3752604,41.5329285],[-6.3712747,41.5298603],[-6.3669119,41.5107021],[-6.3868101,41.4907868],[-6.4165083,41.496384],[-6.4199106,41.5091002],[-6.4357802,41.530528],[-6.4346434,41.5360062],[-6.4571467,41.5423776],[-6.4671446,41.5505928],[-6.481912,41.5335961],[-6.4814636,41.5194381],[-6.4975211,41.5164144],[-6.4997359,41.5116221],[-6.485576,41.5015144],[-6.4794361,41.491631],[-6.4801564,41.4787344],[-6.4893214,41.4732056],[-6.4866681,41.4663067],[-6.4927992,41.4596749],[-6.5104305,41.4601841],[-6.5183515,41.4550729],[-6.5294841,41.4580251],[-6.5325237,41.4490161]]]]}},{"type":"Feature","id":"mendoza","properties":{"name":"Mendoza","slug":"mendoza","parent_iso_a3":"ARG","source_name":"OpenStreetMap via Nominatim","source_url":"https://nominatim.openstreetmap.org/","source_license":"ODbL 1.0","source_queries":"Provincia de Mendoza, Argentina => Mendoza, Argentina"},"geometry":{"type":"Polygon","coordinates":[[[-70.57870461448563,-35.25944581585344],[-70.560417,-35.298361],[-70.51205169428779,-35.31047348746445],[-70.47405131478554,-35.31469649612375],[-70.4675408,-35.3127774],[-70.4596444,-35.3203412],[-70.4505464,-35.3155789],[-70.4320132,-35.3184221],[-70.4368135,-35.322162],[-70.4366418,-35.329865],[-70.4186236,-35.3544114],[-70.4246255,-35.3624895],[-70.4230805,-35.3713084],[-70.452286,-35.3915646],[-70.4462135,-35.4083469],[-70.4383077,-35.4131322],[-70.4521841,-35.4267301],[-70.4347336,-35.4362632],[-70.4322124,-35.4457515],[-70.445618,-35.4507727],[-70.44625849247089,-35.45891318564675],[-70.43672489472584,-35.471244978860625],[-70.4144454,-35.4886292],[-70.4026812,-35.489957],[-70.3951442,-35.485742],[-70.3876931,-35.5068193],[-70.3679305,-35.5211938],[-70.3888223,-35.5163298],[-70.394581,-35.5182903],[-70.3980947,-35.525944],[-70.4121548,-35.526123],[-70.4134154,-35.5296593],[-70.4054466,-35.5451449],[-70.4109049,-35.5491495],[-70.4092312,-35.5595802],[-70.3997791,-35.5702931],[-70.3972793,-35.5888181],[-70.3828919,-35.6040938],[-70.3920221,-35.6100559],[-70.4020858,-35.6271895],[-70.4162693,-35.6293173],[-70.42188242736499,-35.6409322687294],[-70.4105555,-35.6460727],[-70.4086465,-35.6569715],[-70.3978372,-35.6631803],[-70.4053152,-35.6690725],[-70.4052079,-35.6779015],[-70.3989852,-35.6864767],[-70.389297,-35.6883633],[-70.3756929,-35.7015334],[-70.3693568,-35.7219234],[-70.3697001,-35.737252],[-70.3582492,-35.7489376],[-70.3743853,-35.7577142],[-70.3752794340192,-35.76301746976246],[-70.361566,-35.783086],[-70.3594554510773,-35.79909718102963],[-70.3361049,-35.7968485],[-70.3228406,-35.8105666],[-70.307611,-35.8128805],[-70.3129225,-35.8135914],[-70.3155055,-35.8188444],[-70.3247752,-35.819958],[-70.3460612,-35.8367986],[-70.3694072,-35.8418083],[-70.3790202,-35.8512703],[-70.3795352,-35.8657394],[-70.3824534,-35.8674087],[-70.4039041,-35.8665928],[-70.42033084533476,-35.87396679172984],[-70.420787,-35.903802],[-70.412364,-35.908143],[-70.390737,-35.905869],[-70.383684,-35.913207],[-70.38813533608231,-35.924260709696156],[-70.3667693,-35.9244356],[-70.38417,-35.9366553],[-70.3913677,-35.9517337],[-70.41257606966282,-35.957717589336085],[-70.412726,-35.968914],[-70.40754369673859,-35.97990582902694],[-70.389812,-35.9828333],[-70.3748077,-35.9946613],[-70.3822374,-36.0018787],[-70.3821302,-36.0148797],[-70.3806442,-36.0250672],[-70.3703874,-36.0332579],[-70.3697705,-36.0400467],[-70.3805614555469,-36.04647046370007],[-70.386939,-36.058728],[-70.39614163101525,-36.067054038542366],[-70.3849784,-36.0851191],[-70.3869197,-36.0998594],[-70.383208,-36.1078956],[-70.3844959,-36.1115407],[-70.3954688,-36.1160564],[-70.3989532,-36.1263114],[-70.3932184,-36.1374198],[-70.3948949,-36.1460077],[-70.389516,-36.1758383],[-70.3957547,-36.1831038],[-70.394581,-36.1951399],[-70.3837046,-36.2068926],[-70.3802151,-36.2191045],[-70.3707361,-36.2238109],[-70.3722918,-36.2372186],[-70.3691375,-36.2436285],[-70.3746119,-36.2596672],[-70.370185,-36.265493],[-70.3722328,-36.2812835],[-70.3675094,-36.2812445],[-70.359723,-36.2920136],[-70.3620672,-36.2991908],[-70.3589988,-36.3093371],[-70.3513223,-36.3244698],[-70.3468055,-36.3246513],[-70.3439999,-36.3331738],[-70.3388393,-36.3369334],[-70.325439,-36.3376983],[-70.3162229,-36.3335714],[-70.3031659,-36.3405416],[-70.2910745,-36.336955],[-70.2728623,-36.324137],[-70.2616239,-36.321989],[-70.2470702,-36.3214876],[-70.2363682,-36.3269463],[-70.2301186,-36.3248026],[-70.2200335,-36.3323052],[-70.2152699,-36.3387311],[-70.2145779,-36.36471],[-70.2065367,-36.3782815],[-70.2122605,-36.3912547],[-70.2034789,-36.4008752],[-70.2060539,-36.407494],[-70.1954484,-36.4232076],[-70.2040476,-36.4354159],[-70.2016389,-36.4540817],[-70.1910496,-36.4636686],[-70.1779926,-36.4954235],[-70.155928,-36.5072383],[-70.1520288,-36.520462],[-70.1374215,-36.5279242],[-70.1298255,-36.5424584],[-70.1311666,-36.5463415],[-70.1217789,-36.5531806],[-70.1226533,-36.5707474],[-70.1138717,-36.574082],[-70.1045752,-36.5868286],[-70.0927413,-36.5876254],[-70.0861162,-36.601679],[-70.0756341,-36.6065452],[-70.0711119,-36.6224338],[-70.0598896,-36.6327962],[-70.0567085,-36.6432088],[-70.0482005,-36.6476249],[-70.0454005,-36.6569152],[-70.0219739,-36.6659103],[-70.021652,-36.6733369],[-70.0118673,-36.6786245],[-70.0142705,-36.6874394],[-70.011937,-36.695608],[-69.987486,-36.6928422],[-69.9630189,-36.7070314],[-69.956587,-36.7163031],[-69.9474996,-36.7215319],[-69.9437767,-36.7450786],[-69.9248725,-36.7530132],[-69.919948,-36.7623696],[-69.9276137,-36.7831713],[-69.9220026,-36.794513],[-69.8888612,-36.8102811],[-69.8803479,-36.8079576],[-69.8735941,-36.8114579],[-69.8648018,-36.8330492],[-69.8503876,-36.8463324],[-69.8366815,-36.8468261],[-69.8300135,-36.8506381],[-69.8195368,-36.8492301],[-69.7972155,-36.8604031],[-69.7874951,-36.8693301],[-69.7593612,-36.8722921],[-69.7521329,-36.8862971],[-69.7719812,-36.9004119],[-69.7730917,-36.9111915],[-69.7789872,-36.916823],[-69.7701037,-36.9248256],[-69.7752535,-36.9322229],[-69.7739124,-36.9505091],[-69.7784239,-36.9643034],[-69.7740975,-36.9806236],[-69.7761226,-36.9916875],[-69.7640403,-37.0019969],[-69.7683507,-37.0231101],[-69.7599918,-37.0399905],[-69.7584015,-37.0493443],[-69.7618701,-37.0573676],[-69.7543359,-37.0703967],[-69.7275975,-37.0852533],[-69.723403,-37.0928554],[-69.7113588,-37.1017226],[-69.6889079,-37.1032729],[-69.6851528,-37.1102763],[-69.6694887,-37.1147809],[-69.6364331,-37.132865],[-69.6277857,-37.1436458],[-69.6109897,-37.148901],[-69.6002287,-37.1465108],[-69.5839047,-37.1508764],[-69.57986,-37.1525225],[-69.5755255,-37.163292],[-69.5619321,-37.1645659],[-69.5546043,-37.1609407],[-69.5304306,-37.1742913],[-69.5180872,-37.1722768],[-69.5111822,-37.167018],[-69.4958332,-37.1752894],[-69.4808593,-37.1744535],[-69.4745844,-37.1704022],[-69.4654955,-37.1726239],[-69.4546687,-37.1647625],[-69.4295027,-37.1596984],[-69.4222055,-37.1628495],[-69.4216886,-37.1693814],[-69.4073359,-37.1678194],[-69.4035564,-37.1721417],[-69.3968366,-37.1718742],[-69.3762696,-37.1597308],[-69.3516523,-37.1638819],[-69.3362583,-37.1518623],[-69.3197209,-37.1506415],[-69.2991562,-37.155073],[-69.2865846,-37.1445422],[-69.2682288,-37.144733],[-69.2616874,-37.1554391],[-69.2382109,-37.1614666],[-69.2206854,-37.1764194],[-69.2116731,-37.1774409],[-69.2067272,-37.1712217],[-69.2013145,-37.1753038],[-69.1965535,-37.1726216],[-69.188,-37.1775093],[-69.1723573,-37.1781846],[-69.1643679,-37.1813797],[-69.1635463,-37.1867902],[-69.1557923,-37.1913873],[-69.1363175,-37.1957847],[-69.1290449,-37.2033466],[-69.114018,-37.2077728],[-69.1036643,-37.2052475],[-69.0894366,-37.2198839],[-69.0644842,-37.2235668],[-69.0625262,-37.2303796],[-69.0489703,-37.2402625],[-69.0384078,-37.2553236],[-69.0425652,-37.2630686],[-69.0384829,-37.2677775],[-69.0497375,-37.2886718],[-69.0436612,-37.3051533],[-69.0500771,-37.3143728],[-69.0397635,-37.3220393],[-69.0456557,-37.3341639],[-69.0370624,-37.3530979],[-69.0271881,-37.3566066],[-69.0261867,-37.364713],[-69.0165085,-37.3657019],[-69.0154137,-37.3689222],[-69.0015719,-37.373376],[-68.9908175,-37.3709953],[-68.9854631,-37.3773373],[-68.9766097,-37.379361],[-68.9690512,-37.3728707],[-68.9423016,-37.3718262],[-68.9398795,-37.3767245],[-68.928895,-37.3806405],[-68.9175797,-37.3786321],[-68.9111343,-37.3729538],[-68.901701,-37.3743351],[-68.8865089,-37.3816714],[-68.8736075,-37.3939211],[-68.8675404,-37.3940447],[-68.8698363,-37.3994998],[-68.8657701,-37.40123],[-68.8574928,-37.3987156],[-68.8435507,-37.3855716],[-68.8155484,-37.3871402],[-68.802132,-37.3759678],[-68.7838072,-37.367629],[-68.7657344,-37.3666868],[-68.7461543,-37.3815861],[-68.7218176,-37.3893213],[-68.7133884,-37.4048692],[-68.7016565,-37.4144522],[-68.6964476,-37.4292824],[-68.7013829,-37.4348542],[-68.6972255,-37.4421846],[-68.6589825,-37.4476234],[-68.6345369,-37.4474232],[-68.6228961,-37.43925],[-68.609151,-37.4388131],[-68.5765314,-37.4555402],[-68.5622352,-37.4554976],[-68.5491997,-37.4497996],[-68.5339913,-37.451681],[-68.5226297,-37.4587254],[-68.5049594,-37.4539773],[-68.495311,-37.4602016],[-68.4799397,-37.4900381],[-68.4568942,-37.5093343],[-68.4502208,-37.523716],[-68.4520555,-37.5309654],[-68.4372929,-37.5442028],[-68.3944443,-37.5606723],[-68.3802822,-37.5598601],[-68.3767176,-37.5538107],[-68.3682579,-37.5554821],[-68.3594277,-37.5515708],[-68.3472723,-37.5574128],[-68.326276,-37.5595646],[-68.3141255,-37.5565112],[-68.3034064,-37.5634092],[-68.2896599,-37.559222],[-68.2651752,-37.5682009],[-68.2624313,-37.5750271],[-68.2545,-37.5719765],[-68.2499645,-37.5747808],[-68.2501786,-36.1724792],[-68.2960402,-36.1725083],[-68.2965035,-35.9993972],[-66.6377828,-36.0006312],[-66.6185487,-35.9647332],[-66.6223017,-35.955359],[-66.6172366,-35.9477508],[-66.6269104,-35.939431],[-66.6288699,-35.9276986],[-66.6279257,-35.9149022],[-66.6179039,-35.9033891],[-66.6271039,-35.8970344],[-66.6266029,-35.8905723],[-66.6198319,-35.8813975],[-66.6225152,-35.8504545],[-66.6041592,-35.8275757],[-66.5889382,-35.7938374],[-66.5899607,-35.7856071],[-66.5805761,-35.768484],[-66.5839219,-35.7410953],[-66.579551,-35.7346461],[-66.5805579,-35.7050478],[-66.5622169,-35.6826047],[-66.5577891,-35.6721243],[-66.5602562,-35.6551895],[-66.5487275,-35.6434772],[-66.5476563,-35.6383218],[-66.5502543,-35.6329988],[-66.5568439,-35.6313655],[-66.5650139,-35.6181394],[-66.5633786,-35.6093174],[-66.567458,-35.6067184],[-66.5650089,-35.6022433],[-66.5694095,-35.5988413],[-66.5691435,-35.5910322],[-66.5653412,-35.5881051],[-66.5704417,-35.5811728],[-66.5633982,-35.573363],[-66.5399074,-35.5634368],[-66.5334593,-35.5447025],[-66.5280579,-35.5440884],[-66.5249954,-35.538946],[-66.5280949,-35.5262634],[-66.5245394,-35.5218346],[-66.5271744,-35.5183094],[-66.5229054,-35.5071275],[-66.5241156,-35.490564],[-66.5170535,-35.4712167],[-66.519138,-35.4634808],[-66.5251028,-35.4609408],[-66.5225446,-35.4515001],[-66.5294477,-35.442803],[-66.5222435,-35.4281756],[-66.5254016,-35.4222916],[-66.5199531,-35.4115244],[-66.5217125,-35.4078091],[-66.5080398,-35.3974651],[-66.5142053,-35.3889468],[-66.5065206,-35.3755861],[-66.5060734,-35.3528977],[-66.4990148,-35.3449827],[-66.4982244,-35.3256559],[-66.5026322,-35.3235919],[-66.4974272,-35.3203167],[-66.4954029,-35.3112849],[-66.4981201,-35.3042584],[-66.5081773,-35.3014073],[-66.5116243,-35.292563],[-66.5183488,-35.2876134],[-66.5136659,-35.280327],[-66.5198457,-35.274958],[-66.5006764,-35.2479917],[-66.4841469,-35.2406455],[-66.4896932,-35.2269021],[-66.4880777,-35.2187165],[-66.4823585,-35.2146412],[-66.4834852,-35.2090156],[-66.4920763,-35.2066208],[-66.4980222,-35.1927093],[-66.4924441,-35.1845386],[-66.496806,-35.1727046],[-66.4942007,-35.1579664],[-66.4794058,-35.1461921],[-66.4778557,-35.1409015],[-66.4829973,-35.1317929],[-66.4899039,-35.1319183],[-66.4864937,-35.1221853],[-66.4982043,-35.1073751],[-66.4876468,-35.095719],[-66.4937132,-35.0911935],[-66.5026954,-35.094529],[-66.5077462,-35.0893872],[-66.5037111,-35.0836768],[-66.5126794,-35.083134],[-66.515485,-35.0779346],[-66.5121837,-35.0711925],[-66.5210738,-35.0642351],[-66.5141743,-35.052235],[-66.5226125,-35.0536604],[-66.5266907,-35.0492954],[-66.5199783,-35.0422712],[-66.5248025,-35.0310067],[-66.5223805,-35.0203902],[-66.5304194,-35.0148319],[-66.5405095,-35.015552],[-66.532323,-35.0049014],[-66.5359331,-34.9987218],[-66.5357062,-34.9818252],[-66.5455842,-34.968177],[-66.526656,-34.9534849],[-66.5251101,-34.9434525],[-66.5363189,-34.9282492],[-66.5377843,-34.9172975],[-66.5473759,-34.9136927],[-66.5496458,-34.9187064],[-66.5547266,-34.9107873],[-66.5498865,-34.9077628],[-66.5543645,-34.8919191],[-66.5448648,-34.8811488],[-66.5613745,-34.844721],[-66.5631387,-34.8287033],[-66.5913706,-34.8101197],[-66.5934134,-34.8031531],[-66.6020747,-34.8029389],[-66.5952282,-34.7902571],[-66.6066912,-34.774623],[-66.6202291,-34.7675171],[-66.642141,-34.7649172],[-66.6504272,-34.7577541],[-66.6518033,-34.7477593],[-66.6402426,-34.7371705],[-66.6396892,-34.7191684],[-66.6691005,-34.6954427],[-66.6782541,-34.6950441],[-66.6780824,-34.6896809],[-66.6906984,-34.6906191],[-66.6957431,-34.6535696],[-66.7018586,-34.653251],[-66.7010936,-34.6459042],[-66.7060128,-34.6403496],[-66.7026149,-34.6351282],[-66.7121014,-34.6289134],[-66.7034405,-34.6235298],[-66.7028998,-34.6195594],[-66.7261765,-34.610727],[-66.7323376,-34.6008883],[-66.7279323,-34.5961154],[-66.7292037,-34.584852],[-66.7354945,-34.5835526],[-66.7363078,-34.5787628],[-66.7483155,-34.5708365],[-66.7535292,-34.5703457],[-66.7575659,-34.5660627],[-66.756375,-34.5594561],[-66.7652542,-34.5513844],[-66.7614379,-34.5467385],[-66.7648631,-34.5385904],[-66.7543859,-34.5319446],[-66.7579537,-34.5221094],[-66.7558562,-34.5123729],[-66.764265,-34.4982776],[-66.7579135,-34.4872507],[-66.7588694,-34.4714835],[-66.7521435,-34.4591014],[-66.7543086,-34.4429178],[-66.7574994,-34.434411],[-66.7658223,-34.4327018],[-66.7717982,-34.424924],[-66.7879065,-34.4214189],[-66.7950991,-34.4114269],[-66.7750045,-34.4099575],[-66.7723009,-34.404685],[-66.7757743,-34.392722],[-66.7651319,-34.3895192],[-66.7640225,-34.3793392],[-66.7698767,-34.3750857],[-66.7864393,-34.3782531],[-66.7954387,-34.3554475],[-66.8121081,-34.3441362],[-66.7991635,-34.3353535],[-66.8027566,-34.3275162],[-66.8023462,-34.3051359],[-66.7968694,-34.3005075],[-66.7832033,-34.3028467],[-66.7756861,-34.2980799],[-66.784726,-34.2706917],[-66.8013514,-34.2572984],[-66.7868483,-34.2521747],[-66.785475,-34.2337153],[-66.7634117,-34.2280721],[-66.7463299,-34.2357794],[-66.7442461,-34.2317445],[-66.7489895,-34.2259071],[-66.7477162,-34.2221436],[-66.7252529,-34.2221214],[-66.7215047,-34.2175531],[-66.725955,-34.2155556],[-66.7188332,-34.212211],[-66.7295035,-34.2078759],[-66.7242323,-34.2004074],[-66.7272156,-34.1974557],[-66.7214045,-34.1956781],[-66.718716,-34.1878013],[-66.7303061,-34.1821621],[-66.7182409,-34.1682742],[-66.7172652,-34.1596781],[-66.7206334,-34.1559272],[-66.7115045,-34.1525957],[-66.7110976,-34.1477692],[-66.7249349,-34.1472983],[-66.7334186,-34.1368795],[-66.7223027,-34.1319454],[-66.7204488,-34.1254269],[-66.7250108,-34.1221105],[-66.7236583,-34.1158366],[-66.7117428,-34.101072],[-66.7146236,-34.09481],[-66.7099625,-34.0881416],[-66.7167347,-34.0728158],[-66.7122565,-34.0654255],[-66.7155776,-34.0575357],[-66.7081708,-34.0494487],[-66.6989915,-34.0459547],[-66.7037738,-34.0402659],[-66.7009517,-34.0337804],[-66.7079216,-34.0243144],[-66.699831,-34.0198557],[-66.6940208,-34.0104466],[-66.6907547,-34.0113765],[-66.681278,-33.9976323],[-66.6729581,-33.9961161],[-66.663152,-33.986251],[-66.6710591,-33.9726656],[-66.666134,-33.959117],[-66.6784685,-33.949149],[-66.6757294,-33.9416115],[-66.6826106,-33.944258],[-66.6875377,-33.9382028],[-66.6970747,-33.935764],[-66.7018932,-33.9383206],[-66.7038307,-33.9321749],[-66.7103194,-33.9375031],[-66.7227124,-33.9358333],[-66.7239103,-33.9300356],[-66.729778,-33.9273521],[-66.7247092,-33.9230227],[-66.730632,-33.9181993],[-66.7355852,-33.9209425],[-66.7359049,-33.9113996],[-66.7490177,-33.9151915],[-66.7563721,-33.9052842],[-66.767648,-33.9028784],[-66.7696193,-33.8970503],[-66.7659138,-33.896166],[-66.7726913,-33.8915978],[-66.7726489,-33.8856455],[-66.7841831,-33.8879548],[-66.7870746,-33.882008],[-66.7937531,-33.8790404],[-66.8010226,-33.8629958],[-66.8066181,-33.8602832],[-66.8110208,-33.863322],[-66.822233,-33.8549959],[-66.8327904,-33.8535851],[-66.8731087,-33.8332639],[-66.8759648,-33.8222798],[-66.8821088,-33.816752],[-66.879957,-33.8147377],[-66.8842243,-33.8026078],[-66.8813919,-33.7947755],[-66.885088,-33.7782926],[-66.8833767,-33.7689655],[-66.8925574,-33.7660322],[-66.9175406,-33.7469794],[-66.9307206,-33.7445162],[-66.9344367,-33.7387067],[-66.9491916,-33.7315958],[-66.9608568,-33.7184704],[-66.9680499,-33.7031914],[-66.9726083,-33.7031885],[-66.9739886,-33.689025],[-66.9820721,-33.688598],[-66.9974429,-33.6751538],[-66.9973013,-33.6695958],[-67.0044625,-33.6676101],[-66.9988005,-33.6562587],[-67.0044292,-33.6512366],[-67.0055204,-33.6384495],[-66.998523,-33.6328052],[-67.0040007,-33.6300016],[-67.0087078,-33.6180179],[-67.0167355,-33.6177029],[-67.0190114,-33.6096337],[-67.026515,-33.605693],[-67.0291543,-33.609714],[-67.03785,-33.6063632],[-67.0354521,-33.6012384],[-67.040838,-33.5995942],[-67.0374692,-33.5966407],[-67.0436689,-33.5915133],[-67.0505494,-33.5776284],[-67.0539489,-33.5761517],[-67.0520352,-33.5795632],[-67.056191,-33.5813834],[-67.0586612,-33.5731965],[-67.0651488,-33.5723813],[-67.0689704,-33.5663247],[-67.0672434,-33.5590968],[-67.0617408,-33.5613456],[-67.0654968,-33.5503852],[-67.0706448,-33.545739],[-67.0753857,-33.5464614],[-67.0756286,-33.5431613],[-67.0826874,-33.542926],[-67.0841057,-33.5387337],[-67.0894967,-33.5412568],[-67.0960302,-33.5333097],[-67.0946907,-33.5292318],[-67.0911186,-33.5292264],[-67.0941194,-33.5226358],[-67.0985648,-33.5212672],[-67.0963454,-33.518656],[-67.0991247,-33.5165265],[-67.0942901,-33.5123971],[-67.0962773,-33.5033525],[-67.0993826,-33.5042899],[-67.0990848,-33.5011381],[-67.1049855,-33.4988375],[-67.1030379,-33.4945871],[-67.1151697,-33.4877731],[-67.1140462,-33.4815156],[-67.1189564,-33.4802804],[-67.1218475,-33.4731901],[-67.13166,-33.4711257],[-67.135431,-33.4649489],[-67.1307546,-33.4630227],[-67.1339114,-33.4586171],[-67.1316729,-33.4500714],[-67.1453405,-33.4399179],[-67.1431891,-33.4268583],[-67.1526352,-33.4120191],[-67.1478782,-33.3884622],[-67.1512219,-33.3861465],[-67.1497223,-33.3795603],[-67.1573192,-33.3717534],[-67.1576263,-33.3640391],[-67.1523095,-33.3260656],[-67.1593458,-33.319638],[-67.1593661,-33.3137942],[-67.1640092,-33.312501],[-67.162953,-33.3074989],[-67.1701791,-33.3026209],[-67.1772307,-33.2750669],[-67.1729019,-33.27513],[-67.1714139,-33.2677882],[-67.1801385,-33.2521088],[-67.1774177,-33.2103572],[-67.182421,-33.1997365],[-67.1760938,-33.1868694],[-67.1771329,-33.1779434],[-67.1674242,-33.1637548],[-67.1845017,-33.1286543],[-67.1848611,-33.1169342],[-67.1798472,-33.1067098],[-67.1847103,-33.0923558],[-67.182556,-33.0845062],[-67.1740424,-33.0770522],[-67.1786141,-33.0619406],[-67.1979368,-33.0439303],[-67.1833665,-33.0392643],[-67.1821423,-33.0178701],[-67.1847623,-33.0136864],[-67.1794633,-33.0035545],[-67.1920195,-32.9953539],[-67.1917472,-32.9825815],[-67.2015569,-32.9726504],[-67.2039542,-32.962481],[-67.2016304,-32.9558608],[-67.2102746,-32.9456348],[-67.2090424,-32.9356948],[-67.2143777,-32.9264908],[-67.2125927,-32.9109907],[-67.2303474,-32.8990699],[-67.2323306,-32.8866116],[-67.2267045,-32.8718568],[-67.2310547,-32.8619365],[-67.2102598,-32.8566675],[-67.2087911,-32.8467896],[-67.1893684,-32.8364295],[-67.177892,-32.8202304],[-67.1759565,-32.8120771],[-67.1788143,-32.8048423],[-67.176335,-32.8023911],[-67.1792626,-32.7911103],[-67.1766389,-32.7878147],[-67.1859461,-32.7695618],[-67.1816159,-32.7643081],[-67.1675152,-32.7631807],[-67.1664716,-32.758743],[-67.1702957,-32.7579432],[-67.1677133,-32.7545884],[-67.1829236,-32.7285567],[-67.1805256,-32.7161279],[-67.1926252,-32.7036502],[-67.1878156,-32.6975246],[-67.2089262,-32.6858147],[-67.2133197,-32.688934],[-67.2248716,-32.6823101],[-67.2292936,-32.6608399],[-67.2353927,-32.6567378],[-67.2376091,-32.6496872],[-67.2375459,-32.6345554],[-67.251619,-32.6306823],[-67.2568513,-32.6257232],[-67.2573981,-32.6200729],[-67.2521282,-32.6126433],[-67.2451533,-32.6102461],[-67.2440856,-32.6031596],[-67.2488271,-32.5868534],[-67.2688663,-32.5701636],[-67.2702183,-32.5626968],[-67.2619898,-32.556868],[-67.2627548,-32.5528892],[-67.2746353,-32.5381032],[-67.2822301,-32.5338226],[-67.2930076,-32.5390669],[-67.2973673,-32.5360331],[-67.2941654,-32.51994],[-67.2851671,-32.5190404],[-67.2832171,-32.5129581],[-67.2863516,-32.5011678],[-67.2939245,-32.4967217],[-67.2955311,-32.4789018],[-67.3016289,-32.4706705],[-67.295624,-32.4618639],[-67.2977944,-32.4464133],[-67.2891856,-32.4430061],[-67.295639,-32.4314461],[-67.3033654,-32.4316689],[-67.3107741,-32.4243866],[-67.3078769,-32.4133261],[-67.3122821,-32.4101469],[-67.3121456,-32.3998913],[-67.3174288,-32.3978446],[-67.3205272,-32.3888775],[-67.3176578,-32.3839262],[-67.3188079,-32.3723124],[-67.3285819,-32.3651583],[-67.3319058,-32.3504698],[-67.3552,-32.3522],[-67.3817,-32.3305],[-67.3964,-32.3329],[-67.4119099,-32.3264919],[-67.4263864,-32.327666],[-67.4524478,-32.3187424],[-67.4572865,-32.3149479],[-67.4560087,-32.310425],[-67.4644667,-32.3092685],[-67.4665192,-32.3052817],[-67.4728654,-32.3067192],[-67.4841874,-32.2940211],[-67.4827337,-32.2844616],[-67.4879683,-32.2786637],[-67.4846037,-32.2743006],[-67.4898533,-32.2707146],[-67.4880992,-32.261766],[-67.4996938,-32.2501184],[-67.501367,-32.239208],[-67.5130627,-32.2434526],[-67.5114611,-32.2372894],[-67.5255042,-32.2288346],[-67.5198232,-32.2248592],[-67.5235429,-32.2208833],[-67.5331039,-32.2255268],[-67.5330629,-32.2298735],[-67.5392521,-32.2280781],[-67.5468551,-32.2403296],[-67.5554494,-32.2382156],[-67.5607709,-32.242281],[-67.5700406,-32.2360376],[-67.5819711,-32.2366838],[-67.597144,-32.246021],[-67.6043109,-32.2402271],[-67.6069072,-32.2321321],[-67.6151419,-32.2336811],[-67.6192403,-32.2420254],[-67.6302054,-32.2387039],[-67.6475752,-32.2399996],[-67.6653097,-32.2333981],[-67.6678685,-32.2269453],[-67.6759366,-32.225171],[-67.6793966,-32.2269635],[-67.6759208,-32.2328349],[-67.6857669,-32.2380106],[-67.6950339,-32.2324225],[-67.7065999,-32.2349516],[-67.7108217,-32.2459137],[-67.7295488,-32.2408866],[-67.723299,-32.2375682],[-67.7296508,-32.2366985],[-67.7277783,-32.2318644],[-67.7330193,-32.2309795],[-67.733073,-32.2244313],[-67.7365438,-32.2229291],[-67.7525351,-32.2284882],[-67.7733495,-32.2259849],[-67.7694442,-32.2336993],[-67.772201,-32.2355427],[-67.7829679,-32.2334361],[-67.7845504,-32.2282857],[-67.7885791,-32.2282222],[-67.7965292,-32.2192185],[-67.809237,-32.2270843],[-67.8143337,-32.2242378],[-67.8172568,-32.2273384],[-67.8318056,-32.2261347],[-67.8364405,-32.2218734],[-67.8362522,-32.2156161],[-67.8414991,-32.2149205],[-67.8453985,-32.2189564],[-67.8477218,-32.2132732],[-67.8589168,-32.2117128],[-67.8651935,-32.201717],[-67.8752249,-32.1977224],[-67.8712714,-32.1892877],[-67.8835505,-32.1806843],[-67.8994611,-32.1799769],[-67.9056516,-32.1769575],[-67.9061991,-32.1720437],[-67.9164988,-32.1753039],[-67.9186872,-32.1658281],[-67.9285204,-32.1551506],[-67.9240841,-32.1463622],[-67.930902,-32.1453503],[-67.9306823,-32.1410934],[-67.9382418,-32.1389756],[-67.9309998,-32.1328205],[-67.945145,-32.1245669],[-67.9434766,-32.1171841],[-67.9383804,-32.116757],[-67.9385744,-32.113721],[-67.946529,-32.1100279],[-67.9536108,-32.1177557],[-67.9578326,-32.1165744],[-67.9597745,-32.1211178],[-67.9645113,-32.1181192],[-67.9622261,-32.1117945],[-67.9701539,-32.1080831],[-67.9676468,-32.1060442],[-67.9703952,-32.0998696],[-67.9659668,-32.099856],[-67.9715038,-32.0990212],[-67.9710255,-32.0960409],[-67.9757391,-32.0995574],[-67.9807496,-32.0983491],[-67.9824332,-32.0959091],[-67.9788819,-32.0950548],[-67.9815534,-32.0922825],[-67.989459,-32.0969826],[-67.990115,-32.091619],[-67.9970566,-32.088374],[-67.9966044,-32.0835299],[-68.0055645,-32.0797656],[-68.0141369,-32.0854743],[-68.0328265,-32.0856289],[-68.0374828,-32.0782838],[-68.0408302,-32.0803656],[-68.0434572,-32.0772029],[-68.0455616,-32.0814655],[-68.0500999,-32.0763474],[-68.0564192,-32.0762474],[-68.0495206,-32.0745747],[-68.0523208,-32.0709563],[-68.0666116,-32.0794747],[-68.0650972,-32.0897202],[-68.0730044,-32.098873],[-68.0788318,-32.096918],[-68.0759243,-32.0910464],[-68.0806219,-32.0845662],[-68.0845181,-32.0911282],[-68.0975412,-32.0920835],[-68.0927471,-32.1007626],[-68.1069842,-32.0967817],[-68.1148485,-32.1027529],[-68.1226591,-32.0997537],[-68.1247008,-32.1069335],[-68.1377009,-32.105025],[-68.1357053,-32.1098325],[-68.1410252,-32.1128232],[-68.1471423,-32.1107594],[-68.151981,-32.1193286],[-68.1596843,-32.1185199],[-68.1698016,-32.109578],[-68.1766788,-32.112895],[-68.1884681,-32.10917],[-68.1993257,-32.1211196],[-68.2033168,-32.1212831],[-68.2060849,-32.1277979],[-68.2108485,-32.1157811],[-68.2163325,-32.117802],[-68.2169012,-32.1105959],[-68.2321468,-32.105234],[-68.2389811,-32.095082],[-68.2478299,-32.091599],[-68.3010745,-32.137918],[-68.4630444,-32.1378415],[-68.4629,-32.2377],[-68.6655808,-32.3367521],[-68.916882,-32.3367765],[-68.916687,-32.1314806],[-68.9639297,-32.1253702],[-68.9717951,-32.1301991],[-68.9820161,-32.1275325],[-68.9905821,-32.1157496],[-68.9968185,-32.1192891],[-69.0100511,-32.1172613],[-69.0167523,-32.1132666],[-69.0277519,-32.0924139],[-69.0500496,-32.0845763],[-69.0564918,-32.0734893],[-69.0653335,-32.0741143],[-69.0676992,-32.0656509],[-69.0847542,-32.0538328],[-69.0855964,-32.0437097],[-69.0938263,-32.0309172],[-69.1037227,-32.030139],[-69.1147862,-32.021132],[-69.1115863,-32.0085542],[-69.1150634,-32.0033076],[-69.1257191,-32.0028446],[-69.1284228,-31.9994441],[-69.1840013,-31.9993876],[-69.2109976,-32.0093996],[-69.2177145,-32.0076934],[-69.2444984,-32.0161073],[-69.262453,-32.0331572],[-69.2673991,-32.0555909],[-69.27411,-32.0615239],[-69.276803,-32.0700205],[-69.3002991,-32.074398],[-69.3142091,-32.0911287],[-69.3735767,-32.0773383],[-69.3800569,-32.0677106],[-69.3850844,-32.0688979],[-69.3926968,-32.0778122],[-69.4002485,-32.0714927],[-69.4074154,-32.0716291],[-69.4137704,-32.0670937],[-69.4281249,-32.0699317],[-69.4332496,-32.0764112],[-69.4556492,-32.0746346],[-69.4711093,-32.0896081],[-69.4759046,-32.1073745],[-69.4786957,-32.1083084],[-69.4771279,-32.1109616],[-69.505656,-32.1135913],[-69.5049803,-32.1232036],[-69.5310236,-32.1408922],[-69.5573549,-32.1406693],[-69.560935,-32.1318997],[-69.5661005,-32.1316869],[-69.5968412,-32.1414471],[-69.6004235,-32.154319],[-69.5966008,-32.1609916],[-69.5981389,-32.1722562],[-69.6058294,-32.1829677],[-69.6061288,-32.1939036],[-69.610569,-32.2026223],[-69.603767,-32.2108687],[-69.6138813,-32.2169244],[-69.6184356,-32.2369664],[-69.6275157,-32.2411944],[-69.6318729,-32.2528684],[-69.6309275,-32.2628413],[-69.6521603,-32.2696376],[-69.6649566,-32.2864963],[-69.6746967,-32.2898149],[-69.6805849,-32.3037318],[-69.6905322,-32.3096621],[-69.7094408,-32.3093906],[-69.7208706,-32.3132155],[-69.7301584,-32.3299212],[-69.7313146,-32.3363977],[-69.7272499,-32.3403791],[-69.7324473,-32.3434682],[-69.7279568,-32.3525713],[-69.7305723,-32.3585435],[-69.727802,-32.3637443],[-69.7358795,-32.3944952],[-69.7194443,-32.3960313],[-69.704655,-32.4025458],[-69.696611,-32.411432],[-69.6993689,-32.4158628],[-69.6921346,-32.4195967],[-69.6877498,-32.4275551],[-69.6994848,-32.4348828],[-69.7022881,-32.441685],[-69.695973,-32.4487964],[-69.6952409,-32.4665787],[-69.7038409,-32.4749326],[-69.7055707,-32.4974069],[-69.7260112,-32.4973491],[-69.7366126,-32.5026218],[-69.7411646,-32.5092583],[-69.7544671,-32.5093177],[-69.7676104,-32.5192967],[-69.7683938,-32.5329521],[-69.786332,-32.5418238],[-69.7893136,-32.5464061],[-69.8243399,-32.5454061],[-69.8296562,-32.5520896],[-69.8256723,-32.5571241],[-69.832057,-32.5588414],[-69.8248121,-32.564758],[-69.8359685,-32.5693836],[-69.8492695,-32.5698268],[-69.8636936,-32.5609045],[-69.8835204,-32.5632523],[-69.8904645,-32.5602687],[-69.8977616,-32.5634502],[-69.9044759,-32.5542917],[-69.9166353,-32.5506655],[-69.9260004,-32.5431654],[-69.9557739,-32.5439663],[-69.9621682,-32.5476693],[-69.9803716,-32.5320889],[-70.0031222,-32.5291555],[-70.0264803,-32.5606398],[-70.0237569,-32.5634399],[-70.0273726,-32.5691071],[-70.0257665,-32.5781491],[-70.0403835,-32.5815004],[-70.0447833,-32.6065551],[-70.0589402,-32.6135452],[-70.0627946,-32.626096],[-70.072349,-32.6265869],[-70.093684,-32.6195884],[-70.08979,-32.6106798],[-70.0909141,-32.6018771],[-70.0984376,-32.5972331],[-70.1011625,-32.5908317],[-70.1096476,-32.5903397],[-70.1190532,-32.5775103],[-70.1280842,-32.576282],[-70.1497297,-32.5815192],[-70.1625411,-32.5971331],[-70.1648766,-32.6150646],[-70.1721594,-32.6223427],[-70.154298,-32.632657],[-70.1509967,-32.6381187],[-70.1521329,-32.6447968],[-70.1460615,-32.65204],[-70.1492771,-32.6575195],[-70.1450508,-32.6650524],[-70.1465786,-32.6748985],[-70.1430617,-32.6800903],[-70.1425918,-32.6919672],[-70.1471118,-32.7061808],[-70.1439844,-32.7115179],[-70.1472861,-32.7290934],[-70.1375524,-32.7323631],[-70.1307986,-32.7574161],[-70.1154124,-32.7675461],[-70.1117909,-32.7740247],[-70.1080069,-32.8002976],[-70.0925526,-32.8010237],[-70.0864467,-32.8058027],[-70.0785428,-32.8227219],[-70.0545735,-32.832193],[-70.054324,-32.850759],[-70.000219,-32.876597],[-70.00017699226107,-32.886615845733814],[-69.9893605,-32.9009779],[-69.9916156,-32.9119525],[-70.0023349,-32.9200209],[-70.007544,-32.9316739],[-70.001323,-32.9460921],[-70.0066874,-32.9468889],[-70.009537,-32.9539077],[-70.0206328,-32.9566453],[-70.0200843,-32.9622288],[-70.0286043,-32.9692235],[-70.0219679,-32.9813691],[-70.0194065,-33.0062525],[-70.0267729,-33.0097191],[-70.0282878,-33.0165266],[-70.0359213,-33.0234984],[-70.0436622,-33.0230576],[-70.0520361,-33.0290755],[-70.0806928,-33.0287697],[-70.0864112,-33.0386187],[-70.0861967,-33.0456202],[-70.0941361,-33.0519108],[-70.0755107,-33.0634881],[-70.0675285,-33.0875235],[-70.0708008,-33.0950111],[-70.0659299,-33.1036663],[-70.07204,-33.1088182],[-70.0756207,-33.1213607],[-70.0513172,-33.1371873],[-70.0560969,-33.1486232],[-70.0668204,-33.1558405],[-70.0573897,-33.1712703],[-70.0652164,-33.1794825],[-70.0602543,-33.1941764],[-70.0647551,-33.2052771],[-70.05697979082,-33.22163948620072],[-70.05071778140784,-33.22668240120448],[-70.0371444,-33.2282955],[-70.0262225,-33.2359685],[-70.0294304,-33.240886],[-70.0277782,-33.2475978],[-70.03364864884021,-33.25339974653206],[-70.0202671837603,-33.27927272968933],[-70.0062937,-33.286037],[-70.010011,-33.299103],[-69.983863,-33.294452],[-69.940558,-33.242879],[-69.905289,-33.238228],[-69.869684,-33.249597],[-69.836844,-33.26572],[-69.81439483811181,-33.28897731214836],[-69.7997459,-33.2882664],[-69.7804556,-33.3220883],[-69.7710142,-33.3483338],[-69.7745025,-33.375821],[-69.78707057331965,-33.39226986793195],[-69.786743,-33.399252],[-69.79682955087273,-33.417201687729644],[-69.7955579,-33.4221245],[-69.80285791334157,-33.423713066914175],[-69.81668868474738,-33.43865201550981],[-69.8142529,-33.4431654],[-69.8222137,-33.4543956],[-69.8151123,-33.4693047],[-69.829284,-33.478534],[-69.8352599,-33.5153551],[-69.841469,-33.532784],[-69.87238212664478,-33.54520965229392],[-69.8738473,-33.5560292],[-69.8653527,-33.585524],[-69.8672592,-33.5955341],[-69.8745323,-33.6010627],[-69.8807937,-33.6184369],[-69.8748694,-33.6239334],[-69.8740493,-33.6352732],[-69.8787482,-33.6471109],[-69.8703765,-33.6519355],[-69.879599,-33.6586951],[-69.88442575486518,-33.6815656824861],[-69.859685,-33.711378],[-69.860046,-33.726364],[-69.8915268482775,-33.750188588922455],[-69.9042989,-33.7741464],[-69.8927011,-33.7942688],[-69.8989324,-33.8474439],[-69.8862677,-33.8508307],[-69.8733073,-33.8609521],[-69.8670416,-33.8813337],[-69.8563893,-33.8859565],[-69.8552828,-33.8925202],[-69.8716305,-33.9058669],[-69.8757184,-33.9141721],[-69.88979,-33.9201623],[-69.8942932,-33.9358692],[-69.8918696,-33.9400216],[-69.9006551,-33.9493536],[-69.90184573970734,-33.95845909219327],[-69.884283,-33.954154],[-69.865602,-33.957668],[-69.86343800425432,-33.963651526682455],[-69.8532465,-33.9628912],[-69.8542264,-33.9712855],[-69.8413668,-33.9910003],[-69.8393616,-34.0070491],[-69.8250446,-34.0099523],[-69.8222122,-34.0141713],[-69.8254309,-34.0218133],[-69.8455153,-34.0395961],[-69.8528967,-34.0558107],[-69.8480902,-34.0676142],[-69.831954,-34.072591],[-69.8336707,-34.085956],[-69.8420047,-34.0954795],[-69.8597502,-34.104006],[-69.8558298,-34.1147159],[-69.8693928237728,-34.12464156272017],[-69.87266551833027,-34.13400286555833],[-69.8688858,-34.1403756],[-69.8443383,-34.1528776],[-69.8304337,-34.1686444],[-69.8161858,-34.1771659],[-69.8011637,-34.193532],[-69.7967649,-34.2096018],[-69.8018404,-34.2248001],[-69.8054928,-34.2260101],[-69.8025101,-34.2348006],[-69.8076332,-34.2480025],[-69.8239498,-34.2487066],[-69.8289219,-34.256629],[-69.8542848,-34.2560526],[-69.8562387,-34.2615541],[-69.8719874,-34.2668816],[-69.89725969862462,-34.26681686736176],[-69.8978561,-34.2846734],[-69.9099316,-34.2917449],[-69.9214903,-34.2899647],[-69.9266025,-34.2831147],[-69.9407619,-34.2800119],[-69.94165327968912,-34.27556877693503],[-69.947483,-34.273824],[-69.989237,-34.26907],[-70.01424078382387,-34.272963326126444],[-70.0196291,-34.2761607],[-70.0189914,-34.2809701],[-70.030396,-34.2874716],[-70.0312073,-34.294157],[-70.0224058,-34.308785],[-70.0150244,-34.3348711],[-70.0201742,-34.3779521],[-70.0096881,-34.3936382],[-70.0134646,-34.4065275],[-70.0108897,-34.4138919],[-70.0184221,-34.4139426],[-70.0304591,-34.423946],[-70.0452447,-34.4276822],[-70.0538278,-34.4481664],[-70.0676894,-34.4542488],[-70.0824362,-34.472564],[-70.1017427,-34.4820496],[-70.1154166,-34.4759338],[-70.1294339,-34.4856003],[-70.1300454,-34.5006593],[-70.1459831,-34.5243432],[-70.1444274,-34.5328816],[-70.1677251,-34.5553503],[-70.168224,-34.5629224],[-70.1744789,-34.5704453],[-70.17847,-34.5735947],[-70.1865059,-34.5729763],[-70.1945847,-34.5797607],[-70.1905507,-34.5893047],[-70.2050453,-34.5958007],[-70.1997614,-34.6018855],[-70.2169812,-34.610725],[-70.2192128,-34.6332167],[-70.22425,-34.6409054],[-70.219717,-34.6489684],[-70.2207255,-34.6584603],[-70.2144009,-34.6605077],[-70.21586,-34.6834315],[-70.2238262,-34.6810847],[-70.2475691,-34.6937134],[-70.2543443,-34.704898],[-70.2568763,-34.71833],[-70.2618277,-34.722413],[-70.2592796,-34.7301727],[-70.2726477,-34.7371029],[-70.2817297,-34.7352161],[-70.294556,-34.7391263],[-70.3062773,-34.7473516],[-70.30793617559895,-34.762255610337306],[-70.292836,-34.777566],[-70.2823305,-34.781201],[-70.2780765,-34.7878978],[-70.2530837,-34.793299],[-70.2481967,-34.7988936],[-70.2579975,-34.8072011],[-70.2602571,-34.826622],[-70.2794635,-34.8526677],[-70.2767169,-34.8616829],[-70.2866733,-34.8756262],[-70.2906215,-34.8885816],[-70.306586,-34.9071661],[-70.3196323,-34.9313761],[-70.3314769,-34.9375681],[-70.3290737,-34.9752735],[-70.3343952,-34.9915883],[-70.3549945,-34.996229],[-70.3587711,-35.003963],[-70.3643899,-35.0059157],[-70.3661525,-35.0159139],[-70.361346,-35.0212562],[-70.361343,-35.0351312],[-70.37156073877368,-35.043117092358344],[-70.36892473445639,-35.089897114013745],[-70.3578226,-35.0992096],[-70.3704961,-35.1124166],[-70.3613484,-35.1359445],[-70.3719646,-35.1505649],[-70.3702104,-35.1540233],[-70.3765404,-35.1659458],[-70.374341,-35.1704538],[-70.3791958,-35.1737425],[-70.3881115,-35.1701775],[-70.4029387,-35.1808677],[-70.4236615,-35.1843753],[-70.4260596,-35.188189],[-70.4428822,-35.1947151],[-70.4517496,-35.1952477],[-70.4543229,-35.189135],[-70.4578865,-35.1953091],[-70.4724026,-35.2031732],[-70.5087754,-35.2015576],[-70.5169459,-35.2061896],[-70.52255271159967,-35.20372697167483],[-70.542899,-35.209271],[-70.5721746,-35.2506711],[-70.5726611,-35.2561083],[-70.57870461448563,-35.25944581585344]]]}},{"type":"Feature","id":"pfalz","properties":{"name":"Pfalz","slug":"pfalz","parent_iso_a3":"DEU","source_name":"OpenStreetMap via Nominatim","source_url":"https://nominatim.openstreetmap.org/","source_license":"ODbL 1.0","source_queries":"Bad Dürkheim, Germany => Bad Dürkheim, Landkreis Bad Dürkheim, Rheinland-Pfalz, 67098, Deutschland | Südliche Weinstraße, Germany => Landkreis Südliche Weinstraße, Rheinland-Pfalz, Deutschland | Neustadt an der Weinstraße, Germany => Neustadt an der Weinstraße, Rheinland-Pfalz, Deutschland | Landau in der Pfalz, Germany => Landau in der Pfalz, Rheinland-Pfalz, Deutschland"},"geometry":{"type":"MultiPolygon","coordinates":[[[[7.8252036,49.2486485],[7.8274168,49.2465564],[7.8488027,49.2574449],[7.8775667,49.2497318],[7.8826402,49.2445429],[7.8671662,49.239173],[7.8657894,49.2342785],[7.8763039,49.2313489],[7.8821701,49.2343506],[7.9009654,49.2327568],[7.9038011,49.2227959],[7.9094593,49.2192023],[7.9002566,49.2109252],[7.9148764,49.2097511],[7.9131308,49.2040516],[7.9179051,49.2030821],[7.8883311,49.1907879],[7.9043871,49.1892157],[7.9104273,49.1804567],[7.9166484,49.177836],[7.915882,49.1728296],[7.9083337,49.1673301],[7.9106034,49.1630616],[7.8956905,49.1513009],[7.8985974,49.1478834],[7.8873561,49.1422613],[7.8716863,49.1499791],[7.870986,49.1542027],[7.8625031,49.156058],[7.8577099,49.1514458],[7.8593877,49.1466956],[7.854932,49.1451141],[7.8542327,49.13858],[7.8457277,49.1331388],[7.8532944,49.1313845],[7.863068,49.1158456],[7.8874679,49.114386],[7.905049,49.1180745],[7.9129211,49.1141145],[7.908149,49.1073099],[7.9143476,49.1019148],[7.9099248,49.0926655],[7.8874442,49.0916265],[7.8894117,49.0900258],[7.8854413,49.0852493],[7.8936492,49.0754414],[7.8837306,49.0643026],[7.8835687,49.0534119],[7.8926494,49.0486364],[7.8933573,49.0548887],[7.9030339,49.0563536],[7.9077437,49.0467879],[7.9115831,49.0486675],[7.9131349,49.0401594],[7.9234264,49.0443102],[7.9315456,49.0580122],[7.9452909,49.0555975],[7.9493694,49.0471479],[7.9667397,49.0417935],[7.9669246,49.0362483],[7.9720144,49.0361755],[7.9750359,49.0265644],[8.0003605,49.0283161],[8.0227663,49.0181918],[8.0495522,49.014457],[8.068397,48.999405],[8.066126,49.0092342],[8.0739779,49.0168863],[8.0764604,49.0331485],[8.0696233,49.0629522],[8.0570111,49.0607408],[8.0555635,49.0738734],[8.0771647,49.0720703],[8.0849081,49.0869869],[8.1023412,49.085338],[8.101177,49.0987771],[8.1206569,49.1027498],[8.1180543,49.131844],[8.1345397,49.1265782],[8.1697017,49.135763],[8.1704866,49.1278061],[8.1772686,49.1253395],[8.1786935,49.1209589],[8.1911537,49.1189332],[8.189344,49.1165874],[8.1981697,49.111979],[8.2106528,49.1089326],[8.2094916,49.1175016],[8.2221977,49.1163609],[8.2237768,49.126965],[8.2315745,49.1240682],[8.2525211,49.1275497],[8.2558106,49.1245427],[8.2640442,49.1258059],[8.2552085,49.1455753],[8.2560673,49.1505108],[8.2638522,49.1534865],[8.2619334,49.1601047],[8.257686,49.1591358],[8.2561942,49.1728988],[8.2163788,49.1710495],[8.2151177,49.1959831],[8.2178779,49.1962997],[8.2181094,49.2015995],[8.2155062,49.2092459],[8.2375049,49.2104421],[8.2388403,49.2320325],[8.2328583,49.2403641],[8.2360702,49.243222],[8.2361032,49.2508575],[8.2316521,49.2602189],[8.2511694,49.2631251],[8.2475858,49.2754847],[8.2970597,49.282652],[8.3196025,49.2934819],[8.320257,49.2967131],[8.3143247,49.2983861],[8.3240595,49.3005408],[8.3173792,49.3107697],[8.2990683,49.3163443],[8.2792281,49.3166488],[8.2267145,49.3330862],[8.2277813,49.3467397],[8.2179507,49.3474456],[8.2162919,49.3522361],[8.2198223,49.3648136],[8.2253365,49.371092],[8.2232694,49.3786311],[8.2084848,49.3783101],[8.207209,49.3822887],[8.1990482,49.3822157],[8.1986652,49.3854933],[8.1826175,49.3828978],[8.1830604,49.3859122],[8.1782181,49.3869081],[8.1803638,49.3902157],[8.1481914,49.3918974],[8.1329868,49.4009799],[8.1317657,49.3962429],[8.137138,49.3887087],[8.123022,49.3812736],[8.0995873,49.39255],[8.0971037,49.3870339],[8.1012451,49.3844742],[8.1012006,49.3803114],[8.0950461,49.3721265],[8.1063047,49.3693907],[8.102749,49.3644394],[8.0909497,49.3603849],[8.0758619,49.3629215],[8.0502106,49.3529806],[8.0361646,49.3525076],[8.0261249,49.3566882],[8.0153526,49.3521946],[8.0104163,49.3446075],[8.00170225395529,49.341831558376015],[8.0010726,49.3443815],[7.9894923,49.33898],[7.985472,49.3432482],[7.9796977,49.339614],[7.9811705,49.3337616],[7.9376058,49.320258],[7.935970743218386,49.30885668228369],[7.9129077,49.3164331],[7.892054,49.311813],[7.8676543,49.3134223],[7.8652674,49.3106963],[7.87341,49.3035338],[7.8687188,49.2886345],[7.87230995940915,49.283773869208105],[7.8687468,49.2783346],[7.8562866,49.2722693],[7.8487797,49.274096],[7.8322212,49.2703484],[7.8283459,49.2663502],[7.8252036,49.2486485]],[[7.9045857,49.2821952],[7.907975559915861,49.279788878267176],[7.9073203,49.2795475],[7.9045857,49.2821952]],[[7.9243398,49.2892595],[7.9347468,49.2891147],[7.938327057256937,49.288258914616485],[7.9243398,49.2892595]],[[7.9365791,49.2822943],[7.945879183317661,49.28059495793413],[7.9458078,49.2804705],[7.9365791,49.2822943]],[[7.938901821347566,49.29358495495302],[7.941182209402376,49.29343856388049],[7.9390187,49.2928611],[7.938901821347566,49.29358495495302]],[[7.941770555124036,49.287435818695904],[7.9471796,49.2861429],[7.9475189890742985,49.283908703446684],[7.941770555124036,49.287435818695904]],[[7.947182203196219,49.28286679353279],[7.947550132202842,49.28370368838957],[7.9475736,49.2835492],[7.947182203196219,49.28286679353279]],[[7.961049358056861,49.259745461489985],[7.9721361,49.2640634],[7.9642703,49.2593519],[7.961049358056861,49.259745461489985]],[[8.001851818814576,49.34122585796395],[8.013553789236482,49.336311002158624],[8.0022565,49.339587],[8.001851818814576,49.34122585796395]],[[8.0119906,49.3247748],[8.012399885746357,49.32520857662982],[8.0128959,49.3212738],[8.0119906,49.3247748]],[[8.013054430309195,49.325902287898934],[8.020229829340348,49.333507049210695],[8.0216947,49.3328918],[8.013054430309195,49.325902287898934]],[[8.3043346,49.3085662],[8.304863929426528,49.30856140933247],[8.3054944,49.3049226],[8.3043346,49.3085662]]],[[[7.9518051,49.472457],[7.9562515,49.4646559],[7.9518946,49.4606895],[7.9612826,49.4516677],[7.9652305,49.4408608],[7.9744378,49.4455618],[7.9731759,49.4409594],[7.9817434,49.4402141],[7.9871272,49.4445297],[7.9815749,49.4500998],[7.988148,49.4458069],[7.9954227,49.4513412],[7.9929045,49.446538],[7.9990933,49.4442957],[7.9911501,49.4455233],[7.995213,49.4422759],[7.9883603,49.4430998],[7.984156,49.4400483],[7.9890672,49.4386751],[7.981136,49.4367025],[7.987834,49.4350207],[8.0013329,49.4396315],[7.9966569,49.4355239],[8.0024413,49.4341191],[7.9850062,49.4339915],[7.9792583,49.4313086],[7.980297,49.4290239],[7.9885118,49.4296045],[7.9871062,49.4263316],[8.0018651,49.4297452],[7.996092,49.424221],[7.9970035,49.4206276],[8.0015141,49.4198911],[8.0021638,49.4154574],[8.0087519,49.415122],[8.0065082,49.4091289],[8.0220826,49.4040664],[8.0194616,49.4003417],[8.0229042,49.3983212],[8.0372771,49.4056016],[8.0613123,49.404392],[8.080068,49.4177779],[8.10104,49.4186178],[8.1336,49.4459327],[8.1543738,49.4457492],[8.2061251,49.4611113],[8.2077438,49.4583011],[8.2220063,49.4588346],[8.220825,49.4654722],[8.2524372,49.477774],[8.247773,49.4860323],[8.2544034,49.489178],[8.2418518,49.4894149],[8.213262,49.4802932],[8.209113,49.4865146],[8.2056223,49.4854851],[8.203132,49.4948916],[8.1955561,49.4942611],[8.1903713,49.4880366],[8.1452012,49.4751627],[8.1522688,49.4844181],[8.1617133,49.487515],[8.1696023,49.5018247],[8.1625955,49.5044425],[8.1465392,49.5023531],[8.1257076,49.4977341],[8.1301554,49.4918311],[8.1220727,49.486734],[8.1249565,49.4792338],[8.1377203,49.482088],[8.129124,49.4723375],[8.1119928,49.4736669],[8.0972572,49.4845796],[8.0905871,49.4795618],[8.0925309,49.4722608],[8.0796957,49.4633275],[8.07228,49.4665918],[8.0725034,49.4777056],[8.0674838,49.4750371],[8.0672709,49.4634519],[8.0781738,49.454677],[8.0680135,49.4511325],[8.0566548,49.4518458],[8.052156,49.4595441],[8.0415336,49.4593515],[8.0377233,49.4639393],[8.0327764,49.4597653],[8.0165206,49.4639308],[7.9947807,49.4859877],[7.9518051,49.472457]]]]}},{"type":"Feature","id":"mosel","properties":{"name":"Mosel","slug":"mosel","parent_iso_a3":"DEU","source_name":"OpenStreetMap via Nominatim","source_url":"https://nominatim.openstreetmap.org/","source_license":"ODbL 1.0","source_queries":"Bernkastel-Wittlich, Germany => Landkreis Bernkastel-Wittlich, Rheinland-Pfalz, Deutschland | Cochem-Zell, Germany => Landkreis Cochem-Zell, Rheinland-Pfalz, Deutschland | Trier-Saarburg, Germany => Landkreis Trier-Saarburg, Rheinland-Pfalz, Deutschland"},"geometry":{"type":"MultiPolygon","coordinates":[[[[6.3583622,49.5724506],[6.3823299,49.5585842],[6.3809834,49.5510616],[6.3889467,49.5482939],[6.4139991,49.547237],[6.4141661,49.5433045],[6.4301409,49.5491239],[6.4442557,49.542734],[6.4484842,49.5445116],[6.4520191,49.5382612],[6.4637361,49.544288],[6.4734886,49.5437573],[6.4940861,49.5305177],[6.5146144,49.5349106],[6.5137091,49.529661],[6.5165635,49.5274877],[6.5235052,49.5285228],[6.538663,49.5394313],[6.554662,49.5358423],[6.5637658,49.5406251],[6.5744252,49.5343695],[6.5800654,49.5223348],[6.5847617,49.5194892],[6.6055387,49.5167005],[6.6111679,49.520763],[6.6075922,49.5276932],[6.6194787,49.530307],[6.6168856,49.5355285],[6.6323049,49.5417167],[6.6402937,49.5406568],[6.6415465,49.5375862],[6.6457979,49.539035],[6.6513161,49.5438605],[6.6529961,49.5511759],[6.6583891,49.5438385],[6.6642393,49.5427046],[6.6838245,49.548152],[6.6905805,49.5352664],[6.7005251,49.5417587],[6.7096295,49.553648],[6.7340311,49.5601929],[6.7481288,49.5579784],[6.7650736,49.5677056],[6.7785948,49.5702546],[6.798141,49.5860138],[6.8136779,49.5920532],[6.8349918,49.5830132],[6.8415148,49.5883056],[6.8391526,49.5926666],[6.8439528,49.5900145],[6.8573999,49.6052978],[6.8645864,49.6079825],[6.8707052,49.6081339],[6.8763071,49.6023684],[6.8796763,49.6083523],[6.8899168,49.6066655],[6.8840817,49.611736],[6.8943092,49.6157795],[6.9210513,49.6165384],[6.9294601,49.6125249],[6.9277017,49.6181803],[6.9375941,49.6178007],[6.9342724,49.6217569],[6.9380259,49.6247245],[6.9333866,49.6310668],[6.9447108,49.6359292],[6.9486645,49.6350907],[6.951336,49.6251485],[6.9583,49.6307179],[6.9665318,49.6304579],[6.9751275,49.6354974],[6.9783511,49.6358443],[6.9784011,49.6326057],[6.9915677,49.635465],[6.986088,49.621078],[7.0013558,49.6313008],[7.0123594,49.6283856],[7.0507547,49.6548073],[7.0520145,49.6595907],[7.0436146,49.6728962],[7.0530233,49.6733012],[7.0537966,49.6771629],[7.0652015,49.6768788],[7.042919834989359,49.68962143489496],[7.09598,49.728656],[7.1080082,49.7446267],[7.1301483,49.7564858],[7.1309689,49.7633693],[7.1252202,49.7722098],[7.1272034,49.7768586],[7.2145417,49.8301847],[7.2638749,49.8554132],[7.2455471,49.8703113],[7.2384021,49.8734619],[7.2401619,49.8693274],[7.2333649,49.8689684],[7.2305333,49.8717221],[7.2358169,49.87564],[7.2172676,49.889449],[7.2118599,49.9001839],[7.2196278,49.9038115],[7.2198467,49.9114676],[7.2335619,49.9157166],[7.2533698,49.9415243],[7.2213314,49.9485854],[7.2190851,49.9542561],[7.213685,49.9568041],[7.2133995,49.9618599],[7.2063525,49.9622839],[7.1898979,49.9769512],[7.2015772,49.9665754],[7.2156362,49.9672883],[7.2433692,49.9592663],[7.2531198,49.961818],[7.2487499,49.967546],[7.2520499,49.9656216],[7.2569602,49.9697491],[7.2645431,49.9675214],[7.2597658,49.9713089],[7.2604094,49.9762194],[7.2684115,49.9718359],[7.2854061,49.971149],[7.2908113,49.9810599],[7.2860019,49.9944944],[7.30605,49.9931525],[7.3317563,50.0026315],[7.3348628,50.0105506],[7.3482869,50.0093568],[7.354411,50.0121075],[7.3536891,50.0184698],[7.3431655,50.0304364],[7.3273821,50.0588448],[7.3146335,50.0659044],[7.3182518,50.0682089],[7.3265035,50.0626089],[7.3405272,50.0631832],[7.3437593,50.0670622],[7.3437813,50.0817406],[7.3483346,50.0863626],[7.3376244,50.0947199],[7.3217006,50.0938023],[7.3199029,50.0981072],[7.3083648,50.1038267],[7.3034639,50.1106208],[7.3062962,50.1135942],[7.3005896,50.1115172],[7.2967725,50.1144912],[7.2975294,50.1181306],[7.2933353,50.1190943],[7.3145795,50.1349866],[7.3286657,50.1257669],[7.3404875,50.1295373],[7.34593,50.1262969],[7.3589971,50.1335864],[7.369063,50.1287679],[7.376108,50.1336537],[7.3743727,50.1393542],[7.3686395,50.1406241],[7.3703909,50.144829],[7.3633243,50.1453475],[7.381965,50.1607613],[7.3750553,50.1734944],[7.3686228,50.1726577],[7.3736567,50.1773749],[7.3701902,50.1803846],[7.3606146,50.1786038],[7.3585539,50.1831893],[7.3440396,50.1837294],[7.364182,50.1871298],[7.3723728,50.1921463],[7.383296,50.2089287],[7.3683783,50.2113181],[7.3645059,50.2149467],[7.3668346,50.2177384],[7.3576519,50.2154496],[7.350096,50.2083504],[7.3511479,50.2043909],[7.3463086,50.203296],[7.3512099,50.2013012],[7.350103,50.1974327],[7.3449468,50.2006333],[7.3130979,50.1982787],[7.3006692,50.2066146],[7.2934116,50.2030495],[7.2971677,50.2104831],[7.3080654,50.2066042],[7.3189995,50.2144617],[7.3142128,50.2206446],[7.3060089,50.2205928],[7.2998328,50.2265203],[7.3035709,50.2305433],[7.298272,50.2301972],[7.2951497,50.2337257],[7.2972536,50.2352443],[7.2908799,50.2360322],[7.2931942,50.2390929],[7.2853803,50.2409627],[7.2909375,50.2430955],[7.2797671,50.2442053],[7.2707074,50.2491448],[7.2746209,50.2504876],[7.2709639,50.2521248],[7.2520191,50.25547],[7.243309,50.2531911],[7.2459969,50.2610299],[7.2382011,50.2595556],[7.2300433,50.2636791],[7.2123635,50.2577086],[7.1966852,50.264293],[7.191178,50.2621192],[7.1854028,50.2653498],[7.1888333,50.2697294],[7.1856587,50.2795483],[7.176727,50.2743068],[7.1733025,50.2809901],[7.1688062,50.2780374],[7.163354,50.2811081],[7.156322,50.2759436],[7.1492329,50.2758599],[7.1522766,50.2718961],[7.1449147,50.2674596],[7.1345612,50.2646669],[7.1296229,50.2670816],[7.1235798,50.263237],[7.1200623,50.2692443],[7.1254893,50.2770633],[7.1140292,50.2702592],[7.1033477,50.2735058],[7.0773415,50.2704652],[7.0717982,50.281113],[7.0620799,50.2623523],[7.0642784,50.2591204],[7.0523801,50.2450735],[7.0552585,50.2398416],[7.0363761,50.2363511],[7.0347247,50.2259966],[7.0228043,50.2256038],[7.0068446,50.2192302],[7.0041398,50.2223216],[7.0066893,50.2260342],[6.9942747,50.2371248],[6.9880586,50.2340652],[6.9765147,50.2365128],[6.9669574,50.2272751],[6.9553327,50.223862],[6.9607932,50.2193895],[6.9521506,50.2086828],[6.9641358,50.186955],[6.9619547,50.1845922],[6.9645125,50.180137],[6.9732393,50.1742129],[6.9722282,50.1678054],[6.9679656,50.1658548],[6.9725033,50.1613256],[6.9556304,50.1576537],[6.9699018,50.1487094],[6.9765714,50.1385499],[6.9941009,50.1366611],[6.9958126,50.1335715],[6.9889405,50.1332718],[6.9898395,50.1310727],[6.9791479,50.1239014],[6.983375,50.1217218],[6.9779357,50.1130107],[6.985022,50.1083904],[6.9791185,50.1078342],[6.9828039,50.1048366],[6.9767129,50.1067283],[6.9795575,50.101144],[6.9839679,50.1006005],[6.979263008011368,50.09724030441841],[6.9660655,50.0973001],[6.969927,50.0888427],[6.9558795,50.083774],[6.9537784,50.0798486],[6.9428764,50.0887945],[6.9098532,50.0736145],[6.9064337,50.075237],[6.9052748,50.0856088],[6.8988788,50.0946067],[6.8984778,50.0974425],[6.9028687,50.0980102],[6.9003179,50.1012352],[6.8772619,50.1078833],[6.8801346,50.1149096],[6.8774278,50.1184771],[6.8684211,50.1201509],[6.8582167,50.1305131],[6.814579,50.1240488],[6.8143928,50.1196835],[6.7757556,50.1082992],[6.7713142,50.1106409],[6.7754126,50.1135476],[6.7555375,50.1177061],[6.7484495,50.1137765],[6.7517651,50.1090691],[6.7322358,50.0962393],[6.7293553,50.0905111],[6.7019303,50.0886763],[6.6947934,50.0685646],[6.6987528,50.0592766],[6.7189471,50.0435332],[6.6989718,50.0402448],[6.7048849,50.0311768],[6.7001035,50.0222891],[6.7109821,50.0163805],[6.7089754,50.0134238],[6.7175711,50.0056187],[6.7165233,49.9963647],[6.7224334,49.9946899],[6.7280147,49.9839551],[6.7139887,49.98479],[6.6811796,49.9650486],[6.6868621,49.9555105],[6.704845,49.9473452],[6.7080506,49.940563],[6.70534,49.9281954],[6.6989539,49.9307631],[6.6990579,49.9273374],[6.7138888,49.9196313],[6.7117887,49.9058088],[6.716774093049057,49.8995412801319],[6.693478,49.9177099],[6.6899973,49.9093319],[6.681859,49.9099711],[6.6787496,49.9081874],[6.6803694,49.9020834],[6.6718579,49.9012104],[6.6726977,49.8966369],[6.677745,49.8965489],[6.6410931,49.884365],[6.6363267,49.8757922],[6.6181684,49.8834222],[6.6080539,49.8777055],[6.6031748,49.8786455],[6.600675,49.8859943],[6.6059543,49.8895421],[6.6055238,49.8971372],[6.6129049,49.900528],[6.5994357,49.896539],[6.5961937,49.8906591],[6.5843015,49.8853341],[6.5861243,49.8742508],[6.5796129,49.8673734],[6.5712952,49.8697552],[6.5705031,49.8669994],[6.5517682,49.8653484],[6.5260619,49.8523628],[6.5343577,49.8452756],[6.5309632,49.8441387],[6.5335986,49.8390985],[6.5181345,49.8420456],[6.5039171,49.8385345],[6.4839882,49.8264955],[6.4888153,49.8249169],[6.4771988,49.8224614],[6.4853954,49.8136616],[6.5056934,49.8098354],[6.5115643,49.8024731],[6.5205936,49.8134937],[6.5299244,49.8091869],[6.531065,49.805212],[6.5223179,49.7974606],[6.5060787,49.7894878],[6.5171871,49.7830296],[6.5101376,49.774107],[6.5179157,49.7689228],[6.5190639,49.7625599],[6.5009708,49.7523975],[6.5023594,49.7329121],[6.517683,49.7234631],[6.5114193,49.7202549],[6.502718,49.726305],[6.4960079,49.7255459],[6.5068417,49.7164249],[6.5061588,49.7123318],[6.489091754591363,49.70346613478607],[6.491727,49.700792],[6.454234114516717,49.68502472222402],[6.4310856,49.6687412],[6.4271336,49.6618786],[6.4378414,49.6604939],[6.4412556,49.6561947],[6.4223003,49.6206493],[6.3995571,49.6018658],[6.385397,49.5989971],[6.3769283,49.5928249],[6.3753223,49.5875835],[6.3830776,49.581049],[6.3823414,49.5768833],[6.3688412,49.5784321],[6.3583622,49.5724506]],[[6.551792,49.7292294],[6.5580096,49.7347859],[6.552923,49.7398034],[6.5556413,49.7435521],[6.5703272,49.7509984],[6.5749489,49.7571167],[6.6007443,49.7542282],[6.6034812,49.7557815],[6.6011938,49.7576389],[6.6190816,49.7643289],[6.6122195,49.7658564],[6.6081969,49.7710553],[6.5943732,49.7732769],[6.5898888,49.776198],[6.5904627,49.7800624],[6.5978965,49.7778183],[6.6036699,49.7805085],[6.5960827,49.7844506],[6.622083,49.7821874],[6.6329094,49.7857989],[6.6307129,49.7888088],[6.636541,49.7972717],[6.6356456,49.8026566],[6.6505783,49.806489],[6.6599689,49.8127827],[6.6627311,49.818836],[6.6599436,49.822541],[6.666768,49.8275095],[6.6641208,49.8296168],[6.6719774,49.8426574],[6.6737023,49.8529851],[6.6933974,49.8569851],[6.7057921,49.8450591],[6.7036103,49.8400269],[6.7116462,49.8348031],[6.7073196,49.8278431],[6.7134247,49.821853],[6.7471503,49.811891],[6.7043484,49.8020103],[6.7049005,49.7933341],[6.7130483,49.7960399],[6.7267227,49.7914133],[6.7323003,49.784038],[6.7393361,49.7832532],[6.7382779,49.7761445],[6.7207761,49.7722599],[6.7133458,49.7766827],[6.6965961,49.7718992],[6.6861365,49.7640025],[6.6871474,49.7602482],[6.6943159,49.7578813],[6.6952541,49.7628722],[6.6985605,49.7630327],[6.7062648,49.7531581],[6.7132913,49.7611793],[6.7150705,49.7587365],[6.7076617,49.7511584],[6.7109177,49.7478709],[6.7155714,49.7485046],[6.7296433,49.738257],[6.7400101,49.7415118],[6.7439657,49.7388389],[6.7369077,49.7296292],[6.7232291,49.7370587],[6.7133481,49.7342613],[6.7163381,49.7280373],[6.7093707,49.7214793],[6.7134217,49.7171463],[6.7052148,49.7193666],[6.6965007,49.7097455],[6.689782,49.7103437],[6.6896026,49.713737],[6.6883831,49.7089105],[6.6701302,49.7081481],[6.6638418,49.7133415],[6.6573772,49.7118877],[6.6518696,49.7029304],[6.6488479,49.7043092],[6.6432401,49.6986005],[6.6310772,49.7023629],[6.6134356,49.6992152],[6.6161655,49.7017716],[6.611426,49.70172],[6.6152187,49.7051453],[6.6103062,49.7089363],[6.6187474,49.7239434],[6.562124,49.7009576],[6.5587084,49.7015942],[6.5626733,49.712705],[6.5574558,49.7181486],[6.5558663,49.727211],[6.551792,49.7292294]],[[6.7169514,49.8855741],[6.7350063,49.880598],[6.7250946,49.8816909],[6.7169514,49.8855741]],[[6.9242536,49.8028116],[6.9371649,49.80646],[6.941654406454827,49.804892793253984],[6.9242536,49.8028116]],[[6.942880268460433,49.805039410351476],[6.949423,49.8087492],[6.9445089,49.8052342],[6.942880268460433,49.805039410351476]],[[6.949562292769299,49.81826772980367],[6.9510208,49.8179457],[6.950627689405689,49.81746164211211],[6.949562292769299,49.81826772980367]],[[6.9777054,50.0865707],[6.9806179,50.0885235],[6.9780220965703155,50.0865243832382],[6.9777054,50.0865707]]],[[[7.0763381171304625,50.27680319723756],[7.0763694,50.2767735],[7.078284,50.2795465],[7.0763381171304625,50.27680319723756]]]]}},{"type":"Feature","id":"rheingau","properties":{"name":"Rheingau","slug":"rheingau","parent_iso_a3":"DEU","source_name":"OpenStreetMap via Nominatim","source_url":"https://nominatim.openstreetmap.org/","source_license":"ODbL 1.0","source_queries":"Rheingau, Germany => Rheingau-Taunus-Kreis, Hessen, Deutschland"},"geometry":{"type":"Polygon","coordinates":[[[7.7724673,50.0583311],[7.7797712,50.0509886],[7.8079794,50.03884],[7.8320702,50.0207742],[7.8516204,50.0134595],[7.8585972,50.0065018],[7.8648308,49.9811273],[7.8737995,49.974138],[7.8865825,49.9718945],[7.9688282,49.9779809],[8.0334849,50.0013308],[8.078867,50.0066619],[8.1256843,50.0232391],[8.1751588,50.0340884],[8.161125,50.0518241],[8.1338367,50.0702268],[8.1224808,50.0745908],[8.1114151,50.0729655],[8.1112821,50.0842608],[8.1306523,50.0811395],[8.137803,50.0875729],[8.1311126,50.0919793],[8.1153617,50.0890633],[8.1121711,50.093651],[8.1322927,50.103367],[8.1601146,50.1242491],[8.1811692,50.1257514],[8.1818662,50.1219904],[8.1861217,50.1242942],[8.1847086,50.1211614],[8.2328716,50.1383274],[8.2447074,50.1496661],[8.2758872,50.1518098],[8.2823263,50.150746],[8.283212,50.1471171],[8.3042109,50.1516175],[8.3232429,50.1510718],[8.3274624,50.1445757],[8.3389977,50.1523334],[8.3388872,50.157352],[8.3467444,50.160632],[8.3696482,50.1558955],[8.3694091,50.1595828],[8.3648447,50.1578058],[8.3637139,50.1607374],[8.3687357,50.1629735],[8.3612025,50.1694685],[8.3510954,50.1696575],[8.3449672,50.1762256],[8.3590703,50.1851605],[8.3522316,50.189229],[8.341027,50.1876246],[8.3364863,50.1917701],[8.3521021,50.1910234],[8.3521912,50.2044431],[8.35986,50.2148173],[8.4059603,50.2219113],[8.4036276,50.2283672],[8.3921981,50.237215],[8.3772865,50.2421466],[8.4063574,50.2506704],[8.4084994,50.2528439],[8.4060955,50.2565169],[8.4114872,50.258879],[8.4095489,50.2664467],[8.385709,50.2807895],[8.3787219,50.2813276],[8.3821362,50.2838517],[8.3777931,50.2881413],[8.3686223,50.2886053],[8.3715506,50.2957727],[8.3603826,50.2960948],[8.3502242,50.294473],[8.3449725,50.2826704],[8.3258609,50.2826395],[8.3238743,50.2758107],[8.3163594,50.2720386],[8.3018961,50.270963],[8.3010267,50.2765009],[8.2899989,50.2787122],[8.2763376,50.2757317],[8.2561672,50.2636459],[8.2507569,50.2652572],[8.2409943,50.2789489],[8.2318526,50.2750602],[8.2189441,50.2920279],[8.1996688,50.2891492],[8.1678827,50.2754763],[8.1417485,50.2815762],[8.1303383,50.2808145],[8.111327,50.2705614],[8.1069754,50.260847],[8.1030615,50.2596562],[8.0917447,50.2654509],[8.0788657,50.2605184],[8.0826049,50.2657952],[8.0743706,50.2671767],[8.0721505,50.2735297],[8.0358503,50.2712134],[8.0358858,50.2642955],[8.0214941,50.2583042],[8.0251706,50.2535255],[8.0315612,50.2557971],[8.0379112,50.2489743],[8.0368497,50.2445323],[8.0496611,50.2446566],[8.048294,50.2407137],[8.0585441,50.2342381],[8.0404398,50.2268712],[8.034507,50.2216793],[8.0378834,50.2195721],[8.0349461,50.2158338],[8.0118233,50.2180765],[8.0115589,50.2221274],[8.0029694,50.2241619],[8.0062708,50.2286341],[7.993303,50.2317344],[7.9970289,50.2361259],[7.9893502,50.2386781],[7.9852787,50.2271095],[7.9528103,50.2204383],[7.9480043,50.2174884],[7.9514179,50.2142072],[7.9471826,50.2100343],[7.9208299,50.2078735],[7.9098223,50.2038024],[7.9066031,50.2016354],[7.9128753,50.1954042],[7.8827832,50.1814794],[7.8886505,50.1738386],[7.8848177,50.168235],[7.8911759,50.1626437],[7.9324598,50.1438804],[7.9222704,50.1345278],[7.9240206,50.1210506],[7.927776,50.1186958],[7.9243407,50.1127792],[7.9292146,50.1032629],[7.9237389,50.1035266],[7.9254792,50.1011572],[7.9205178,50.1036852],[7.9179683,50.1110659],[7.9045184,50.1216295],[7.8977159,50.1217595],[7.8844495,50.1142235],[7.8658345,50.1204312],[7.8655424,50.1247182],[7.8541934,50.1285672],[7.8474155,50.1249735],[7.8442455,50.1113648],[7.8352615,50.1100694],[7.8379295,50.1075542],[7.8344757,50.1037866],[7.8391398,50.1015277],[7.8297601,50.0977925],[7.8310048,50.0928505],[7.8356369,50.0950904],[7.8332154,50.0924684],[7.8387298,50.087599],[7.8373559,50.0839695],[7.8281778,50.0816517],[7.821297,50.0845562],[7.8177845,50.0806329],[7.8028331,50.0848184],[7.7868278,50.0718496],[7.7869822,50.0688635],[7.7734346,50.067073],[7.7724673,50.0583311]]]}}]}
