{"type":"FeatureCollection","features":[{"type":"Feature","id":"cote-de-nuits","properties":{"slug":"cote-de-nuits","name":"Cote de Nuits","parent_slug":"burgundy","source_name":"OpenStreetMap via Overpass + Nominatim","source_url":"https://overpass-api.de/ ; https://nominatim.openstreetmap.org/","source_license":"ODbL 1.0","source_communes":"Marsannay-la-Côte (R134197) | Fixin (R134188) | Gevrey-Chambertin (R134176) | Morey-Saint-Denis (R134036) | Chambolle-Musigny (R134034) | Vougeot (R134028) | Flagey-Échezeaux (search) | Vosne-Romanée (R131382) | Nuits-Saint-Georges (R131393) | Premeaux-Prissey (R131401) | Comblanchien (R131411) | Corgoloin (R131421)"},"geometry":{"type":"MultiPolygon","coordinates":[[[[4.8943439,47.0936736],[4.8996845,47.0883511],[4.895852,47.0851794],[4.9048873,47.0761443],[4.907113,47.0786278],[4.9170407,47.0748111],[4.9320148,47.0741316],[4.9344997,47.0764892],[4.941828,47.0714338],[4.941499,47.0679507],[4.9626322,47.0621578],[4.9667478,47.0657945],[4.9691175,47.063378],[4.9749858,47.0670274],[4.9763949,47.0747171],[4.9666016,47.0796472],[4.9659141,47.088871],[4.9682692,47.0938745],[4.959517,47.098461],[4.9606628,47.1001905],[4.9575656,47.1031816],[4.9589346,47.1064223],[4.9553996,47.107082],[4.9590419,47.1132494],[4.9521895,47.1151891],[4.9580173,47.1161083],[4.9607749,47.1197794],[4.9655352,47.121155],[4.9793858,47.1368078],[4.9730478,47.1383928],[4.9688988,47.1462214],[4.9619591,47.1480132],[4.9623014,47.1499707],[4.9669876,47.1549332],[4.9763965,47.1552157],[4.9767915,47.1492297],[4.9818244,47.1488742],[4.9814584,47.1466087],[4.9874781,47.147412],[4.9883105,47.1436471],[4.9962413,47.1453101],[5.0140882,47.1440405],[5.0151778,47.1490946],[5.0095996,47.1565164],[4.9843924,47.1676348],[4.983567,47.1705594],[4.9653603,47.1757018],[4.9639765,47.1781421],[4.9671519,47.1864063],[4.9745587,47.1848137],[4.9802226,47.1890855],[4.9830609,47.1883094],[4.9841978,47.1919165],[4.991157,47.1908546],[4.9934537,47.1935663],[5.0055789,47.1921384],[4.9955027,47.2006441],[5.0074841,47.2084518],[5.0115407,47.2180637],[5.016447,47.2185853],[5.026825,47.2148848],[5.0247236,47.2025933],[5.0297399,47.2017332],[5.0427927,47.2083256],[5.0414526,47.2092364],[5.0444771,47.2136183],[5.0499644,47.2171066],[5.0398345,47.2202655],[5.0408877,47.2236981],[5.0286871,47.2253403],[5.0303805,47.2353053],[5.0167751,47.2350966],[5.0157094,47.2323867],[4.992379,47.2334544],[4.9796688,47.2298205],[4.9647163,47.2356907],[4.9294498,47.2366944],[4.9314343,47.2239605],[4.9260658,47.2238754],[4.930269,47.2223984],[4.9229934,47.2139418],[4.9318315,47.2089904],[4.92166,47.1992131],[4.9208399,47.188339],[4.9170095,47.1878882],[4.914762,47.1839195],[4.9159061,47.1771505],[4.9095331,47.1760267],[4.9105588,47.1692382],[4.9034052,47.1609795],[4.9075172,47.1566012],[4.9104676,47.1584782],[4.9132408,47.1554869],[4.9127906,47.1520261],[4.9174937,47.1524178],[4.9178832,47.1487447],[4.9122269,47.1435052],[4.9235126,47.1381842],[4.9271524,47.1338175],[4.9270615,47.1293703],[4.9248309,47.1243972],[4.9030026,47.1091517],[4.9018478,47.1053088],[4.905296,47.1000082],[4.8943439,47.0936736]]],[[[4.9039675,47.2567409],[4.9105455,47.2519887],[4.917766,47.2502726],[4.9437435,47.2492386],[4.9379458,47.2468526],[4.928536,47.2484514],[4.9346491,47.2434849],[4.9697759,47.2425971],[4.9852344,47.238403],[4.9866077,47.2411637],[5.0174201,47.2358825],[5.0221122,47.235927],[5.022677,47.2378028],[5.0118733,47.2480465],[4.9903843,47.250581],[4.9915336,47.2536416],[4.9659564,47.2531383],[4.9215056,47.2600889],[4.9191045,47.2564592],[4.9073163,47.2607709],[4.9039675,47.2567409]]],[[[4.9386234,47.2786466],[4.9523805,47.2787912],[4.9543173,47.2782721],[4.9519581,47.2754751],[4.9535087,47.2734468],[4.9641998,47.2718059],[4.9717046,47.2677754],[4.9996281,47.2632421],[5.002781,47.2721347],[5.0090637,47.2742417],[5.0196543,47.2734451],[5.0186671,47.2717741],[5.0249535,47.2678401],[5.035351,47.2645974],[5.0366577,47.2709924],[5.0289059,47.2740994],[5.0263821,47.2799124],[4.9915937,47.2869316],[4.9704767,47.2973901],[4.9547141,47.2924914],[4.9475751,47.2854791],[4.9478353,47.2827431],[4.9386234,47.2786466]]]]}},{"type":"Feature","id":"cote-de-beaune","properties":{"slug":"cote-de-beaune","name":"Cote de Beaune","parent_slug":"burgundy","source_name":"OpenStreetMap via Overpass + Nominatim","source_url":"https://overpass-api.de/ ; https://nominatim.openstreetmap.org/","source_license":"ODbL 1.0","source_communes":"Ladoix-Serrigny (R131429) | Aloxe-Corton (R131596) | Pernand-Vergelesses (R131597) | Savigny-lès-Beaune (R131594) | Chorey-les-Beaune (R131442) | Beaune (R74091) | Pommard (R126829) | Volnay (R127321) | Monthelie (R128126) | Auxey-Duresses (R129336) | Meursault (R128122) | Puligny-Montrachet (R128158) | Chassagne-Montrachet (R130323) | Saint-Aubin (R128854) | Santenay (R130548) | Dezize-lès-Maranges (R1170519) | Cheilly-lès-Maranges (R2634168) | Sampigny-lès-Maranges (R2620570)"},"geometry":{"type":"Polygon","coordinates":[[[4.635476,46.887576],[4.639963,46.880795],[4.643083,46.882975],[4.647861,46.880802],[4.654089,46.882715],[4.655263,46.88367],[4.651249,46.886345],[4.653374,46.887643],[4.656495,46.88466],[4.670906,46.886054],[4.682689,46.880397],[4.694083,46.893525],[4.687457,46.893661],[4.683845,46.896182],[4.682393,46.898248],[4.6852204,46.9008458],[4.7157645,46.9069079],[4.7174057,46.9079665],[4.7152934,46.9116547],[4.7219425,46.9131988],[4.7185413,46.9197701],[4.7251487,46.9235623],[4.7245072,46.9217619],[4.728161,46.919395],[4.736622,46.9234932],[4.7401203,46.9211928],[4.7443549,46.9245947],[4.7410731,46.9302614],[4.7496678,46.9379486],[4.7550092,46.9366448],[4.7586643,46.9405689],[4.771404,46.9353565],[4.7780273,46.9381797],[4.7862195,46.9349604],[4.7889886,46.9361533],[4.7889612,46.9461766],[4.7808433,46.9464261],[4.7783517,46.9514664],[4.7872802,46.9604935],[4.7897561,46.9590719],[4.792553,46.9610098],[4.8178582,46.9513655],[4.8163528,46.9564729],[4.8090751,46.9591853],[4.8014209,46.9648643],[4.8030498,46.9668199],[4.7999194,46.9670775],[4.8053356,46.9741881],[4.8034228,46.9747346],[4.8052066,46.9782496],[4.8093902,46.9781706],[4.8121585,46.9829023],[4.8103559,46.9885464],[4.8157162,46.9908986],[4.8246394,47.0026754],[4.8330962,47.0001637],[4.837366,47.0025919],[4.844378,47.0016122],[4.8527059,46.9981896],[4.8611689,47.0052855],[4.8933395,46.9959202],[4.8973109,47.0014803],[4.8941829,47.0046702],[4.8965493,47.0102084],[4.8763918,47.0165815],[4.8778002,47.0183937],[4.8749731,47.0193308],[4.8586405,47.0203505],[4.8652747,47.0237394],[4.8626484,47.026795],[4.8689491,47.027913],[4.8734433,47.0328205],[4.8793127,47.0323661],[4.8780573,47.034286],[4.8829973,47.040897],[4.9213393,47.0407855],[4.959889,47.0464914],[4.9619613,47.0481572],[4.9579009,47.0525393],[4.964333,47.0564781],[4.9639108,47.061114],[4.941499,47.0679507],[4.941828,47.0714338],[4.9344997,47.0764892],[4.9320148,47.0741316],[4.9170407,47.0748111],[4.907113,47.0786278],[4.9048873,47.0761443],[4.895852,47.0851794],[4.8996845,47.0883511],[4.8943439,47.0936736],[4.8913453,47.0905373],[4.8819651,47.0902606],[4.8814706,47.0840319],[4.8767294,47.0871429],[4.8681614,47.0824946],[4.8670339,47.0879094],[4.8627304,47.0889426],[4.8595371,47.0939881],[4.8557474,47.0916979],[4.8381334,47.0917831],[4.83176,47.0993643],[4.8350024,47.1023009],[4.8218404,47.1031759],[4.8166839,47.1083287],[4.8114793,47.1066034],[4.8117983,47.1100842],[4.8084204,47.1130486],[4.8004063,47.114209],[4.7957324,47.1174136],[4.7904124,47.1169592],[4.7885016,47.112854],[4.7900443,47.1109708],[4.7792934,47.1129206],[4.7708429,47.1115674],[4.7661123,47.100664],[4.7664674,47.0950013],[4.7559073,47.0918985],[4.7567433,47.0884737],[4.7617163,47.0871774],[4.7542626,47.0810409],[4.7592914,47.076958],[4.7587553,47.0740317],[4.7630002,47.0733958],[4.759825,47.0684498],[4.7766172,47.0615951],[4.7905761,47.0588586],[4.7870356,47.0554206],[4.7939172,47.0526319],[4.7947486,47.0487165],[4.7872087,47.0429119],[4.7872533,47.0401335],[4.7759738,47.0395217],[4.7788481,47.0336433],[4.7747961,47.0287676],[4.7743139,47.0199169],[4.7435899,47.0176738],[4.7497977,47.0107957],[4.7390605,47.0059157],[4.7312812,46.9940714],[4.7236719,46.9872031],[4.7133629,46.9882096],[4.7016004,46.9857886],[4.6991694,46.9829679],[4.6972081,46.9845394],[4.6973791,46.977003],[4.7040469,46.972587],[4.7026008,46.970114],[4.7078944,46.9731401],[4.7167352,46.9701397],[4.7100034,46.9689686],[4.7051275,46.9619673],[4.706736,46.9616217],[4.7035741,46.9601475],[4.7103339,46.9558262],[4.6980439,46.9497754],[4.6885083,46.9528473],[4.683772,46.9504949],[4.6836448,46.9446355],[4.6792268,46.9427706],[4.6880157,46.9367366],[4.6820388,46.9303841],[4.6816392,46.9269007],[4.6791949,46.9268841],[4.6785378,46.9306645],[4.6602236,46.9343632],[4.6521545,46.938783],[4.6429297,46.9241075],[4.6490719,46.923079],[4.6480533,46.920754],[4.6516941,46.9174725],[4.6444568,46.9075336],[4.6465794,46.9072941],[4.636912,46.901155],[4.64092,46.895946],[4.64587,46.895546],[4.635476,46.887576]]]}},{"type":"Feature","id":"chablis","properties":{"slug":"chablis","name":"Chablis","parent_slug":"burgundy","source_name":"OpenStreetMap via Nominatim","source_url":"https://nominatim.openstreetmap.org/","source_license":"ODbL 1.0","source_queries":"Chablis, Yonne, France => Chablis, Auxerre, Yonne, Bourgogne-Franche-Comté, France métropolitaine, 89800, France"},"geometry":{"type":"Polygon","coordinates":[[[3.7385077,47.7980424],[3.7458494,47.7850171],[3.7438697,47.780651],[3.7599057,47.7847436],[3.7811548,47.7833728],[3.7731337,47.7699098],[3.7776446,47.7674282],[3.7776019,47.7638837],[3.7871761,47.7628683],[3.8086551,47.770078],[3.8065172,47.7755247],[3.8094623,47.7764251],[3.8019589,47.7918911],[3.8055632,47.7925348],[3.8040836,47.7961155],[3.8127663,47.8027336],[3.8199611,47.8020036],[3.8241303,47.80903],[3.8324476,47.8058044],[3.8351223,47.8109058],[3.8342127,47.8155162],[3.8394734,47.820792],[3.8373595,47.8234408],[3.8395022,47.8277495],[3.8475254,47.833633],[3.845621,47.8420718],[3.8412724,47.8481308],[3.8338471,47.848767],[3.8194079,47.831564],[3.8134911,47.8315526],[3.8046778,47.8369702],[3.7907942,47.8313827],[3.7945794,47.8366261],[3.7891076,47.837687],[3.7667125,47.8331164],[3.7648561,47.8380144],[3.7576839,47.8376809],[3.7522637,47.8337638],[3.7599291,47.8297679],[3.7620311,47.823334],[3.7591223,47.8182601],[3.7419112,47.8043848],[3.7385077,47.7980424]]]}},{"type":"Feature","id":"maconnais","properties":{"slug":"maconnais","name":"Maconnais","parent_slug":"burgundy","source_name":"OpenStreetMap via Nominatim","source_url":"https://nominatim.openstreetmap.org/","source_license":"ODbL 1.0","source_queries":"Macon, Saone-et-Loire, France => Mâcon, Saône-et-Loire, Bourgogne-Franche-Comté, France métropolitaine, France | Maconnais, France => Mâconnais, Saône-et-Loire, Rhône, Bourgogne-Franche-Comté, France métropolitaine, France"},"geometry":{"type":"Polygon","coordinates":[[[4.3769643,46.3518758],[4.3864675,46.3387951],[4.3917848,46.3370155],[4.3956276,46.3319855],[4.3978741,46.3273548],[4.394959,46.3212812],[4.4013051,46.3151053],[4.4015409,46.3120627],[4.4226022,46.3103349],[4.429396,46.3116782],[4.4321577,46.3156096],[4.4343504,46.313812],[4.4270715,46.3028654],[4.4382004,46.2979341],[4.439728465344334,46.293551066772416],[4.4584498,46.2971392],[4.4759688,46.2842271],[4.4885581,46.2879594],[4.5039698,46.2671388],[4.5212117,46.2707983],[4.5374274,46.2699862],[4.5463346,46.2741419],[4.5452676,46.2782716],[4.5477588,46.2851249],[4.5533698,46.2856795],[4.5531387,46.2906634],[4.5602232,46.2952366],[4.5697783,46.2933739],[4.5730469,46.286314],[4.5727793,46.2759886],[4.5831198,46.2714161],[4.5830065,46.2696494],[4.612637558426993,46.26719920135325],[4.612000366134665,46.26572815598654],[4.6183116,46.2648746],[4.6221055,46.2708452],[4.6162866,46.2822695],[4.6360579,46.2902101],[4.6352378,46.3001899],[4.6527296,46.3042608],[4.6640008,46.2952175],[4.6781746,46.3001728],[4.6761217,46.3039173],[4.6793202,46.3064465],[4.6832123,46.3028378],[4.6934946,46.3024997],[4.694772,46.2920516],[4.6997111,46.2904273],[4.7046731,46.282916],[4.7076416,46.2848443],[4.7100931,46.2783987],[4.7077014,46.2696293],[4.7042638,46.2711444],[4.7006649,46.2674383],[4.6935439,46.2716243],[4.6874225,46.2655635],[4.6799192,46.2679049],[4.6817947,46.2650182],[4.679183685274089,46.25909270759008],[4.6838431,46.2534995],[4.6887171,46.2542692],[4.6882916,46.2493029],[4.6932024,46.2484164],[4.6983112,46.2529501],[4.7052945,46.2511],[4.7200392,46.2453245],[4.7224217,46.2431804],[4.7206705,46.2402983],[4.7244576,46.2419059],[4.7368346,46.2324427],[4.7323762,46.2266837],[4.7192391,46.2276019],[4.7224438,46.2260783],[4.7205257,46.2216456],[4.731189,46.2189197],[4.7290566,46.2141915],[4.7357674,46.2118828],[4.7345018,46.2064602],[4.7263721,46.2083083],[4.7207595,46.2009282],[4.7252418,46.1886113],[4.7245462,46.1842357],[4.7289839,46.1844666],[4.727054138096713,46.18343454549283],[4.7295777,46.1826284],[4.7274185,46.1794776],[4.758388,46.1720397],[4.7611711,46.1762402],[4.7802556,46.176746],[4.7799107,46.1888383],[4.7940881,46.2028798],[4.7943611,46.2181094],[4.8005843,46.2299426],[4.809002,46.2388823],[4.8117746,46.2608457],[4.8248066,46.2731886],[4.8326898,46.2998247],[4.8530102,46.3287187],[4.8519646,46.3569711],[4.8597333,46.3695571],[4.888148685997464,46.403274836891015],[4.8932474,46.4430317],[4.914448,46.4623219],[4.9155251,46.4884495],[4.9261258,46.4976907],[4.9337272,46.5129715],[4.9422833,46.5126608],[4.9399264,46.5162502],[4.9416034,46.5198083],[4.9433577,46.5191427],[4.942982,46.5149588],[4.9538608,46.5134573],[4.9522349,46.511183],[4.9438649,46.510714],[4.9440233,46.5050508],[4.950539892447349,46.500513372262034],[4.9604509,46.5082081],[4.970274951257737,46.505997558912895],[4.9627754,46.5124871],[4.9799359,46.5152572],[4.9775891,46.5245769],[4.9861903,46.5287379],[4.9850488,46.5345588],[4.982539,46.534601],[4.978094,46.542289],[4.979073,46.548136],[4.973143,46.553268],[4.9641792,46.5538949],[4.960892,46.563506],[4.945908,46.571797],[4.943033,46.583605],[4.94495,46.589319],[4.937462,46.59332],[4.93766,46.59652],[4.927812,46.5906234],[4.9245873,46.5920481],[4.9182986,46.5874124],[4.9116603657784195,46.588418839683364],[4.9150084,46.5953213],[4.9222182,46.6018085],[4.9069403,46.6068798],[4.878616,46.5876537],[4.8711527,46.6019107],[4.8628231,46.6423656],[4.8553014,46.6514539],[4.8414029,46.646969],[4.8339051,46.6417102],[4.8192271,46.6251529],[4.8088359,46.5926081],[4.797084176365489,46.571132267221685],[4.7751212,46.5713646],[4.7668288,46.5650319],[4.7714165,46.5621647],[4.7699683,46.5518022],[4.7593929,46.5427501],[4.755296,46.5360071],[4.7495001,46.5337468],[4.7374693,46.5362538],[4.7402274,46.5406926],[4.7405264,46.5445868],[4.7386839,46.545117],[4.7178934,46.54029],[4.718294,46.533673],[4.714715,46.53424],[4.713035,46.532085],[4.720167,46.526278],[4.718104,46.522606],[4.705222,46.516829],[4.698593,46.516835],[4.69108,46.521715],[4.685612,46.5218713],[4.6837852,46.5355507],[4.671194,46.537726],[4.667878,46.547529],[4.6549159,46.5517554],[4.658155,46.5544994],[4.6572064,46.559652],[4.658976,46.5607563],[4.6557974,46.5650637],[4.6461104,46.5686824],[4.6238621,46.5714471],[4.6208396,46.5699721],[4.6202412,46.5728269],[4.6133961,46.5729383],[4.6179226,46.5766443],[4.6102298,46.5776123],[4.6107281,46.5800242],[4.6036148,46.5824249],[4.6065788,46.5860627],[4.6053966,46.5876032],[4.5995931,46.5861628],[4.6070909,46.5906022],[4.6072619,46.5958692],[4.6134372,46.6038234],[4.6082868,46.6050796],[4.6110206,46.6073259],[4.6054474,46.6073203],[4.6044041,46.610148],[4.6089782,46.6104189],[4.6075313,46.614132],[4.6027234,46.6133871],[4.5931008,46.617707],[4.5813449,46.6389046],[4.5784463,46.6370173],[4.558352,46.6396471],[4.5596341,46.6347529],[4.5556324,46.6347476],[4.5548631,46.6306419],[4.5458859,46.6319729],[4.5462815,46.6293253],[4.5406012,46.6308988],[4.5223702,46.6254817],[4.5205592,46.6180384],[4.5284381,46.6162841],[4.5253917,46.6144242],[4.5276454,46.6122831],[4.5252599,46.6063678],[4.5192352,46.6040588],[4.5208897,46.6032989],[4.5194967,46.5997818],[4.5255237,46.5991749],[4.5228872,46.5979127],[4.5244517,46.5946496],[4.5193135,46.5946914],[4.5265636,46.5917728],[4.5218716,46.5904356],[4.5192765,46.5930819],[4.509702,46.5936067],[4.5099273,46.5902245],[4.5070864,46.5884882],[4.5134997,46.5822297],[4.5099552,46.5803004],[4.5152948,46.5767429],[4.5060917,46.5725631],[4.5074102,46.5714255],[4.5051467,46.5708205],[4.5039195,46.5657437],[4.4972707,46.561644],[4.4997719,46.5592168],[4.4973562,46.5555671],[4.4804434,46.5478255],[4.4706803,46.5481402],[4.4686134,46.5580853],[4.4625016,46.5597831],[4.4559889,46.5582913],[4.4458714,46.562335],[4.4417446,46.55962],[4.4314741,46.5589302],[4.4240702,46.5549658],[4.4211009,46.5497164],[4.4149503,46.5492269],[4.4114739,46.5459536],[4.4111327,46.5389111],[4.4131566,46.536968],[4.4050539,46.5324459],[4.4120472,46.5274062],[4.4038588,46.5226416],[4.4143418,46.5188803],[4.4141872,46.5143767],[4.4186097,46.5122515],[4.4230429,46.5045105],[4.4291806,46.5019315],[4.4276089,46.4976902],[4.430358,46.4954981],[4.4288279,46.4940849],[4.4308298,46.4909524],[4.4445211,46.4883447],[4.4614615,46.5100497],[4.4675229,46.5030446],[4.4754891,46.5008151],[4.4841416,46.4935143],[4.4764665,46.4793048],[4.4667744,46.4722693],[4.4769729,46.4618437],[4.498144,46.4536939],[4.4920819,46.4470523],[4.4896287,46.4480258],[4.4868561,46.4448583],[4.4882478,46.4422889],[4.4825808,46.4389489],[4.4834963,46.4364895],[4.4806708,46.4341129],[4.4833249,46.4313191],[4.4763888,46.4276377],[4.4796661,46.4231249],[4.4741218,46.4214478],[4.4770113,46.4156056],[4.4590884,46.4168848],[4.450024,46.4102008],[4.4456439,46.4097889],[4.4437287,46.4122182],[4.446303,46.420969],[4.4441786,46.4248537],[4.428927,46.4284764],[4.4157507,46.4224817],[4.4209532,46.420117],[4.4154655,46.4118203],[4.4144147,46.4057271],[4.4262025,46.3982756],[4.4098432,46.3890378],[4.4109146,46.374895],[4.3975151,46.3596891],[4.3769643,46.3518758]]]}},{"type":"Feature","id":"vouvray","properties":{"slug":"vouvray","name":"Vouvray","parent_slug":"loire","source_name":"OpenStreetMap via Nominatim","source_url":"https://nominatim.openstreetmap.org/","source_license":"ODbL 1.0","source_queries":"Vouvray, France => Vouvray, Tours, Indre-et-Loire, Centre-Val de Loire, France métropolitaine, 37210, France"},"geometry":{"type":"Polygon","coordinates":[[[0.7699929,47.4310976],[0.773638,47.4305259],[0.7758971,47.4135008],[0.7818223,47.4115605],[0.7780969,47.4083908],[0.8161704,47.3925628],[0.817415,47.3945964],[0.8328361,47.3926084],[0.8389049,47.4144034],[0.8311354,47.4145785],[0.8281635,47.4160433],[0.8284392,47.420889],[0.8222039,47.4207189],[0.8139346,47.4381741],[0.8181887,47.4462355],[0.8109746,47.4475742],[0.8190624,47.4603768],[0.8112579,47.4634092],[0.8122296,47.4657846],[0.8047833,47.4695946],[0.7939783,47.4668822],[0.7866783,47.4532385],[0.7914572,47.4440847],[0.7758979,47.4392564],[0.7699929,47.4310976]]]}},{"type":"Feature","id":"touraine","properties":{"slug":"touraine","name":"Touraine","parent_slug":"loire","source_name":"OpenStreetMap via Nominatim","source_url":"https://nominatim.openstreetmap.org/","source_license":"ODbL 1.0","source_queries":"Touraine, France => Indre-et-Loire, Centre-Val de Loire, France métropolitaine, France"},"geometry":{"type":"Polygon","coordinates":[[[0.0527585,47.1966473],[0.0665017,47.1896084],[0.0628713,47.1751953],[0.0541488,47.1644896],[0.0536987,47.1605588],[0.0615112,47.1548603],[0.0633845,47.1470379],[0.0664927,47.1477232],[0.0655006,47.1429675],[0.078937,47.1460834],[0.0817187,47.1329593],[0.0764257,47.1238325],[0.0795912,47.1230272],[0.081268,47.1185256],[0.0846746,47.1182871],[0.0899847,47.1221944],[0.1046132,47.1207596],[0.1042924,47.1247987],[0.1077569,47.125011],[0.1069805,47.1285782],[0.111112,47.1303113],[0.1110544,47.1285813],[0.1230012,47.1285299],[0.1270091,47.1198156],[0.1407804,47.1247765],[0.133698,47.1149954],[0.13492,47.1072862],[0.1464616,47.106093],[0.1619045,47.1000594],[0.166927,47.1079414],[0.173708,47.1122471],[0.1829713,47.1142374],[0.1854071,47.10935],[0.1844535,47.1050526],[0.1873232,47.1027335],[0.18592986114971402,47.10167356982158],[0.2010577,47.0912987],[0.174807,47.0721729],[0.1769412,47.0646533],[0.1757124,47.060764],[0.1884599,47.0604657],[0.1922674,47.0654399],[0.2079666,47.0533628],[0.2138867,47.0541002],[0.2335534,47.064302],[0.2351177,47.069208],[0.2391055,47.0677141],[0.2441974,47.0715011],[0.2678382,47.0677143],[0.2657663,47.061696],[0.2597566,47.0555117],[0.2651023,47.05498],[0.2668579,47.0487455],[0.2639222,47.0462976],[0.2682158,47.0424132],[0.2717419,47.0464673],[0.2790595,47.0458966],[0.2927276,47.0531634],[0.3053669,47.0526794],[0.3094679,47.0445764],[0.3057364,47.0383342],[0.3101806,47.0257056],[0.2985138,47.0195772],[0.306737,47.010593],[0.3042758,47.0032545],[0.3125735,46.9982413],[0.3039474,46.9906815],[0.2912888,46.9903663],[0.2981546,46.9836998],[0.3055989,46.9864263],[0.3029896,46.9820833],[0.3082678,46.9778275],[0.2980243,46.9712713],[0.3085423,46.963541],[0.3013245,46.9558156],[0.3057315,46.9536015],[0.3111325,46.9380941],[0.32389943376470365,46.93107641200319],[0.3396086,46.9365661],[0.3479149,46.9365957],[0.3607094,46.9484117],[0.3664979,46.9497998],[0.4052904,46.9361057],[0.4191412,46.9377081],[0.4388131,46.9293976],[0.4448617,46.9413773],[0.5052343,46.9600447],[0.5138334,46.9554978],[0.5211191,46.9585062],[0.5278645,46.9556215],[0.5422542,46.9603837],[0.565237,46.9555308],[0.599668,46.9564679],[0.6010496,46.9733779],[0.5790779,46.9792858],[0.5745299,46.9827434],[0.5728231,46.9866684],[0.5745237,46.9942219],[0.5673026,47.0006524],[0.5677537,47.0064171],[0.6182206,47.007983],[0.623904,47.0036933],[0.6215801,46.9959989],[0.6320603,46.9875285],[0.637884,46.9854827],[0.6480434,46.9884181],[0.6562522,46.9857512],[0.6617442,46.9782157],[0.6798136,46.9774387],[0.6935689,46.9733735],[0.6962369,46.956482],[0.7027147,46.9480982],[0.7061348,46.9374457],[0.7030369,46.9269295],[0.7089426,46.9173889],[0.7040668,46.9110066],[0.7049514900775893,46.90301683275164],[0.726468,46.8868149],[0.7339438,46.8758293],[0.7466533,46.8699037],[0.7528567,46.8600793],[0.7653637,46.8657508],[0.7707023,46.8645439],[0.7719489,46.860764],[0.7662211714122855,46.8562283967976],[0.767428,46.8515172],[0.7897576,46.8525783],[0.7960526,46.8500366],[0.7963377,46.8468397],[0.7877971,46.8446137],[0.7868357,46.8403113],[0.7947898,46.8329402],[0.8050879,46.8315558],[0.8092168,46.8278791],[0.8098568,46.8088994],[0.8168982,46.8042209],[0.8118281160312513,46.79746150445879],[0.8148764442199534,46.789188875635446],[0.8282208,46.7867468],[0.8281136749395703,46.77712250602923],[0.8418715,46.7680394],[0.8444270532092276,46.76341390624647],[0.8587344,46.760564],[0.8675034494138958,46.74886837845651],[0.8843276,46.7549163],[0.8975263,46.7563792],[0.9047464,46.7540291],[0.9058859,46.7588645],[0.918751,46.7556959],[0.9276997,46.7570334],[0.934993,46.7513926],[0.9448724,46.7367685],[0.9592167,46.7381325],[0.9651957,46.7444923],[0.9650979,46.7479378],[0.9798169,46.7543402],[0.9831153,46.7642549],[1.01242,46.7578051],[1.0116222,46.7668208],[0.9990898,46.7812055],[1.0047261,46.7865548],[1.0039548,46.7933519],[0.9872689,46.7981836],[0.9838396,46.8036984],[0.9921029,46.8056175],[0.9955907,46.8102069],[1.0031842,46.8141499],[1.0066438,46.8108237],[1.0103307,46.8145],[1.0065679,46.8225657],[1.0096141,46.8362943],[1.0157617,46.8436166],[1.0226848,46.8456707],[1.016899,46.8512766],[1.0164218,46.8555781],[1.0227397,46.8639006],[1.0265985,46.878337],[1.0250821,46.8797343],[1.0339993,46.9080115],[1.0327914,46.9136898],[1.0378332,46.9322414],[1.0358339,46.9402217],[1.0593718,46.949993],[1.0578286,46.9528734],[1.0642861,46.9559537],[1.0577912,46.9717102],[1.0589605,46.9735107],[1.0498857,46.9805934],[1.0562852,46.9829154],[1.0551544,46.9881283],[1.0574488,46.9906424],[1.0553387,46.9957555],[1.073538,47.0030907],[1.0680534,47.0065741],[1.0755188,47.0090945],[1.0738282,47.0099798],[1.0775798,47.0159196],[1.0838315,47.0209329],[1.0872454,47.0195191],[1.0932718,47.0241963],[1.1080117,47.028927],[1.1153036,47.0247649],[1.1323462,47.0276469],[1.1691358,47.0408628],[1.1818601,47.0410655],[1.1948479,47.0295986],[1.2231859,47.0244055],[1.2321115,47.0142058],[1.2532782,47.0217466],[1.2682127,47.0359731],[1.2775208,47.0400215],[1.2746831,47.0457585],[1.2690618,47.0494903],[1.2859207,47.0580468],[1.2923015,47.0672578],[1.2923775,47.072207],[1.3019001,47.0734169],[1.3090043,47.070157],[1.3121711,47.0723177],[1.3168055,47.0849901],[1.3096327,47.0945843],[1.3186105,47.1051459],[1.3281642,47.1053428],[1.3324153,47.0996435],[1.3435215,47.1005655],[1.3555653,47.1085494],[1.3659439,47.1228827],[1.3630297,47.1248666],[1.3632943,47.1357194],[1.351093,47.1524063],[1.3497654,47.1618482],[1.3441726,47.1733444],[1.3239698,47.1875822],[1.3220174,47.196321],[1.3029776,47.2189796],[1.2986117,47.2297113],[1.2947417,47.2332684],[1.2946383,47.237305],[1.2800877,47.247981],[1.2765066,47.2572141],[1.2661044,47.255723],[1.2592914,47.2618424],[1.2602554,47.2644029],[1.2430059,47.2742251],[1.2419344,47.2875124],[1.2236149,47.2938688],[1.2156633,47.2926448],[1.2155882,47.2890385],[1.2036897,47.2888319],[1.1930044,47.282617],[1.1908047,47.2859204],[1.1835551,47.2845064],[1.1737803,47.2888043],[1.1620032,47.2722213],[1.1425573,47.2845695],[1.1323752,47.2947597],[1.1283173,47.2943371],[1.127244,47.2978089],[1.1221126,47.292955],[1.1077877,47.2987053],[1.0989418,47.3117401],[1.0949848,47.3289288],[1.1065428,47.3313402],[1.1074335,47.3372406],[1.1156941,47.3463931],[1.1135366,47.3482392],[1.1229567,47.3537795],[1.1167115,47.3628522],[1.1099098,47.3643377],[1.1041083,47.3696948],[1.1103143,47.3754174],[1.1085457,47.3763268],[1.1099037,47.3774029],[1.1214724,47.3822382],[1.11951,47.3848585],[1.1211314,47.3865284],[1.1190187,47.3873469],[1.1232381,47.3919825],[1.1139029,47.3958083],[1.1110132,47.4094116],[1.1042452,47.4141894],[1.1023961,47.4182283],[1.0972886,47.4171479],[1.0971524,47.4218231],[1.0850823,47.4297792],[1.0936743,47.4289507],[1.1051763,47.4316705],[1.1136372,47.4280505],[1.133356,47.4487925],[1.1248981,47.4522819],[1.1125133,47.4662622],[1.0911062,47.4628235],[1.0855264,47.4641897],[1.0945916,47.469424],[1.085946,47.4788222],[1.0790331,47.4944164],[1.0657848,47.5051938],[1.0737155,47.5123306],[1.0671981,47.5156436],[1.0698798,47.5230792],[1.0645214,47.5218652],[1.0616454,47.5245197],[1.0563467,47.5238241],[1.0555574,47.5286327],[1.0447474,47.5317074],[1.047802,47.5345348],[1.0464631,47.5395498],[1.0514307,47.5402509],[1.0629073,47.5520816],[1.0778796,47.5621616],[1.0746827,47.5679431],[1.077163,47.572188],[1.0634374,47.5661535],[1.0594585,47.5777081],[1.0327696,47.608206],[1.018476,47.6077341],[1.0121519,47.6037971],[1.0113769,47.5981508],[1.0037675,47.5899808],[1.0037249,47.5844292],[0.9970104,47.583812],[0.9945999,47.5883183],[0.9866986,47.5905804],[0.9884123,47.5991012],[0.9839861,47.6051833],[0.9865901,47.6058561],[0.9851051,47.6128473],[0.9916058,47.620257],[0.970513,47.622107],[0.9651909,47.6295768],[0.9539606,47.6247752],[0.9196108,47.6327285],[0.9153142,47.6280276],[0.9167195,47.625651],[0.9069033,47.6205776],[0.9046406,47.6143936],[0.903296,47.6163972],[0.9020121,47.6145136],[0.8970637,47.6152772],[0.89212,47.6114713],[0.8930471,47.6092296],[0.8991099,47.6092219],[0.8990955,47.6037253],[0.8901788,47.6039627],[0.8739612,47.6000742],[0.8645785,47.6008879],[0.8622572,47.5988593],[0.8593832,47.6017954],[0.8592111,47.6113901],[0.852646,47.6129299],[0.8501718,47.6246941],[0.8595827,47.6263859],[0.8635078,47.6325791],[0.8591223,47.6375819],[0.8486271,47.6409943],[0.8435563,47.6455275],[0.848045,47.6497169],[0.8535631,47.6620391],[0.860158,47.6653795],[0.8621339,47.6766946],[0.8587959,47.6782486],[0.8620946,47.6845652],[0.8676192,47.6863286],[0.8670559,47.6909807],[0.8347827,47.6773041],[0.8279195,47.6767516],[0.8114558,47.682166],[0.8057547,47.6786441],[0.7886318,47.6799929],[0.7770329,47.6845716],[0.7704853,47.6839676],[0.7562509,47.6918797],[0.7521996,47.6899444],[0.7391956,47.6961663],[0.7269488,47.690673],[0.7196429,47.6907787],[0.7121916,47.6819791],[0.7039501,47.6829222],[0.6747435,47.6992657],[0.6543079,47.6842961],[0.6487449,47.6840165],[0.6430157,47.6854068],[0.6433939,47.6873827],[0.6546262,47.6990397],[0.6435599,47.6998725],[0.6426003,47.7075891],[0.638995,47.7097889],[0.6292162,47.7088278],[0.6250598,47.7037181],[0.6165844,47.699084],[0.6149926229466472,47.694399679262375],[0.6187776,47.6939344],[0.6195724,47.691088],[0.6145426,47.6827066],[0.6042743,47.6806858],[0.605535,47.6785652],[0.5872946,47.6693423],[0.5708366,47.6685554],[0.5583626,47.6710096],[0.5593699,47.666302],[0.5513239,47.6590189],[0.5229326,47.6531167],[0.5163132,47.6568011],[0.4982369,47.6444543],[0.4786589,47.6433794],[0.4761027,47.6480019],[0.4661188,47.6442482],[0.464008,47.645622],[0.453046,47.6336704],[0.4570258,47.6284586],[0.4499582,47.6194286],[0.4247838,47.6178017],[0.4097118,47.626477],[0.4087314,47.6324401],[0.402594,47.6344918],[0.3960026,47.6410243],[0.382645,47.643414],[0.3802857,47.6384988],[0.3648985,47.6265399],[0.3647216,47.6201993],[0.3747284,47.6120178],[0.3833931,47.6101862],[0.3904632,47.5977474],[0.3968205,47.5938633],[0.3958514,47.5868482],[0.4024479,47.5784141],[0.3928721,47.5772278],[0.3784366,47.5683942],[0.3389039,47.5795867],[0.3392475,47.5841469],[0.3210638,47.5955343],[0.2778715,47.5974331],[0.2679045,47.6025766],[0.2676705,47.6087179],[0.2593328,47.6123918],[0.2304566,47.6109021],[0.2342834,47.5898179],[0.2295085,47.5847737],[0.2344382,47.5782152],[0.2254539,47.5741585],[0.2152165,47.5732772],[0.214888,47.5698451],[0.2060988,47.5611705],[0.2089107,47.5576535],[0.2034318,47.5472443],[0.199319,47.5409505],[0.1930892,47.5381991],[0.2056017,47.5347618],[0.2066989,47.5326632],[0.2028628,47.5282258],[0.2141582,47.5237641],[0.2175161,47.5293445],[0.225881,47.5264261],[0.2198729,47.5197117],[0.2219637,47.5176995],[0.2200165,47.5018989],[0.1980435,47.4815007],[0.198764,47.4764823],[0.194903,47.4751528],[0.1905192,47.4613047],[0.1811454,47.4534743],[0.1853237,47.4248443],[0.1808967,47.4163759],[0.1746036,47.4150664],[0.1661519,47.4039227],[0.1604369,47.404409],[0.1534509,47.3987385],[0.1691957,47.3959052],[0.1672191,47.3854595],[0.1791612,47.3844302],[0.1833144,47.3807478],[0.1535734,47.3635594],[0.1403437,47.3619944],[0.1466828,47.3525481],[0.1473403,47.3458927],[0.1379335,47.3359214],[0.1174518,47.3323164],[0.1183599,47.3260607],[0.1134658,47.3178765],[0.0993411,47.3087815],[0.0992965,47.303255],[0.0955189,47.3041499],[0.0855766,47.2897256],[0.0786518,47.2839739],[0.089321,47.2829508],[0.0886168,47.2753967],[0.0811918,47.2730493],[0.0807469,47.2651536],[0.0748245,47.2623538],[0.0773578,47.2538623],[0.0749919,47.2480832],[0.0679002,47.2474866],[0.073823,47.2367189],[0.0743947,47.2277959],[0.0716419,47.2215917],[0.0766503,47.2202658],[0.0791712,47.2167607],[0.0745646,47.2147393],[0.0677584,47.2156702],[0.0655807,47.2128594],[0.0670971,47.2115282],[0.0623878,47.2074936],[0.0604793,47.2084216],[0.0527585,47.1966473]],[[0.7699929,47.4310976],[0.7758979,47.4392564],[0.7914572,47.4440847],[0.7866783,47.4532385],[0.7939783,47.4668822],[0.8047833,47.4695946],[0.8122296,47.4657846],[0.8112579,47.4634092],[0.8190624,47.4603768],[0.8109746,47.4475742],[0.8181887,47.4462355],[0.8139346,47.4381741],[0.8222039,47.4207189],[0.8284392,47.420889],[0.8281635,47.4160433],[0.8311354,47.4145785],[0.8389049,47.4144034],[0.8328361,47.3926084],[0.817415,47.3945964],[0.8161704,47.3925628],[0.7780969,47.4083908],[0.7818223,47.4115605],[0.7758971,47.4135008],[0.773638,47.4305259],[0.7699929,47.4310976]]]}},{"type":"Feature","id":"sancerre","properties":{"slug":"sancerre","name":"Sancerre","parent_slug":"loire","source_name":"OpenStreetMap via Nominatim","source_url":"https://nominatim.openstreetmap.org/","source_license":"ODbL 1.0","source_queries":"Sancerre, Cher, France => Sancerre, Bourges, Cher, Centre-Val de Loire, France métropolitaine, 18300, France"},"geometry":{"type":"Polygon","coordinates":[[[2.7807742,47.3291991],[2.7935738,47.3223494],[2.8068262,47.320565],[2.8064878,47.3174297],[2.8103693,47.3132808],[2.8091552,47.3091828],[2.8132203,47.30636],[2.8186088,47.3067776],[2.8232562,47.3039565],[2.8223868,47.3020215],[2.827358,47.3011314],[2.8454194,47.3064136],[2.8450481,47.3113556],[2.8411669,47.314722],[2.845521,47.3255524],[2.8588051,47.3252257],[2.8633255,47.3289598],[2.8630602,47.3309892],[2.8348168,47.3386036],[2.838713,47.3397815],[2.8341511,47.3430409],[2.832079,47.3488101],[2.8323078,47.3410282],[2.8158977,47.3405203],[2.800534,47.3441651],[2.7868925,47.3412098],[2.7807742,47.3291991]]]}},{"type":"Feature","id":"pouilly-fume","properties":{"slug":"pouilly-fume","name":"Pouilly-Fume","parent_slug":"loire","source_name":"OpenStreetMap via Nominatim","source_url":"https://nominatim.openstreetmap.org/","source_license":"ODbL 1.0","source_queries":"Pouilly-sur-Loire, Nievre, France => Pouilly-sur-Loire, Cosne-Cours-sur-Loire, Nièvre, Bourgogne-Franche-Comté, France métropolitaine, 58150, France"},"geometry":{"type":"MultiPolygon","coordinates":[[[[2.9389236,47.2868251],[2.973457553613131,47.26810931831876],[2.9732001,47.2684047],[2.9389236,47.2868251]]],[[[2.9744421070032554,47.26697972051623],[2.9823056,47.2538451],[2.9788531,47.2619189],[2.9744421070032554,47.26697972051623]]]]}},{"type":"Feature","id":"sauternes","properties":{"slug":"sauternes","name":"Sauternes","parent_slug":"bordeaux","source_name":"OpenStreetMap via Nominatim","source_url":"https://nominatim.openstreetmap.org/","source_license":"ODbL 1.0","source_queries":"Sauternes, Gironde, France => Sauternes, Langon, Gironde, Nouvelle-Aquitaine, France métropolitaine, 33210, France"},"geometry":{"type":"Polygon","coordinates":[[[-0.3743425,44.5246322],[-0.3554354,44.5168067],[-0.344827,44.5163601],[-0.3302718,44.5195605],[-0.3131369,44.5124112],[-0.3180313,44.5191336],[-0.3151126,44.5212686],[-0.3212125,44.5245833],[-0.323734,44.5297279],[-0.3155929,44.5429697],[-0.3290488,44.554236],[-0.3369648,44.5403372],[-0.3647519,44.5402339],[-0.3684351,44.5357204],[-0.3677084,44.5306203],[-0.3743425,44.5246322]]]}},{"type":"Feature","id":"pessac-leognan","properties":{"slug":"pessac-leognan","name":"Pessac-Leognan","parent_slug":"bordeaux","source_name":"OpenStreetMap via Nominatim","source_url":"https://nominatim.openstreetmap.org/","source_license":"ODbL 1.0","source_queries":"Pessac, Gironde, France => Pessac, Bordeaux, Gironde, Nouvelle-Aquitaine, France métropolitaine, 33600, France | Leognan, Gironde, France => Léognan, Bordeaux, Gironde, Nouvelle-Aquitaine, France métropolitaine, 33850, France"},"geometry":{"type":"MultiPolygon","coordinates":[[[[-0.7587897,44.7555295],[-0.7502675,44.7495449],[-0.7140061,44.7718147],[-0.6888969,44.7823114],[-0.6775805,44.7762705],[-0.6628206,44.7781709],[-0.6543125,44.7768114],[-0.6374364,44.7811541],[-0.6126649,44.7938687],[-0.6050915,44.7930758],[-0.6034838,44.7958774],[-0.6074191,44.798408],[-0.6060254,44.8107467],[-0.6111634,44.8145124],[-0.6029478,44.8183886],[-0.610543,44.8225797],[-0.6273898,44.8145758],[-0.650325,44.8140589],[-0.6629338,44.8101556],[-0.6651126,44.8135266],[-0.6796487,44.8126068],[-0.7044938,44.8002007],[-0.729501,44.8016259],[-0.7394102,44.7826726],[-0.7347884,44.7814844],[-0.7383126,44.7796623],[-0.7338864,44.7755718],[-0.7587897,44.7555295]]],[[[-0.6733321,44.6919655],[-0.6620571,44.692326],[-0.6565839,44.6837131],[-0.6370798,44.6842385],[-0.5928475,44.6919914],[-0.5937598,44.7068022],[-0.5899623,44.7069819],[-0.5895347,44.7117053],[-0.5682571,44.7192638],[-0.5670072,44.7228282],[-0.5725461,44.7252224],[-0.5611206,44.7384004],[-0.5621006,44.7412881],[-0.5714564,44.7432617],[-0.5786864,44.751006],[-0.5868087,44.7537945],[-0.589888,44.762356],[-0.5972187,44.7621248],[-0.6014921,44.7577177],[-0.6083152,44.7584996],[-0.61628,44.7487143],[-0.6293335,44.7459111],[-0.6292174,44.7428256],[-0.6328683,44.7423986],[-0.6335181,44.7359853],[-0.6383576,44.7367282],[-0.646033,44.7312139],[-0.6321951,44.7301465],[-0.6331466,44.7275197],[-0.6495374,44.7236064],[-0.6546504,44.7123131],[-0.6663156,44.7040436],[-0.66757,44.7002018],[-0.6706866,44.7008482],[-0.6733321,44.6919655]]]]}},{"type":"Feature","id":"graves","properties":{"slug":"graves","name":"Graves","parent_slug":"bordeaux","source_name":"OpenStreetMap via Nominatim","source_url":"https://nominatim.openstreetmap.org/","source_license":"ODbL 1.0","source_queries":"Graves, Gironde, France => Ayguemorte-les-Graves, Bordeaux, Gironde, Nouvelle-Aquitaine, France métropolitaine, 33640, France"},"geometry":{"type":"Polygon","coordinates":[[[-0.5087331,44.6923015],[-0.4970487,44.6850148],[-0.4809408,44.6886242],[-0.4834625,44.6929433],[-0.4803523,44.6967968],[-0.475659,44.6974622],[-0.4736056,44.7034787],[-0.4646273,44.7091802],[-0.4621818,44.7142042],[-0.4631619,44.7190013],[-0.4689505,44.7202948],[-0.4814417,44.7174757],[-0.5020711,44.699337],[-0.4964969,44.6959583],[-0.4983634,44.6938683],[-0.5087331,44.6923015]]]}},{"type":"Feature","id":"pauillac","properties":{"slug":"pauillac","name":"Pauillac","parent_slug":"bordeaux","source_name":"OpenStreetMap via Nominatim","source_url":"https://nominatim.openstreetmap.org/","source_license":"ODbL 1.0","source_queries":"Pauillac, Gironde, France => Pauillac, Lesparre-Médoc, Gironde, Nouvelle-Aquitaine, France métropolitaine, 33250, France"},"geometry":{"type":"Polygon","coordinates":[[[-0.7973838,45.221357],[-0.7967853,45.2122705],[-0.7897721,45.2083323],[-0.7858598,45.1996375],[-0.786776,45.1849087],[-0.7901024,45.1747544],[-0.7867578,45.1683388],[-0.7809573,45.166725],[-0.7635331,45.1719834],[-0.7557442,45.169281],[-0.7365112228726918,45.17528518568347],[-0.7460822764539015,45.20452515901668],[-0.7491932,45.2052217],[-0.7464654,45.2059957],[-0.7487448,45.2128233],[-0.7467157,45.2266901],[-0.7555131,45.2261664],[-0.7603817,45.2300156],[-0.7973838,45.221357]]]}},{"type":"Feature","id":"haut-medoc","properties":{"slug":"haut-medoc","name":"Haut-Medoc","parent_slug":"bordeaux","source_name":"OpenStreetMap via Nominatim","source_url":"https://nominatim.openstreetmap.org/","source_license":"ODbL 1.0","source_queries":"Haut-Medoc, Gironde, France => Route du Haut Médoc, Cussac-le-Vieux, Cussac-Fort-Médoc, Lesparre-Médoc, Gironde, Nouvelle-Aquitaine, France métropolitaine, 33460, France | Pauillac, Gironde, France => Pauillac, Lesparre-Médoc, Gironde, Nouvelle-Aquitaine, France métropolitaine, 33250, France"},"geometry":{"type":"Polygon","coordinates":[[[-0.7303424,45.1091111],[-0.7299703,45.109138],[-0.7301929,45.1092586],[-0.7303424,45.1091111]]]}},{"type":"Feature","id":"margaux","properties":{"slug":"margaux","name":"Margaux","parent_slug":"bordeaux","source_name":"OpenStreetMap via Nominatim","source_url":"https://nominatim.openstreetmap.org/","source_license":"ODbL 1.0","source_queries":"Margaux, Gironde, France => Margaux, Margaux-Cantenac, Lesparre-Médoc, Gironde, Nouvelle-Aquitaine, France métropolitaine, 33460, France | Margaux-Cantenac, Gironde, France => Margaux-Cantenac, Lesparre-Médoc, Gironde, Nouvelle-Aquitaine, France métropolitaine, 33460, France"},"geometry":{"type":"Polygon","coordinates":[[[-0.7219484,45.0226815],[-0.7148332,45.019502],[-0.7147694,45.0147903],[-0.6686647,45.0171816],[-0.6566505,45.0117985],[-0.6547704,45.0186119],[-0.6428506,45.0212444],[-0.6383497,45.0243783],[-0.6406178,45.0272786],[-0.6394524,45.0291052],[-0.6362853,45.0292999],[-0.6394637,45.0349617],[-0.6486328,45.040658],[-0.6427453658764563,45.03991664735324],[-0.6556468,45.0490651],[-0.6514947052740255,45.047981965782625],[-0.6666416,45.0608806],[-0.6942014,45.0454648],[-0.6975922,45.0407042],[-0.6982678,45.0336253],[-0.7115246,45.0334787],[-0.7116146,45.0310882],[-0.7191837,45.0273457],[-0.7219484,45.0226815]]]}},{"type":"Feature","id":"pomerol","properties":{"slug":"pomerol","name":"Pomerol","parent_slug":"bordeaux","source_name":"OpenStreetMap via Nominatim","source_url":"https://nominatim.openstreetmap.org/","source_license":"ODbL 1.0","source_queries":"Pomerol, Gironde, France => Pomerol, Libourne, Gironde, Nouvelle-Aquitaine, France métropolitaine, 33500, France"},"geometry":{"type":"Polygon","coordinates":[[[-0.2294515,44.9341948],[-0.213725,44.9298568],[-0.2173245,44.9272144],[-0.2095251,44.9235433],[-0.2124126,44.9147619],[-0.2024477,44.9150151],[-0.1950225,44.9219675],[-0.1970707,44.9234224],[-0.1743288,44.9313552],[-0.1830481,44.93488],[-0.1876575,44.9340161],[-0.191463,44.9376104],[-0.2004645,44.9384037],[-0.2030703,44.9413075],[-0.2098803,44.9412588],[-0.2185112,44.9463718],[-0.2212143,44.9426941],[-0.2238547,44.9430455],[-0.2294515,44.9341948]]]}},{"type":"Feature","id":"saint-emilion","properties":{"slug":"saint-emilion","name":"Saint-Emilion","parent_slug":"bordeaux","source_name":"OpenStreetMap via Nominatim","source_url":"https://nominatim.openstreetmap.org/","source_license":"ODbL 1.0","source_queries":"Saint-Emilion, Gironde, France => Saint-Émilion, Libourne, Gironde, Nouvelle-Aquitaine, France métropolitaine, 33330, France | Saint-Émilion, Gironde, France => Saint-Émilion, Libourne, Gironde, Nouvelle-Aquitaine, France métropolitaine, 33330, France"},"geometry":{"type":"Polygon","coordinates":[[[-0.2112325,44.89307],[-0.2081715,44.8899449],[-0.1846978,44.8873256],[-0.1651307,44.8790566],[-0.161895,44.8767242],[-0.1616645,44.872631],[-0.1644438,44.8607974],[-0.1472801,44.8579532],[-0.1434248,44.8697498],[-0.1472108,44.8792103],[-0.1398022,44.8921565],[-0.1432783,44.8932435],[-0.1399262,44.8958756],[-0.1422049,44.897836],[-0.1361818,44.9055938],[-0.1369659,44.9095632],[-0.1317318,44.9128669],[-0.1403665,44.9183871],[-0.1492529,44.9186082],[-0.1658456,44.9254112],[-0.17438579469650364,44.93137824025624],[-0.19706074712366806,44.92341533016318],[-0.1950225,44.9219675],[-0.2099382,44.9089286],[-0.2064689,44.9019692],[-0.2088066,44.8943179],[-0.2112325,44.89307]]]}},{"type":"Feature","id":"condrieu","properties":{"slug":"condrieu","name":"Condrieu","parent_slug":"rhone","source_name":"OpenStreetMap via Nominatim","source_url":"https://nominatim.openstreetmap.org/","source_license":"ODbL 1.0","source_queries":"Condrieu, Rhone, France => Condrieu, Lyon, Rhône, Auvergne-Rhône-Alpes, France métropolitaine, 69420, France"},"geometry":{"type":"Polygon","coordinates":[[[4.7216809,45.4945674],[4.7391806,45.4868423],[4.744444,45.479255],[4.7420958,45.4770124],[4.7434456,45.4737761],[4.7384879,45.4727895],[4.743806,45.4704287],[4.7462773,45.4649169],[4.7571995,45.4555891],[4.7655212,45.4574683],[4.7770851,45.454026],[4.7807465,45.4562607],[4.7802401,45.4697666],[4.7703466,45.4747865],[4.7565914,45.492592],[4.7216809,45.4945674]]]}},{"type":"Feature","id":"cote-rotie","properties":{"slug":"cote-rotie","name":"Cote Rotie","parent_slug":"rhone","source_name":"OpenStreetMap via Nominatim","source_url":"https://nominatim.openstreetmap.org/","source_license":"ODbL 1.0","source_queries":"Ampuis, Rhone, France => Ampuis, Lyon, Rhône, Auvergne-Rhône-Alpes, France métropolitaine, 69420, France"},"geometry":{"type":"Polygon","coordinates":[[[4.7701905,45.5053196],[4.7754553,45.5042037],[4.7802354,45.494784],[4.792417,45.4869182],[4.7933893,45.4802961],[4.802043,45.4793443],[4.8132617,45.4838024],[4.8248289,45.4950212],[4.8455972,45.5034372],[4.8391459,45.5102521],[4.8316671,45.5087351],[4.827723,45.5113277],[4.8167387,45.5121158],[4.7854107,45.5273431],[4.7758701,45.5240854],[4.7779868,45.5073087],[4.7701905,45.5053196]]]}},{"type":"Feature","id":"hermitage","properties":{"slug":"hermitage","name":"Hermitage","parent_slug":"rhone","source_name":"OpenStreetMap via Nominatim","source_url":"https://nominatim.openstreetmap.org/","source_license":"ODbL 1.0","source_queries":"Tain-l'Hermitage, Drome, France => Tain-l'Hermitage, Valence, Drôme, Auvergne-Rhône-Alpes, France métropolitaine, 26600, France"},"geometry":{"type":"Polygon","coordinates":[[[4.8273993,45.0780264],[4.8290863,45.0730074],[4.8338144,45.0692158],[4.8559419,45.0636224],[4.8608243,45.0553184],[4.8658563,45.0578862],[4.8700747,45.0656996],[4.8642435,45.0699888],[4.8654493,45.0746709],[4.8563399,45.0806374],[4.8554114,45.0786751],[4.8338746,45.0798672],[4.8273993,45.0780264]]]}},{"type":"Feature","id":"crozes-hermitage","properties":{"slug":"crozes-hermitage","name":"Crozes-Hermitage","parent_slug":"rhone","source_name":"OpenStreetMap via Nominatim","source_url":"https://nominatim.openstreetmap.org/","source_license":"ODbL 1.0","source_queries":"Crozes-Hermitage, Drome, France => Crozes-Hermitage, Valence, Drôme, Auvergne-Rhône-Alpes, France métropolitaine, 26600, France"},"geometry":{"type":"Polygon","coordinates":[[[4.8274525,45.0787172],[4.8554114,45.0786751],[4.8563399,45.0806374],[4.8523118,45.0844831],[4.8544802,45.0902003],[4.8484916,45.0914985],[4.8504707,45.0935599],[4.8463826,45.1050915],[4.853441,45.1189722],[4.8613061,45.1262391],[4.8500148,45.1261792],[4.8424952,45.1172289],[4.8440772,45.1153484],[4.8396839,45.1100769],[4.8392969,45.1035668],[4.835149,45.1036926],[4.8328786,45.1063195],[4.836215,45.0956297],[4.8274525,45.0787172]]]}},{"type":"Feature","id":"chateauneuf-du-pape","properties":{"slug":"chateauneuf-du-pape","name":"Chateauneuf-du-Pape","parent_slug":"rhone","source_name":"OpenStreetMap via Nominatim","source_url":"https://nominatim.openstreetmap.org/","source_license":"ODbL 1.0","source_queries":"Chateauneuf-du-Pape, Vaucluse, France => Châteauneuf-du-Pape, Carpentras, Vaucluse, Provence-Alpes-Côte d'Azur, France métropolitaine, 84230, France"},"geometry":{"type":"Polygon","coordinates":[[[4.787371737128169,44.058420853852695],[4.787836335321211,44.054196031161325],[4.7963813,44.0473146],[4.8038788,44.0502728],[4.809625,44.0498389],[4.8179146,44.0415615],[4.8294556,44.0378969],[4.8360613,44.0325475],[4.8538611,44.036952],[4.8623629,44.0359929],[4.865047,44.0425522],[4.8654818,44.0569759],[4.8602618,44.0657283],[4.8558135,44.0652825],[4.8541728,44.0701309],[4.8405967,44.0763976],[4.8396673,44.0800873],[4.8250471,44.0858994],[4.8123782,44.0878006],[4.8098628,44.0845762],[4.8006324,44.0848686],[4.8019784,44.0816532],[4.7924437,44.0730305],[4.7924592,44.0680319],[4.7875504,44.0647104],[4.787371737128169,44.058420853852695]]]}},{"type":"Feature","id":"fleurie","properties":{"slug":"fleurie","name":"Fleurie","parent_slug":"beaujolais","source_name":"OpenStreetMap via Nominatim","source_url":"https://nominatim.openstreetmap.org/","source_license":"ODbL 1.0","source_queries":"Fleurie, Rhone, France => Fleurie, Villefranche-sur-Saône, Rhône, Auvergne-Rhône-Alpes, France métropolitaine, 69820, France"},"geometry":{"type":"Polygon","coordinates":[[[4.6631576,46.2088378],[4.666185,46.2050311],[4.6661103,46.1964819],[4.6762728,46.1866586],[4.6805101,46.1772075],[4.6850176,46.1753666],[4.6968932,46.1739988],[4.6998984,46.1775862],[4.7128039,46.1809705],[4.72289945523928,46.18977515132736],[4.7198582,46.2007021],[4.7094011,46.2043013],[4.6942782,46.2143989],[4.6829498,46.2129161],[4.6744124,46.2165672],[4.6696883,46.2159012],[4.6674836,46.2103573],[4.6631576,46.2088378]]]}},{"type":"Feature","id":"gavi","properties":{"slug":"gavi","name":"Gavi","parent_slug":"piemonte","source_name":"OpenStreetMap via Nominatim","source_url":"https://nominatim.openstreetmap.org/","source_license":"ODbL 1.0","source_queries":"Gavi, Alessandria, Italy => Gavi, Alessandria, Piemonte, 15066, Italia"},"geometry":{"type":"Polygon","coordinates":[[[8.7435514,44.7220483],[8.7506024,44.7210152],[8.76188,44.7091877],[8.7525465,44.701849],[8.762253,44.6964007],[8.7629631,44.6904786],[8.7663045,44.690427],[8.768118,44.6871133],[8.7782962,44.6820697],[8.7805031,44.6829202],[8.7799695,44.6799349],[8.7863581,44.6689641],[8.7905812,44.6671714],[8.7913582,44.6624511],[8.8048184,44.6563713],[8.8183831,44.6416477],[8.8185896,44.6374619],[8.8225585,44.6389472],[8.826265,44.6517427],[8.8169847,44.6501348],[8.8156007,44.6563532],[8.8258298,44.6630985],[8.828196,44.6687421],[8.8311231,44.6701328],[8.8396993,44.6707304],[8.8457345,44.6685961],[8.8484688,44.6648278],[8.8567079,44.6627679],[8.8637727,44.6634022],[8.8698605,44.6682734],[8.8747776,44.6664808],[8.8759208,44.6632192],[8.8740597,44.6612498],[8.8758949,44.6598961],[8.8891753,44.6664499],[8.8891213,44.6687455],[8.8832269,44.6697592],[8.8807282,44.6743095],[8.8743436,44.6765758],[8.8690707,44.6822864],[8.8636424,44.6826536],[8.8545088,44.6958488],[8.844986,44.6965976],[8.8476573,44.7052203],[8.8359924,44.7056002],[8.8365729,44.7083152],[8.8301282,44.7127125],[8.8312481,44.7179175],[8.8277355,44.7229085],[8.8191443,44.7235569],[8.8112602,44.7173686],[8.8062784,44.716334],[8.7931627,44.72232],[8.7842213,44.7119913],[8.7740001,44.7176475],[8.7644497,44.7134736],[8.7478703,44.7246079],[8.7435514,44.7220483]]]}},{"type":"Feature","id":"barolo","properties":{"slug":"barolo","name":"Barolo","parent_slug":"piemonte","source_name":"OpenStreetMap via Nominatim","source_url":"https://nominatim.openstreetmap.org/","source_license":"ODbL 1.0","source_queries":"Barolo, Cuneo, Italy => Barolo, Cuneo, Piemonte, Italia"},"geometry":{"type":"Polygon","coordinates":[[[7.9192105,44.6083759],[7.9218469,44.6109408],[7.9304493,44.6099234],[7.9475221,44.6005577],[7.959726,44.616554],[7.9607639,44.6273931],[7.9514655,44.6278752],[7.9251029,44.6207031],[7.9247079,44.6182359],[7.9202724,44.6176909],[7.9192105,44.6083759]]]}},{"type":"Feature","id":"barbaresco","properties":{"slug":"barbaresco","name":"Barbaresco","parent_slug":"piemonte","source_name":"OpenStreetMap via Nominatim","source_url":"https://nominatim.openstreetmap.org/","source_license":"ODbL 1.0","source_queries":"Barbaresco, Cuneo, Italy => Barbaresco, Cuneo, Piemonte, Italia"},"geometry":{"type":"Polygon","coordinates":[[[8.0570488,44.7101437],[8.061666,44.7064246],[8.0618986,44.7005511],[8.070581,44.7049925],[8.0807727,44.7039861],[8.0889467,44.7064868],[8.0947974,44.7365282],[8.0918717,44.7402109],[8.0850454,44.7361084],[8.0754674,44.7365815],[8.0730841,44.731648],[8.0673558,44.7319302],[8.0649275,44.7286232],[8.0669887,44.7256873],[8.0570488,44.7101437]]]}},{"type":"Feature","id":"barbera-dasti","properties":{"slug":"barbera-dasti","name":"Barbera d'Asti","parent_slug":"piemonte","source_name":"OpenStreetMap via Nominatim","source_url":"https://nominatim.openstreetmap.org/","source_license":"ODbL 1.0","source_queries":"Nizza Monferrato, Asti, Italy => Nizza Monferrato, Asti, Piemonte, Italia"},"geometry":{"type":"Polygon","coordinates":[[[8.3031507,44.7738952],[8.3068424,44.7704743],[8.3175882,44.7691977],[8.3185973,44.7547101],[8.3274209,44.7557752],[8.3317276,44.753991],[8.3373996,44.7562521],[8.3455636,44.7529773],[8.3448841,44.751065],[8.3492099,44.7490462],[8.3551467,44.739731],[8.3602152,44.7385442],[8.367986,44.7430436],[8.3688787,44.7470546],[8.3843981,44.7508662],[8.3899135,44.7486677],[8.3939395,44.7497874],[8.4027703,44.755888],[8.4038346,44.7617315],[8.3994054,44.7669566],[8.4002319,44.7698236],[8.3938964,44.7726394],[8.3960496,44.7800686],[8.398986,44.7812049],[8.3958986,44.7847689],[8.3620512,44.787063],[8.3540331,44.7926398],[8.3480307,44.7905757],[8.3416719,44.7929383],[8.3200793,44.7941711],[8.3166825,44.788673],[8.3062048,44.7842798],[8.307924,44.7805723],[8.3043381,44.7785475],[8.3031507,44.7738952]]]}},{"type":"Feature","id":"asti","properties":{"slug":"asti","name":"Asti","parent_slug":"piemonte","source_name":"OpenStreetMap via Nominatim","source_url":"https://nominatim.openstreetmap.org/","source_license":"ODbL 1.0","source_queries":"Asti, Piedmont, Italy => Asti, Piemonte, Italia"},"geometry":{"type":"Polygon","coordinates":[[[7.8834321,44.9362188],[7.8867706,44.9220058],[7.8927369,44.9149118],[7.9201991,44.9170877],[7.9200527,44.909007],[7.9263103,44.9028996],[7.9196391,44.8948204],[7.9205991,44.8929256],[7.9145572,44.8918871],[7.894018,44.8970822],[7.8850194,44.8964276],[7.8870688,44.8880127],[7.8851352,44.8846991],[7.901747,44.8802735],[7.9016874,44.8821589],[7.9094187,44.8861984],[7.9190052,44.8826032],[7.9185624,44.8762526],[7.9268024,44.8722704],[7.9258119,44.8646948],[7.9304459,44.854377],[7.9361914,44.8533594],[7.9433547,44.8463387],[7.9545954,44.847714],[7.9554532,44.8524972],[7.9611483,44.852138],[7.9646835,44.8566056],[7.9729117,44.8509904],[7.9766544,44.8508755],[7.982488,44.8338506],[7.9851,44.832258],[7.9840278,44.8262711],[7.9905045,44.8254733],[7.994721,44.8182053],[8.0114195,44.8143271],[8.0254827,44.816505],[8.0453527,44.7993194],[8.047676,44.8049444],[8.0553839,44.8111004],[8.0691676,44.8064269],[8.0739682,44.808883],[8.0787644,44.8073014],[8.0853579,44.8166762],[8.0943598,44.8225588],[8.1005065,44.8197492],[8.1062682,44.8099956],[8.1229107,44.8140946],[8.1318109,44.8092564],[8.1289543,44.8070382],[8.1314851,44.7997342],[8.1279993,44.7923978],[8.1371373,44.7821328],[8.1269463,44.7819355],[8.1255177,44.7760558],[8.1131372,44.7699528],[8.1109808,44.7730244],[8.1044422,44.7739411],[8.1025877,44.7712844],[8.1060715,44.7659464],[8.1043091,44.7625747],[8.095085,44.758505],[8.1123161,44.7484497],[8.1154586,44.7477449],[8.1198769,44.7517176],[8.1331959,44.7466747],[8.1376627,44.7381968],[8.1355371,44.7372535],[8.1363033,44.7327402],[8.1529263,44.712506],[8.1576427,44.7134097],[8.1605417,44.7219927],[8.1655006,44.7220555],[8.163274,44.732779],[8.1721675,44.7315249],[8.1785121,44.7367245],[8.1815714,44.7511997],[8.2065979,44.7506718],[8.2083869,44.7469731],[8.2022759,44.7443694],[8.2077292,44.7396902],[8.2066797,44.7379117],[8.2101283,44.7348996],[8.2103886,44.7305623],[8.2158216,44.7269223],[8.2218674,44.7296035],[8.2281697,44.7232402],[8.2405295,44.7239203],[8.2495683,44.7315829],[8.2567675,44.7321994],[8.2549113,44.7265408],[8.2561558,44.7217079],[8.2629204,44.7140194],[8.2692128,44.711511],[8.2666969,44.7079617],[8.2648073,44.7089681],[8.2601209,44.6968515],[8.244497,44.6907267],[8.2326014,44.6812452],[8.2236751,44.6794162],[8.2232115,44.6683857],[8.226765,44.6610368],[8.2207857,44.6573907],[8.2168237,44.6502157],[8.2069307,44.6455202],[8.2041673,44.6405722],[8.2050542,44.6357891],[8.1944768,44.6279504],[8.1984212,44.623963],[8.1956343,44.6182661],[8.1969157,44.6146124],[8.2020594,44.6164084],[8.2089206,44.6144081],[8.2147882,44.6173699],[8.2211273,44.6115077],[8.2248539,44.6030032],[8.2343449,44.598629],[8.22891,44.5936231],[8.2442932,44.5809694],[8.2457433,44.5700861],[8.2413375,44.5711999],[8.2402454,44.5671678],[8.2322997,44.561687],[8.2410999,44.5548004],[8.2362543,44.549218],[8.2394997,44.5476057],[8.2427944,44.5501033],[8.2460231,44.5482566],[8.2506875,44.538497],[8.2486053,44.5346032],[8.2621116,44.5189941],[8.2628467,44.5221914],[8.2739549,44.5308016],[8.2781943,44.5328045],[8.2808437,44.5312007],[8.2802863,44.5349426],[8.2826693,44.5358891],[8.2783133,44.5381393],[8.2835844,44.5405491],[8.2782309,44.546205],[8.2860004,44.5524656],[8.2829364,44.5566776],[8.2852116,44.5580198],[8.2875635,44.5572063],[8.3023568,44.5644276],[8.3163046,44.5581336],[8.3292316,44.5600153],[8.337709,44.5675099],[8.3470403,44.5699358],[8.3491937,44.5727794],[8.3597708,44.570404],[8.3691928,44.5749081],[8.3642144,44.5807142],[8.3565879,44.5828051],[8.3572355,44.5846925],[8.3555346,44.5830827],[8.3499492,44.5852251],[8.3517263,44.5902496],[8.3423965,44.5922669],[8.3385219,44.5914793],[8.338573,44.5880856],[8.3280739,44.5893477],[8.3159812,44.5960551],[8.3139768,44.6019169],[8.3162762,44.6087816],[8.3240879,44.6149092],[8.3281232,44.6230533],[8.3326611,44.6200325],[8.3421702,44.6232629],[8.3487043,44.6297128],[8.3471741,44.631401],[8.352957,44.633734],[8.355466,44.638425],[8.3535302,44.645832],[8.3555594,44.6546163],[8.3534967,44.6606273],[8.3504637,44.6602297],[8.3520373,44.664535],[8.350127,44.6668648],[8.3533604,44.6679229],[8.354188,44.6749089],[8.3562611,44.6759739],[8.346251,44.6898707],[8.3470185,44.6928864],[8.3534038,44.6919595],[8.3607477,44.6954982],[8.3705112,44.6959846],[8.3812489,44.6885623],[8.3930559,44.686015],[8.42055,44.6923064],[8.4203036,44.6949338],[8.4140933,44.6943215],[8.4110985,44.6974884],[8.4087353,44.7068602],[8.4190454,44.7108885],[8.4296318,44.7083988],[8.4333283,44.7110638],[8.4252502,44.713292],[8.4286519,44.7201013],[8.4221907,44.7330636],[8.433841,44.7339007],[8.4376118,44.7354362],[8.4369394,44.7370398],[8.4418467,44.7368253],[8.4464889,44.7413941],[8.4510055,44.7387872],[8.453967,44.7428569],[8.4530029,44.7479791],[8.4645738,44.7550467],[8.4733585,44.7537372],[8.4817763,44.7462498],[8.4881196,44.7465665],[8.4891293,44.7532957],[8.4806183,44.7521365],[8.4866114,44.7558681],[8.4898318,44.7642681],[8.5013232,44.7719257],[8.4992379,44.7752294],[8.4955691,44.774376],[8.4874594,44.7667736],[8.4873098,44.7722598],[8.4974458,44.7818516],[8.513625,44.7870442],[8.5118986,44.7894339],[8.5020259,44.7857517],[8.4860728,44.795948],[8.4900213,44.7996296],[8.4793434,44.8072107],[8.463051,44.8059883],[8.4588258,44.8020066],[8.4532027,44.8099917],[8.437544,44.8114281],[8.4352142,44.815283],[8.4205893,44.8196973],[8.4253288,44.8248344],[8.4200402,44.8263915],[8.4271325,44.833175],[8.4282389,44.8381947],[8.422396,44.8450699],[8.4233244,44.8496702],[8.4004307,44.8417159],[8.3889176,44.8466961],[8.3810611,44.8448453],[8.3762298,44.84674],[8.3801329,44.8590446],[8.3777782,44.8651127],[8.3917904,44.8747619],[8.3834689,44.8760001],[8.3785505,44.8824549],[8.3798012,44.88595],[8.3743694,44.8876622],[8.3669813,44.8959574],[8.3645098,44.9079073],[8.3587603,44.9128983],[8.3629302,44.9148706],[8.3603306,44.9159498],[8.3619337,44.9207703],[8.3604447,44.9226524],[8.3637819,44.9222165],[8.3657838,44.9279799],[8.3707349,44.92469],[8.380536,44.924253],[8.3795294,44.9291806],[8.3821369,44.9303515],[8.3806981,44.9343676],[8.382955,44.9361982],[8.3778295,44.9412385],[8.3791739,44.9436583],[8.3760521,44.9469225],[8.3775735,44.9493884],[8.382852,44.9502497],[8.3776114,44.9589261],[8.3873556,44.9689979],[8.3817418,44.9771909],[8.3827441,44.9793793],[8.3801396,44.9799323],[8.3811735,44.9835972],[8.3597127,44.9870886],[8.3522101,44.9959087],[8.3537626,45.0063551],[8.3607751,45.0127544],[8.3568462,45.0222112],[8.3604557,45.0253461],[8.3518733,45.0283044],[8.34854,45.0341366],[8.3290986,45.0346857],[8.3288744,45.0387981],[8.3214129,45.0465181],[8.3222986,45.0518974],[8.3050265,45.0595891],[8.3115135,45.0707006],[8.3025258,45.0771003],[8.2936162,45.0737734],[8.2954462,45.0716513],[8.2810139,45.0634958],[8.2770057,45.0648908],[8.2752913,45.0613982],[8.2672546,45.0632553],[8.262557,45.0608711],[8.2400619,45.0627535],[8.2275277,45.0476095],[8.2295969,45.0441083],[8.2279978,45.0426347],[8.2346408,45.0360315],[8.2297979,45.0314936],[8.230914,45.0282559],[8.227871,45.0211465],[8.2175812,45.0099142],[8.2159406,45.0128555],[8.218999,45.0141367],[8.2119138,45.0226173],[8.2084752,45.0235702],[8.2086103,45.0271067],[8.199184,45.031193],[8.2012918,45.0325265],[8.1997494,45.0333169],[8.1919972,45.034347],[8.1879376,45.0436756],[8.1838065,45.038074],[8.1743816,45.0359449],[8.170226,45.0318843],[8.1589596,45.0274876],[8.1564048,45.0330059],[8.1468799,45.03987],[8.1502196,45.0535155],[8.1366849,45.0525039],[8.131606,45.0567458],[8.1328711,45.0620124],[8.1312119,45.0651594],[8.1340748,45.0666215],[8.1256975,45.0694337],[8.1180212,45.06874],[8.1192797,45.0792255],[8.1175751,45.0837965],[8.1213896,45.0832093],[8.1214222,45.0859551],[8.12033,45.0896328],[8.1100308,45.0944275],[8.1093301,45.1008763],[8.1118684,45.1022418],[8.1117891,45.1071471],[8.1208744,45.1066458],[8.1240581,45.1087586],[8.129879,45.1192901],[8.1291425,45.1228852],[8.0994828,45.1288663],[8.0966807,45.1318732],[8.0928868,45.1263251],[8.0960471,45.1242798],[8.0914183,45.1206019],[8.0921276,45.1156656],[8.0827474,45.1081823],[8.0792013,45.0991565],[8.0751754,45.0973911],[8.0568172,45.1026735],[8.0469949,45.1084161],[8.0436448,45.1168181],[8.0467768,45.1281999],[8.0350492,45.1287676],[8.0265271,45.1330048],[8.0231965,45.1319029],[8.0204008,45.1267705],[8.0144238,45.1252302],[8.008078,45.1286715],[7.9993341,45.127569],[7.9902093,45.1299687],[7.9826621,45.1276423],[7.9836729,45.1252343],[7.9694873,45.1173658],[7.9537416,45.1168265],[7.944259,45.1116443],[7.9377463,45.1109988],[7.9285752,45.1039863],[7.9357891,45.0990848],[7.9398098,45.0924069],[7.9387875,45.0887697],[7.9421902,45.0862583],[7.9381353,45.0859866],[7.9374312,45.0810449],[7.9235873,45.0834267],[7.920227,45.0745035],[7.9139077,45.0788905],[7.9114531,45.0874682],[7.9084411,45.0873225],[7.9081224,45.0946288],[7.8959455,45.0949753],[7.8947331,45.0860159],[7.8979923,45.0823837],[7.8939304,45.0797868],[7.8960667,45.0736784],[7.8916551,45.0625095],[7.8930144,45.0598672],[7.8991364,45.0621768],[7.9029778,45.0615566],[7.9050706,45.0583811],[7.9105981,45.0602433],[7.9156164,45.0555516],[7.9185661,45.0568984],[7.9233272,45.0550305],[7.9287771,45.0489965],[7.9294668,45.0417161],[7.932335,45.0408517],[7.9377782,45.0420817],[7.9360838,45.0482142],[7.9392568,45.0490719],[7.93958,45.0555472],[7.9429537,45.0571717],[7.9458182,45.0547227],[7.9468957,45.0486902],[7.9580214,45.0420342],[7.9559627,45.0410882],[7.956953,45.0388198],[7.9520113,45.036191],[7.9538101,45.0296668],[7.9209945,45.0231556],[7.9158343,45.0030853],[7.9343269,45.0004837],[7.930967,44.9881602],[7.9285265,44.9830657],[7.9021792,44.9658324],[7.9002623,44.9407256],[7.8891557,44.935649],[7.8834321,44.9362188]],[[8.3031507,44.7738952],[8.3043381,44.7785475],[8.307924,44.7805723],[8.3062048,44.7842798],[8.3166825,44.788673],[8.3200793,44.7941711],[8.3416719,44.7929383],[8.3480307,44.7905757],[8.3540331,44.7926398],[8.3620512,44.787063],[8.3958986,44.7847689],[8.398986,44.7812049],[8.3960496,44.7800686],[8.3938964,44.7726394],[8.4002319,44.7698236],[8.3994054,44.7669566],[8.4038346,44.7617315],[8.4027703,44.755888],[8.3939395,44.7497874],[8.3899135,44.7486677],[8.3843981,44.7508662],[8.3688787,44.7470546],[8.367986,44.7430436],[8.3602152,44.7385442],[8.3551467,44.739731],[8.3492099,44.7490462],[8.3448841,44.751065],[8.3455636,44.7529773],[8.3373996,44.7562521],[8.3317276,44.753991],[8.3274209,44.7557752],[8.3185973,44.7547101],[8.3175882,44.7691977],[8.3068424,44.7704743],[8.3031507,44.7738952]]]}},{"type":"Feature","id":"soave","properties":{"slug":"soave","name":"Soave","parent_slug":"veneto","source_name":"OpenStreetMap via Nominatim","source_url":"https://nominatim.openstreetmap.org/","source_license":"ODbL 1.0","source_queries":"Soave, Verona, Italy => Soave, Verona, Veneto, 37038, Italia"},"geometry":{"type":"Polygon","coordinates":[[[11.2144684,45.4176995],[11.2223592,45.4128865],[11.219835,45.3998199],[11.2264564,45.3970019],[11.2265026,45.4054008],[11.2307698,45.4077285],[11.2552685,45.4080482],[11.2603997,45.4061649],[11.2704164,45.4093521],[11.273564,45.4133009],[11.2632662,45.419419],[11.2607702,45.42554],[11.263737,45.4298606],[11.2603649,45.4343328],[11.2632188,45.4384868],[11.2622487,45.4427167],[11.2662356,45.4444797],[11.2643252,45.445563],[11.2656698,45.447738],[11.2549946,45.4515724],[11.2641312,45.4548828],[11.2613484,45.4611258],[11.2619546,45.4657574],[11.2517971,45.463325],[11.2517998,45.4667638],[11.2439865,45.46581],[11.2441528,45.4701684],[11.237542,45.4724743],[11.2391576,45.4732247],[11.229591,45.4741836],[11.229234,45.468717],[11.2245748,45.4664957],[11.2265528,45.464539],[11.2250978,45.4622484],[11.2175162,45.459403],[11.218725,45.4574463],[11.2159736,45.4539659],[11.2208577,45.444284],[11.2268117,45.4391073],[11.2236875,45.4353523],[11.2321282,45.4307943],[11.2291339,45.4273094],[11.2295183,45.4228619],[11.2212999,45.4240071],[11.2144684,45.4176995]]]}},{"type":"Feature","id":"valpolicella","properties":{"slug":"valpolicella","name":"Valpolicella","parent_slug":"veneto","source_name":"OpenStreetMap via Nominatim","source_url":"https://nominatim.openstreetmap.org/","source_license":"ODbL 1.0","source_queries":"Valpolicella, Verona, Italy => Negrar di Valpolicella, Verona, Veneto, 37024, Italia"},"geometry":{"type":"Polygon","coordinates":[[[10.9201433,45.5217289],[10.9230266,45.5113457],[10.9252268,45.510596],[10.9219672,45.5047806],[10.9312221,45.5062409],[10.9324661,45.5000112],[10.9302251,45.498071],[10.9326487,45.4929604],[10.9276664,45.4916908],[10.9324113,45.4871566],[10.9393891,45.4830599],[10.9390218,45.4850594],[10.9521278,45.4885977],[10.9605265,45.4879376],[10.9596821,45.4931295],[10.967334,45.4985584],[10.9632358,45.4989165],[10.967905,45.5039819],[10.9664709,45.5106364],[10.9757198,45.5108752],[10.9778215,45.5144859],[10.9837089,45.5120355],[10.9836303,45.5167423],[10.9868928,45.518419],[10.9854044,45.5302198],[10.9718906,45.5444897],[10.9779894,45.5601737],[10.9757799,45.5761334],[10.9849266,45.5791576],[10.9762867,45.585457],[10.9723269,45.5841087],[10.9660973,45.5862605],[10.9671603,45.5883468],[10.9644032,45.5886385],[10.9603282,45.5944322],[10.9463195,45.5944425],[10.9483307,45.5908418],[10.9410597,45.5869068],[10.9398461,45.5734115],[10.9306367,45.5719516],[10.934066,45.5680937],[10.9284154,45.5586827],[10.9301946,45.5548814],[10.929226,45.5453605],[10.9315216,45.5443078],[10.9265722,45.530726],[10.9201433,45.5217289]]]}},{"type":"Feature","id":"verdicchio-dei-castelli-di-jesi","properties":{"slug":"verdicchio-dei-castelli-di-jesi","name":"Verdicchio dei Castelli di Jesi","parent_slug":"marche","source_name":"OpenStreetMap via Nominatim","source_url":"https://nominatim.openstreetmap.org/","source_license":"ODbL 1.0","source_queries":"Jesi, Ancona, Italy => Jesi, Ancona, Marche, 60035, Italia"},"geometry":{"type":"Polygon","coordinates":[[[13.1690403,43.5225104],[13.1742557,43.5145008],[13.1739269,43.5073644],[13.1807188,43.5019707],[13.1897794,43.5026107],[13.1928091,43.4968501],[13.1961473,43.4956786],[13.2173054,43.5003591],[13.2212522,43.4990968],[13.2151756,43.4933569],[13.2153681,43.4897756],[13.2128531,43.4886846],[13.2148302,43.4870676],[13.2125391,43.4867066],[13.2071307,43.4734286],[13.2153269,43.4701462],[13.2169164,43.4652799],[13.2266386,43.4663968],[13.24437,43.4593872],[13.2821886,43.4622195],[13.3029861,43.458858],[13.3066144,43.4657794],[13.3039541,43.4667395],[13.2970896,43.4857468],[13.2956058,43.4909703],[13.2989831,43.4918604],[13.296967,43.4966854],[13.3010825,43.4951259],[13.3066029,43.5077423],[13.312685,43.5122887],[13.3192259,43.5120323],[13.319862,43.514529],[13.3244521,43.5149269],[13.325315,43.5092224],[13.3320743,43.5046401],[13.3416752,43.5045093],[13.3443449,43.5064199],[13.3404572,43.510457],[13.3392101,43.5272453],[13.3293452,43.5295691],[13.329473,43.5410203],[13.3243585,43.5469806],[13.3292394,43.5521747],[13.3286979,43.5556704],[13.3179271,43.5592024],[13.3323581,43.5706607],[13.3337615,43.5843772],[13.3203412,43.5882037],[13.3127883,43.5814402],[13.3023775,43.57816],[13.2967201,43.5661923],[13.2797514,43.5525455],[13.2755489,43.5545132],[13.274807,43.5521433],[13.2660778,43.5530513],[13.2635145,43.5487208],[13.2533971,43.5540899],[13.2484266,43.5530624],[13.2459132,43.556154],[13.2326201,43.5562674],[13.2299828,43.5597499],[13.2273646,43.5567145],[13.2233553,43.5580961],[13.2125557,43.5473407],[13.2098661,43.5473769],[13.2092434,43.5446135],[13.2126546,43.5435693],[13.2062987,43.5379203],[13.1856877,43.5380569],[13.178905,43.5331243],[13.1740512,43.5342213],[13.1746996,43.5241301],[13.1690403,43.5225104]]]}},{"type":"Feature","id":"fiano-di-avellino","properties":{"slug":"fiano-di-avellino","name":"Fiano di Avellino","parent_slug":"campania","source_name":"OpenStreetMap via Nominatim","source_url":"https://nominatim.openstreetmap.org/","source_license":"ODbL 1.0","source_queries":"Avellino, Campania, Italy => Avellino, Campania, Italia"},"geometry":{"type":"Polygon","coordinates":[[[14.5594641,40.8879809],[14.5702243,40.8812303],[14.5772824,40.8800326],[14.5879156,40.8724017],[14.5877093,40.8674245],[14.6054926,40.8475995],[14.6242835,40.8440754],[14.6382957,40.8368942],[14.6515522,40.8356493],[14.6538258,40.8340521],[14.6542915,40.8265575],[14.6667871,40.8224677],[14.6759831,40.8215325],[14.6737077,40.8236523],[14.6742702,40.8298224],[14.6869534,40.8416501],[14.7021552,40.8376835],[14.7246865,40.8384048],[14.7317394,40.8424553],[14.7358924,40.8420682],[14.7343892,40.8382814],[14.7417355,40.8284808],[14.7302238,40.8213719],[14.7371631,40.8148416],[14.7452054,40.8015809],[14.7504239,40.8042772],[14.7570105,40.8025253],[14.7625168,40.8055553],[14.7697084,40.8053141],[14.7700893,40.8020498],[14.7728871,40.8014143],[14.7744499,40.8054227],[14.7813691,40.8068168],[14.7811608,40.8016873],[14.7830857,40.8003168],[14.7978385,40.7985657],[14.8025495,40.800772],[14.7995921,40.8026405],[14.808346,40.8051242],[14.8140046,40.8039021],[14.8258136,40.7943972],[14.8352035,40.7935475],[14.8483934,40.8002768],[14.8743014,40.7966111],[14.895885,40.8055161],[14.9138569,40.8075051],[14.9186653,40.8104621],[14.9184282,40.8011938],[14.9340467,40.79524],[14.9409039,40.789746],[14.9742402,40.7852233],[14.9881057,40.788578],[14.9912298,40.7804556],[15.0079055,40.7770246],[15.009173,40.7731598],[15.0272955,40.7817666],[15.0549212,40.7726168],[15.055967,40.7742423],[15.0709591,40.7704906],[15.0803881,40.771698],[15.0939843,40.765636],[15.096415,40.7669833],[15.1244023,40.7606532],[15.1322841,40.7612107],[15.1359747,40.7567701],[15.1395899,40.7568792],[15.1457154,40.7328112],[15.1511785,40.7297136],[15.1529196,40.7197915],[15.1641043,40.7086119],[15.1689771,40.706645],[15.1809657,40.709183],[15.187188,40.7079572],[15.1967229,40.7092845],[15.202315,40.7153915],[15.2152414,40.7176638],[15.2332996,40.7184413],[15.2400587,40.7160099],[15.2470777,40.7176806],[15.2394273,40.7228979],[15.2441662,40.7275865],[15.2407241,40.7320892],[15.242017,40.7455201],[15.238205,40.7559518],[15.2398764,40.7594613],[15.2383594,40.7694894],[15.240569,40.7711696],[15.2391209,40.7739034],[15.2515919,40.7875054],[15.2640249,40.7907572],[15.2702126,40.7963827],[15.2800202,40.7977643],[15.2849707,40.8103375],[15.2838543,40.8182246],[15.2955467,40.8381487],[15.3184112,40.8385924],[15.33074,40.8324279],[15.3609839,40.8391782],[15.377531757570187,40.83647256142176],[15.3734789,40.8611622],[15.3790301,40.8676043],[15.3665146,40.8719393],[15.355245,40.8708938],[15.3541736,40.8826538],[15.3752323,40.8858385],[15.3770004,40.8815731],[15.3881117,40.8756185],[15.3945284,40.8789651],[15.4015314,40.8770854],[15.4027343,40.881613],[15.4299255,40.8796305],[15.4300478,40.876523],[15.4447297,40.8768207],[15.4537026,40.8682346],[15.460816,40.8671507],[15.4737791,40.8746041],[15.4676101,40.8800961],[15.4681761,40.8902149],[15.4911565,40.8949283],[15.5080964,40.9050491],[15.5158071,40.9038918],[15.5212015,40.9076491],[15.5272463,40.9078366],[15.5284698,40.9138421],[15.5402612,40.9341995],[15.5380173,40.9373514],[15.5440226,40.9409287],[15.5422857,40.9463962],[15.566785112189667,40.96945547307237],[15.5682959,40.9898882],[15.5722979,40.9975161],[15.5665621,41.0053099],[15.5663506,41.0125265],[15.5595517,41.0169743],[15.5584279,41.0235095],[15.5631539,41.0310243],[15.5513721,41.0389561],[15.5493545,41.0524319],[15.5428713,41.0558542],[15.5294767,41.0576103],[15.4848637,41.0710666],[15.4788543,41.0745247],[15.4783512,41.0786617],[15.4609259,41.0759857],[15.446097,41.0780168],[15.431735,41.0886106],[15.4257008,41.0961535],[15.4122489,41.0949484],[15.411550370367616,41.09882492127875],[15.401448355681458,41.1058608371251],[15.396373,41.1068135],[15.3935169,41.10134],[15.3844995,41.0934872],[15.3670591,41.0848061],[15.3583766,41.0880321],[15.3516164,41.0947653],[15.3319182,41.0963535],[15.3188959,41.1002441],[15.3143572,41.1038857],[15.2930135,41.0918204],[15.289164,41.0966121],[15.2825723,41.0973347],[15.2625311,41.1067228],[15.263349,41.1147879],[15.2551522,41.1169451],[15.236362422954748,41.14080361345615],[15.232869,41.1380584],[15.227799370233184,41.1433012378204],[15.2212034,41.1420218],[15.2107885,41.1486706],[15.2084504,41.1559079],[15.2105056,41.1613637],[15.2125085,41.1613497],[15.2093455,41.1676866],[15.2212053,41.1746003],[15.2221675,41.1806957],[15.2482145,41.1948424],[15.2624151,41.1976262],[15.2448076,41.2249421],[15.246175,41.2361111],[15.2527961,41.2387821],[15.25802417844641,41.23767734907661],[15.279338651463728,41.24097918445683],[15.2758289,41.2449676],[15.275410869297117,41.24973512679227],[15.2645744,41.2565279],[15.249208140556076,41.270826638498626],[15.235684,41.2723148],[15.2293243,41.2662474],[15.2204396,41.2651875],[15.2157449,41.2759401],[15.1997443,41.2794481],[15.1984011,41.2818609],[15.20067711519007,41.286220104904515],[15.1533639,41.2833999],[15.1363703,41.263248],[15.1221732,41.2562028],[15.0990958,41.2609607],[15.08174,41.2528497],[15.0759325,41.257775],[15.0737571,41.2648526],[15.0667284,41.2679115],[15.0664938,41.2709336],[15.0509608,41.2582265],[15.0469178,41.2619951],[15.0341342,41.2643426],[15.0249393,41.2616575],[15.0202359,41.2627866],[15.0087062,41.2710917],[14.9861268,41.2711472],[14.980974,41.2612714],[14.9874949,41.2471681],[14.9834755,41.2402217],[14.9863286,41.2325387],[14.9910163,41.2306288],[14.996579,41.2220929],[14.999311,41.2225757],[15.0011844,41.2200114],[15.0014938,41.21238],[15.0049043,41.2081735],[14.9975564,41.1985528],[14.9792883,41.1892087],[14.9732357,41.1809771],[14.9625309,41.1770376],[14.9636681,41.1667484],[14.9579664,41.1566704],[14.9589226,41.151589],[14.9569237,41.14739],[14.9637624,41.1473454],[14.9680632,41.151267],[14.9712222,41.1492749],[14.9853072,41.1513142],[14.9918636,41.1472455],[14.9925187,41.1504068],[14.9953063,41.1504412],[14.9994781,41.1459926],[14.9941976,41.1463],[14.9929474,41.1434354],[14.9989779,41.1442095],[14.9940563,41.1422793],[15.0012403,41.1375968],[14.995664,41.133032],[14.9995488,41.1290844],[15.0029246,41.129727],[15.0108547,41.1180964],[14.9924515,41.1060967],[14.984757,41.1061291],[14.9744855,41.0932206],[14.9629754,41.0890662],[14.9487014,41.0885686],[14.9514983,41.0860252],[14.9456759,41.0852737],[14.9451688,41.0802503],[14.9349606,41.0858461],[14.9270446,41.0840227],[14.9224291,41.0815019],[14.9178085,41.0735848],[14.8706515,41.0588665],[14.8628671,41.0479042],[14.8549963,41.0450381],[14.8477672,41.0476973],[14.8343699,41.0379143],[14.8321908,41.0339742],[14.8063069,41.0406057],[14.8078928,41.0496622],[14.8053608,41.0592241],[14.7968127,41.0603175],[14.7941412,41.0581569],[14.796572,41.0568775],[14.7958399,41.0503206],[14.7915224,41.0482385],[14.7840258,41.0530812],[14.7747438,41.0546103],[14.7760881,41.047652],[14.7724763,41.0459998],[14.7765406,41.0408329],[14.7742545,41.0305327],[14.768117,41.0206195],[14.7759864,41.0144629],[14.76379,41.0096655],[14.7486172,41.0095436],[14.7462238,41.0130075],[14.7366596,41.0166227],[14.7375742,41.0232834],[14.7299662,41.0247614],[14.7282298,41.0274675],[14.7314314,41.0301254],[14.728139,41.0354027],[14.7294787,41.0422089],[14.7275007,41.0461063],[14.7167366,41.0530519],[14.713894,41.0584055],[14.7090013,41.0614349],[14.701475,41.0554242],[14.6765959,41.0558619],[14.6762709,41.0542126],[14.6672445,41.0580251],[14.6621398,41.0556437],[14.6590467,41.048464],[14.6507727,41.0493034],[14.6508857,41.0459266],[14.640148,41.042543],[14.6374694,41.0450554],[14.6318788,41.0426245],[14.6332896,41.045391],[14.6295632,41.0458573],[14.6295141,41.0485693],[14.6181012,41.0486959],[14.6157282,41.0514181],[14.6115128,41.0500262],[14.6108052,41.0528334],[14.604452,41.0509921],[14.6020335,41.057254],[14.5966445,41.0588265],[14.5948351,41.0568396],[14.5973208,41.0494718],[14.5926487,41.0505275],[14.593436,41.0483737],[14.5902758,41.0475013],[14.593419,41.0432883],[14.5899261,41.0405641],[14.5887489,41.0347294],[14.5680462,41.0206379],[14.573793,41.0019137],[14.5810686,40.9946333],[14.5817291,40.9841497],[14.579955,40.9753372],[14.57754,40.9736945],[14.5798182,40.9686957],[14.5767169,40.9630352],[14.5810749,40.9617929],[14.5787149,40.9608993],[14.5816054,40.9585849],[14.5782993,40.9534746],[14.5795423,40.9503805],[14.5831134,40.9492844],[14.5835436,40.943232],[14.5862177,40.9431426],[14.5852999,40.9339515],[14.6146133,40.9284403],[14.6175734,40.9238846],[14.6147346,40.9218313],[14.6194193,40.9209632],[14.6172391,40.917757],[14.6207068,40.9117181],[14.6274017,40.9143522],[14.6400571,40.9146412],[14.6574546,40.9125169],[14.6645185,40.9152117],[14.6687767,40.9114324],[14.6700169,40.9053084],[14.651756,40.903192],[14.6505681,40.9054244],[14.6453083,40.9054083],[14.6458501,40.908699],[14.6348248,40.9098341],[14.6321266,40.9123924],[14.6327676,40.910349],[14.6268059,40.9104655],[14.627367,40.9036774],[14.6259598,40.9089405],[14.6219211,40.9091156],[14.6177797,40.9128784],[14.6150993,40.9100117],[14.6095603,40.9092918],[14.6009773,40.9127846],[14.5964543,40.9106238],[14.5970968,40.9142744],[14.5928436,40.914585],[14.5742537,40.9091151],[14.5763284,40.9029777],[14.5729989,40.8999659],[14.572569,40.8950985],[14.5678422,40.895134],[14.5679217,40.8922089],[14.5594641,40.8879809]],[[14.6788679,41.019503],[14.6928061,41.0277747],[14.696141,41.0337268],[14.7095612,41.0177116],[14.7087679,41.0142133],[14.7155975,41.008153],[14.7054698,40.9886045],[14.6936095,40.9751363],[14.6797767,40.9816722],[14.6794954,40.985926],[14.6826975,40.9899401],[14.6796375,40.9981663],[14.6862819,41.0087615],[14.6849149,41.0136407],[14.6788679,41.019503]]]}},{"type":"Feature","id":"chianti","properties":{"slug":"chianti","name":"Chianti","parent_slug":"tuscany","source_name":"OpenStreetMap via Nominatim","source_url":"https://nominatim.openstreetmap.org/","source_license":"ODbL 1.0","source_queries":"Chianti, Siena, Italy => Gaiole in Chianti, Siena, Toscana, 53013, Italia"},"geometry":{"type":"Polygon","coordinates":[[[11.3541501,43.4552317],[11.3577665,43.4495517],[11.3548999,43.4440769],[11.3581875,43.4409271],[11.3567093,43.4372884],[11.3600736,43.4348121],[11.3666095,43.4346329],[11.3664258,43.4292555],[11.3728646,43.4267748],[11.3747304,43.4220528],[11.3814495,43.4182688],[11.3807554,43.4160321],[11.3843931,43.4129347],[11.3826369,43.4097292],[11.3918019,43.406983],[11.3978974,43.410199],[11.402101,43.4093352],[11.4042986,43.4016084],[11.4004068,43.3969258],[11.4104356,43.3904644],[11.4121581,43.3854952],[11.4095511,43.3841769],[11.4121676,43.3804385],[11.4090198,43.3784217],[11.415802,43.3707855],[11.414155,43.3687716],[11.4161454,43.3651416],[11.4150734,43.357582],[11.4220513,43.3552989],[11.4303964,43.3620802],[11.4333894,43.3713784],[11.4395486,43.3763239],[11.4487312,43.39266],[11.4907117,43.4160244],[11.5060917,43.4190907],[11.5340996,43.4081326],[11.5336042,43.4105854],[11.5460653,43.4211478],[11.5461814,43.4282951],[11.5423695,43.4331299],[11.5432463,43.4463668],[11.5477415,43.4481779],[11.5516899,43.4589534],[11.5289405,43.456548],[11.5250784,43.4631931],[11.513514,43.4686942],[11.5046774,43.4646698],[11.5014532,43.4605427],[11.488861,43.477283],[11.4800479,43.4787554],[11.464739,43.4937211],[11.4666557,43.4994665],[11.4596393,43.4996682],[11.4580194,43.5030421],[11.4613367,43.5102501],[11.4532463,43.5129575],[11.4466555,43.5111014],[11.4354707,43.5122802],[11.4403378,43.5056936],[11.4385025,43.5033774],[11.4490767,43.4985247],[11.4469424,43.4975555],[11.4484312,43.4955023],[11.4464001,43.4928938],[11.4320858,43.4950894],[11.4187301,43.4909892],[11.4198899,43.4886143],[11.4168102,43.4870487],[11.4009238,43.4849375],[11.3943125,43.4760212],[11.3886292,43.4773717],[11.3756943,43.4731821],[11.3732535,43.4674111],[11.3695344,43.4653662],[11.3629253,43.4665231],[11.3575633,43.4638023],[11.3541501,43.4552317]]]}},{"type":"Feature","id":"brunello-di-montalcino","properties":{"slug":"brunello-di-montalcino","name":"Brunello di Montalcino","parent_slug":"tuscany","source_name":"OpenStreetMap via Nominatim","source_url":"https://nominatim.openstreetmap.org/","source_license":"ODbL 1.0","source_queries":"Montalcino, Siena, Italy => Montalcino, Siena, Toscana, Italia"},"geometry":{"type":"Polygon","coordinates":[[[11.3498421,42.9712736],[11.3595964,42.9655306],[11.3707384,42.9688412],[11.3851321,42.9641163],[11.4028419,42.9634857],[11.4074768,42.9596731],[11.438445,42.9583406],[11.4473733,42.9615177],[11.4562412,42.9573026],[11.4637787,42.9590945],[11.4714466,42.964746],[11.476942,42.9626731],[11.4874898,42.9642902],[11.4979208,42.9760298],[11.503524,42.9760064],[11.5058015,42.9792431],[11.5150052,42.9811932],[11.5191022,42.9809139],[11.5297186,42.9732918],[11.5431103,42.9736671],[11.5483071,42.977221],[11.5486154,42.981691],[11.5559876,42.9871917],[11.5513253,43.0005841],[11.5535627,43.0059865],[11.5587633,43.0099366],[11.5529793,43.0138687],[11.5526306,43.0327457],[11.557559,43.034617],[11.5567093,43.0382308],[11.5598226,43.0430121],[11.5658193,43.0433061],[11.5654793,43.0530106],[11.5552656,43.0497598],[11.5527623,43.0582943],[11.554449,43.0623527],[11.5588029,43.0647306],[11.5610937,43.0744268],[11.5683337,43.07613],[11.570163,43.0795328],[11.5750102,43.0784091],[11.5805164,43.0817994],[11.5869841,43.0761109],[11.5853626,43.0813141],[11.5899587,43.0863967],[11.5885121,43.09063],[11.5755562,43.0932807],[11.5846915,43.0985591],[11.5891903,43.0983274],[11.5877137,43.1032607],[11.5825188,43.1048683],[11.5793698,43.1093663],[11.5856432,43.1111318],[11.5829749,43.1144201],[11.5857209,43.1143168],[11.5850988,43.1177897],[11.5982223,43.1176403],[11.6021741,43.1152904],[11.6083854,43.1207855],[11.6186952,43.1198876],[11.6251923,43.1283842],[11.629423,43.1301418],[11.6247794,43.1326177],[11.6297538,43.1351824],[11.6279562,43.1385112],[11.6300623,43.1407894],[11.6426424,43.1472106],[11.6561001,43.147007],[11.6565302,43.1494492],[11.6680336,43.1556463],[11.6870431,43.1621791],[11.6826075,43.1689914],[11.6838441,43.1731403],[11.6804051,43.1739728],[11.6705567,43.1702594],[11.659129,43.1717233],[11.6556186,43.1744971],[11.6330929,43.1737124],[11.6245776,43.1755649],[11.6132332,43.1722546],[11.5980848,43.1732346],[11.5948742,43.175491],[11.591792,43.1736655],[11.5791196,43.1775492],[11.5787434,43.1688687],[11.5742358,43.1654137],[11.5706442,43.1673223],[11.5670345,43.1650263],[11.563699,43.1584056],[11.5525994,43.1590016],[11.5471941,43.1561238],[11.5435197,43.1499702],[11.5365724,43.15043],[11.5256141,43.1441446],[11.5198469,43.1467936],[11.5102423,43.1439472],[11.5189965,43.1383992],[11.518035,43.1346412],[11.5246121,43.1308585],[11.5224595,43.1178552],[11.5259098,43.1187822],[11.5271769,43.1170164],[11.5246149,43.1118055],[11.5113938,43.1047726],[11.504685,43.1068601],[11.5060704,43.1077801],[11.4996284,43.1066421],[11.4878597,43.1093208],[11.4771636,43.1078762],[11.4748931,43.1056344],[11.4558112,43.1093949],[11.4539805,43.1130169],[11.4468255,43.1084005],[11.4500997,43.1026215],[11.4447256,43.0998839],[11.437097,43.1079706],[11.4309013,43.1037203],[11.422256,43.1027855],[11.4247633,43.1096586],[11.4180987,43.108558],[11.4046964,43.1127203],[11.393875,43.1056593],[11.3906386,43.1091893],[11.3870631,43.1080845],[11.3851025,43.1061735],[11.3878891,43.1016316],[11.3806335,43.1000932],[11.3812493,43.0969648],[11.3758048,43.0929657],[11.3766479,43.0872212],[11.3638071,43.0810973],[11.363458,43.0739017],[11.3667586,43.0718976],[11.3625534,43.0634663],[11.3680809,43.0568299],[11.3654113,43.0541964],[11.3592278,43.0545666],[11.3635752,43.0465773],[11.3613047,43.0420901],[11.3537776,43.0402665],[11.3642687,43.0324559],[11.3517396,43.0276132],[11.3631791,43.0222346],[11.3608664,43.0105462],[11.3621165,43.0066664],[11.3731192,43.0078704],[11.3740995,43.003699],[11.3705528,42.998568],[11.3788361,42.9984288],[11.3806833,42.9958813],[11.3743193,42.9927662],[11.367529,42.9952179],[11.3653331,42.9939304],[11.3685887,42.9875631],[11.3775614,42.9851677],[11.3754649,42.9789624],[11.3666044,42.9768859],[11.358245,42.9793077],[11.3498421,42.9712736]]]}},{"type":"Feature","id":"montepulciano-dabruzzo","properties":{"slug":"montepulciano-dabruzzo","name":"Montepulciano d'Abruzzo","parent_slug":"abruzzo","source_name":"OpenStreetMap via Nominatim","source_url":"https://nominatim.openstreetmap.org/","source_license":"ODbL 1.0","source_queries":"Chieti, Abruzzo, Italy => Chieti, Abruzzo, Italia"},"geometry":{"type":"MultiPolygon","coordinates":[[[[14.0756603,42.3249085],[14.0787842,42.3172892],[14.0860037,42.3167047],[14.0865146,42.3135147],[14.0952471,42.304497],[14.1123804,42.2965349],[14.1122204,42.2923559],[14.1036975,42.2852644],[14.086106,42.2793725],[14.1019491,42.2793602],[14.1086072,42.2748693],[14.1140201,42.2746525],[14.1151899,42.2630819],[14.1043854,42.257603],[14.1092777,42.2532355],[14.1089055,42.2436503],[14.1327899,42.2250774],[14.1188211,42.2234477],[14.1159616,42.2157287],[14.1114875,42.2114961],[14.09492,42.2061989],[14.09452,42.201891],[14.1075055,42.1897527],[14.1016918,42.1901537],[14.0969725,42.1868885],[14.097185,42.1822591],[14.1173575,42.1710057],[14.1237739,42.1738114],[14.1202005,42.1685063],[14.130066,42.1597461],[14.1165287,42.1514036],[14.1108009,42.1438093],[14.1103851,42.1380797],[14.1165146,42.121106],[14.1139438,42.1050928],[14.1070637,42.0997148],[14.0911002,42.0996534],[14.089507,42.0945507],[14.0841152,42.0910677],[14.1010814,42.0756398],[14.0997124,42.064578],[14.1049357,42.0489552],[14.0915035,42.0419282],[14.091499,42.0337045],[14.0824169,42.0192755],[14.0805053,42.0086336],[14.0818984,42.0024275],[14.0908172,41.9985202],[14.0987962,41.9532913],[14.0987869,41.9461661],[14.0880783,41.9442252],[14.0823689,41.939644],[14.0957698,41.92324],[14.100737,41.9052926],[14.1071464,41.8943343],[14.1358025,41.8905636],[14.1700731,41.9023905],[14.1841279,41.9044919],[14.2113913,41.8923164],[14.2297358,41.8770726],[14.2472604,41.8836004],[14.2566811,41.8930404],[14.2713096,41.9019782],[14.2801822,41.9104911],[14.2850943,41.9117554],[14.301123,41.8999137],[14.304872,41.8943701],[14.3247655,41.8972631],[14.3284631,41.886796],[14.3431166,41.8709542],[14.3438801,41.8634974],[14.3590231,41.8609307],[14.3653479,41.8698067],[14.3620985,41.8754045],[14.3775541,41.8809078],[14.3791253,41.8657161],[14.3936696,41.8705916],[14.4006608,41.8685005],[14.4248651,41.8534044],[14.4306519,41.840808],[14.4440927,41.839918],[14.4480687,41.8317197],[14.455715872195375,41.79432459507029],[14.4670289,41.7770582],[14.4602441,41.7740509],[14.45487467283345,41.763525102552926],[14.4693792,41.7635865],[14.4853301,41.7596519],[14.492135795418742,41.76405819129682],[14.4999731,41.7737513],[14.5288644,41.7869991],[14.5336417,41.7920256],[14.5309544,41.8006881],[14.536143,41.8033124],[14.5393426,41.8023349],[14.5507374,41.8165122],[14.5617889,41.8194873],[14.5679651,41.8181337],[14.5856188,41.8431196],[14.5985842,41.8520104],[14.5977592,41.8614358],[14.6122127,41.8811394],[14.6142445,41.8891884],[14.6227875,41.8941959],[14.641322,41.8993423],[14.6427389,41.9046242],[14.6507608,41.9038683],[14.6548333,41.9109408],[14.6632249,41.915603],[14.66739619438022,41.93683064274738],[14.6664179,41.9420848],[14.6695138,41.9476071],[14.7017482,41.973686],[14.7020126,41.9777721],[14.7250069,42.0014381],[14.7315082,42.006041],[14.7651892,42.0181977],[14.783467604157023,42.034388196523466],[14.77468074765361,42.04061316723358],[14.7616781,42.0431742],[14.7732996,42.0641651],[14.7803935,42.0714792],[14.7700209,42.0732269],[14.740733,42.084621],[14.7187904,42.1046224],[14.7183136,42.1110662],[14.722195589695993,42.123331247342215],[14.7186932,42.1342494],[14.717052,42.160061],[14.70865073523521,42.174628802366605],[14.6969182,42.175219],[14.64855146471377,42.192513965679495],[14.6439927,42.1921294],[14.6058854,42.2035395],[14.5137532,42.249079],[14.5011223,42.2605656],[14.501090762406983,42.26896358196868],[14.429047,42.321723],[14.38738,42.372952],[14.3273915,42.4014448],[14.2539586,42.44511],[14.2439008,42.4369003],[14.248288,42.4343674],[14.2430079,42.4302075],[14.2463182,42.4281979],[14.2388318,42.4269452],[14.2288956,42.4152465],[14.2211632,42.4192882],[14.2231295,42.4278747],[14.2136555,42.4284347],[14.2094912,42.424984],[14.1985587,42.4287779],[14.1942431,42.4370328],[14.1857279,42.4257569],[14.1811498,42.4315189],[14.1713568,42.4369923],[14.1641017,42.4308082],[14.1677591,42.4281958],[14.1711062,42.4289992],[14.1707399,42.4270056],[14.163822,42.4244368],[14.1636566,42.4196965],[14.1585493,42.4194642],[14.1571277,42.4171311],[14.1614563,42.4168803],[14.1609486,42.4149617],[14.1544437,42.4134135],[14.1514556,42.4098203],[14.1557257,42.4109223],[14.1554538,42.4057022],[14.1515023,42.401577],[14.1559988,42.4006293],[14.1575435,42.394233],[14.1505988,42.3919849],[14.1439859,42.3931382],[14.1464063,42.3888114],[14.1443995,42.3868254],[14.136117,42.3895147],[14.128169,42.3787745],[14.1276469,42.3674886],[14.117581,42.3622782],[14.1198986,42.3582843],[14.1281813,42.3585946],[14.124673,42.3532041],[14.1297463,42.3515557],[14.1270428,42.3486873],[14.1213169,42.3480023],[14.1220652,42.3433968],[14.1169036,42.3403193],[14.1196567,42.3348608],[14.1109411,42.3316338],[14.1104894,42.333865],[14.0967428,42.3323348],[14.0908318,42.3343717],[14.08834,42.331975],[14.0829742,42.3318229],[14.0827088,42.3286174],[14.077146,42.3276649],[14.0756603,42.3249085]]],[[[14.708443,42.1749095],[14.708527449089376,42.17479539003928],[14.70857383700763,42.17500913559619],[14.708443,42.1749095]]]]}},{"type":"Feature","id":"walker-bay","properties":{"slug":"walker-bay","name":"Walker Bay","parent_slug":"western-cape","source_name":"OpenStreetMap via Nominatim","source_url":"https://nominatim.openstreetmap.org/","source_license":"ODbL 1.0","source_queries":"Walker Bay, Western Cape, South Africa => Walker Bay, Overstrand Local Municipality, Western Cape, South Africa | Walker Bay, South Africa => Walker Bay, Overstrand Local Municipality, Western Cape, South Africa"},"geometry":{"type":"MultiPolygon","coordinates":[[[[19.169706268824417,-34.416328032937734],[19.17087397034452,-34.4163962516006],[19.17076,-34.41609],[19.169706268824417,-34.416328032937734]]],[[[19.296886,-34.617771],[19.31231,-34.61142],[19.32498,-34.61081],[19.32824,-34.60851],[19.3392,-34.58532],[19.340919,-34.5853729],[19.33892,-34.58795],[19.34155,-34.58817],[19.3407877,-34.5862239],[19.3439499,-34.5876453],[19.3436649,-34.583983],[19.3466422,-34.5822588],[19.3425,-34.57793],[19.3543721,-34.5658361],[19.3513,-34.5661],[19.35263,-34.55973],[19.36365,-34.55604],[19.36539,-34.55255],[19.37264,-34.54881],[19.37104,-34.5476],[19.37879,-34.54461],[19.36888,-34.50793],[19.34858,-34.47145],[19.33728583907807,-34.458088248534246],[19.360199,-34.500421],[19.365082,-34.527765],[19.360118,-34.53867],[19.300629,-34.606622],[19.296886,-34.617771]]],[[[19.3447080836898,-34.583930229129585],[19.3476897,-34.5837794],[19.3447286,-34.5838297],[19.3447080836898,-34.583930229129585]]]]}},{"type":"Feature","id":"constantia","properties":{"slug":"constantia","name":"Constantia","parent_slug":"western-cape","source_name":"OpenStreetMap via Nominatim","source_url":"https://nominatim.openstreetmap.org/","source_license":"ODbL 1.0","source_queries":"Constantia, Cape Town, South Africa => Constantia Village, Constantia, Cape Town, City of Cape Town, Western Cape, South Africa"},"geometry":{"type":"Polygon","coordinates":[[[18.4424529,-34.0215442],[18.4456135,-34.0228136],[18.4464716,-34.0200075],[18.4424529,-34.0215442]]]}},{"type":"Feature","id":"elgin","properties":{"slug":"elgin","name":"Elgin","parent_slug":"western-cape","source_name":"OpenStreetMap via Nominatim","source_url":"https://nominatim.openstreetmap.org/","source_license":"ODbL 1.0","source_queries":"Theewaterskloof Local Municipality, Western Cape, South Africa => Theewaterskloof Local Municipality, Overberg District Municipality, Western Cape, South Africa"},"geometry":{"type":"Polygon","coordinates":[[[18.9290698,-34.2016452],[18.9386951,-34.2073604],[18.95604,-34.21054],[18.9455535,-34.228061],[18.9477336,-34.2454104],[18.9799653,-34.2540024],[19.01176,-34.27423],[19.02182,-34.27129],[19.03912,-34.27423],[19.1300979,-34.2431196],[19.1432498,-34.252515],[19.1535717,-34.2686881],[19.1572341,-34.2638254],[19.1703186,-34.2679575],[19.1852598,-34.2777039],[19.2069822,-34.2967317],[19.2108603,-34.2935938],[19.2133883,-34.3266503],[19.25785,-34.31626],[19.3029798,-34.3285599],[19.3065498,-34.3398299],[19.2974697,-34.3431807],[19.2975203,-34.3457623],[19.3052449,-34.3559919],[19.29341,-34.36709],[19.3005769,-34.3752864],[19.3224653,-34.3743381],[19.3231467,-34.3808692],[19.35164,-34.38756],[19.39218,-34.38],[19.4029707,-34.3756038],[19.446191,-34.3908902],[19.49513,-34.39983],[19.52447,-34.39032],[19.55599,-34.38974],[19.54893,-34.39577],[19.59039,-34.39054],[19.58224,-34.40406],[19.60323,-34.40599],[19.58291,-34.42547],[19.58312,-34.42969],[19.61597,-34.42427],[19.6269432,-34.4168937],[19.6246,-34.4032],[19.61721,-34.39937],[19.6287553,-34.3803294],[19.6371088,-34.378801],[19.6410554,-34.3720317],[19.63652,-34.36361],[19.6303495,-34.3651411],[19.6305687,-34.3611202],[19.6350711,-34.3562502],[19.6174291,-34.3527947],[19.6183017,-34.3494875],[19.6281739,-34.3444331],[19.6274943,-34.3407658],[19.6357752,-34.3420235],[19.641912,-34.3368275],[19.6424434,-34.3394905],[19.6574936,-34.3173322],[19.66915,-34.32112],[19.6721949,-34.3272551],[19.66448,-34.34393],[19.6684587,-34.3573835],[19.675022,-34.3605393],[19.6807552,-34.3533379],[19.69181,-34.34892],[19.70517,-34.35006],[19.73424,-34.31658],[19.74094,-34.31262],[19.76059,-34.33058],[19.77462,-34.33279],[19.79444,-34.32072],[19.79771,-34.28462],[19.80518,-34.27865],[19.8454268,-34.2806262],[19.8502459,-34.2595797],[19.84685,-34.26202],[19.8375,-34.26025],[19.8458,-34.26154],[19.8504268,-34.2587892],[19.856139,-34.2338351],[19.8896115,-34.2157841],[19.8904608,-34.2071087],[19.9014299,-34.2147255],[19.906514,-34.1938396],[19.891347,-34.1927622],[19.8937753,-34.1751491],[19.9284848,-34.1718644],[19.9317045,-34.1626941],[19.9348399,-34.1715053],[19.9327451,-34.1812624],[19.9376506,-34.1820451],[19.9386002,-34.1730295],[19.9658865,-34.1764184],[19.97976,-34.16634],[19.9848,-34.15744],[19.98736,-34.14352],[19.9800964,-34.1316743],[19.9978115,-34.1307729],[20.0028148,-34.1283579],[19.98961,-34.11531],[19.9924,-34.10513],[20.00746,-34.09392],[19.98927,-34.0855],[19.98654,-34.07817],[19.90622,-34.07616],[19.8855,-34.06616],[19.85358,-34.06331],[19.81032,-34.05543],[19.75522,-34.05441],[19.73498,-34.04116],[19.71478,-34.04898],[19.70014,-34.0464],[19.68066,-34.00914],[19.6406194,-34.0027852],[19.58983,-34.01236],[19.56624,-34.00198],[19.5333,-33.96953],[19.50689,-33.9717],[19.4558,-33.99988],[19.42674,-33.99318],[19.36178,-33.97154],[19.34856,-33.9552],[19.33587,-33.95824],[19.32505,-33.95208],[19.31886,-33.94719],[19.312799,-33.934978],[19.31055,-33.91373],[19.2974,-33.88968],[19.27819,-33.879455],[19.25839,-33.88311],[19.26525,-33.90029],[19.2438,-33.89745],[19.20658,-33.95041],[19.191,-33.94722],[19.16459,-33.97142],[19.14555,-33.95595],[19.12606,-33.96172],[19.042479,-34.0083956],[19.0264401,-34.0206671],[18.9875541,-34.0349005],[19.0048242,-34.0755669],[18.9668366,-34.102374],[18.9439,-34.13824],[18.965205,-34.14],[18.96382,-34.15294],[18.98027,-34.15499],[18.96248,-34.17772],[18.95426,-34.17363],[18.95443,-34.18381],[18.94185,-34.18889],[18.9344,-34.19665],[18.9310049,-34.1958613],[18.9290698,-34.2016452]]]}},{"type":"Feature","id":"stellenbosch","properties":{"slug":"stellenbosch","name":"Stellenbosch","parent_slug":"western-cape","source_name":"OpenStreetMap via Nominatim","source_url":"https://nominatim.openstreetmap.org/","source_license":"ODbL 1.0","source_queries":"Stellenbosch Local Municipality, Western Cape, South Africa => Stellenbosch Local Municipality, Cape Winelands District Municipality, Western Cape, South Africa | Stellenbosch, South Africa => Stellenbosch, Stellenbosch Local Municipality, Cape Winelands District Municipality, Western Cape, South Africa"},"geometry":{"type":"Polygon","coordinates":[[[18.70833,-33.922691],[18.71081,-33.921169],[18.724779,-33.925819],[18.72737,-33.924709],[18.73958,-33.932751],[18.743959,-33.932209],[18.74234,-33.936501],[18.739811,-33.935959],[18.736919,-33.940552],[18.73081,-33.96277],[18.7332932,-33.9627341],[18.7310551,-33.9632529],[18.7335,-33.96592],[18.7282672,-33.9693029],[18.7300903,-33.9689929],[18.74066,-33.98414],[18.74542,-33.98736],[18.73773,-33.9893],[18.75177,-34.00532],[18.74587,-34.00639],[18.74739,-34.0104],[18.74195,-34.0135],[18.74479,-34.01929],[18.74206,-34.02129],[18.74443,-34.02482],[18.75079,-34.02797],[18.75478,-34.03465],[18.75901,-34.03334],[18.76767,-34.04043],[18.76625,-34.04371],[18.789733,-34.053682],[18.80604,-34.05401],[18.80922,-34.06339],[18.81381,-34.05835],[18.8147936,-34.0520337],[18.8049633,-34.0512709],[18.8190261,-34.0397741],[18.84184,-34.04711],[18.86191,-34.03827],[18.86041,-34.03645],[18.86196,-34.03366],[18.85526,-34.03093],[18.86919,-34.03052],[18.87219,-34.03404],[18.87833,-34.03395],[18.87919,-34.03212],[18.8852,-34.03407],[18.885175,-34.03032],[18.88811,-34.03042],[18.89257,-34.02553],[18.89716,-34.02642],[18.9226,-34.01398],[18.918,-34.01194],[18.91788,-34.00883],[18.9274,-33.99994],[18.93157,-34.00257],[18.94371,-34.00372],[18.9553,-34.01011],[18.96949,-34.0199],[18.9846427,-34.0359403],[19.0264401,-34.0206671],[19.042479,-34.0083956],[19.12606,-33.96172],[19.14555,-33.95595],[19.16459,-33.97142],[19.191,-33.94722],[19.20658,-33.95041],[19.2438,-33.89745],[19.214049,-33.857068],[19.17913,-33.86237],[19.16457,-33.86852],[19.1462,-33.8614],[19.14271,-33.86341],[19.14121,-33.86244],[19.143194,-33.860466],[19.09416,-33.83167],[19.059488,-33.854035],[19.05585,-33.85962],[19.04663,-33.84048],[19.034302,-33.83886],[19.03112,-33.84401],[19.02712,-33.84019],[19.02022,-33.84524],[18.99389,-33.84923],[18.99039,-33.85427],[18.98198,-33.8529],[18.97242,-33.84442],[18.96657,-33.85314],[18.96497,-33.86274],[18.95169,-33.87073],[18.94848,-33.8668],[18.93154,-33.87908],[18.92211,-33.87617],[18.88485,-33.84637],[18.89543,-33.84213],[18.8932698,-33.8261818],[18.89588,-33.80518],[18.90222,-33.80352],[18.90276,-33.79663],[18.89637,-33.79834],[18.89678,-33.79336],[18.83435,-33.80762],[18.82769,-33.79635],[18.82205,-33.79888],[18.82117,-33.8114],[18.76777,-33.82622],[18.76839,-33.83269],[18.75287,-33.83442],[18.753115,-33.849985],[18.745795,-33.86028],[18.74572,-33.87395],[18.75291,-33.884522],[18.751381,-33.893539],[18.745911,-33.88731],[18.73707,-33.89349],[18.73562,-33.89103],[18.717251,-33.898472],[18.71657,-33.90197],[18.719311,-33.903462],[18.71716,-33.90559],[18.7153,-33.903621],[18.70833,-33.922691]]]}},{"type":"Feature","id":"rutherford","properties":{"slug":"rutherford","name":"Rutherford","parent_slug":"napa","source_name":"OpenStreetMap via Nominatim","source_url":"https://nominatim.openstreetmap.org/","source_license":"ODbL 1.0","source_queries":"Rutherford, Napa County, California, USA => Rutherford, Napa County, California, United States"},"geometry":{"type":"Polygon","coordinates":[[[-122.439967,38.450838],[-122.43568,38.446852],[-122.431039,38.447657],[-122.421675,38.444629],[-122.407855,38.455577],[-122.411719,38.460047],[-122.410711,38.46448],[-122.427452,38.469966],[-122.430505,38.468516],[-122.432735,38.462863],[-122.434,38.458089],[-122.432156,38.454623],[-122.439967,38.450838]]]}},{"type":"Feature","id":"oakville","properties":{"slug":"oakville","name":"Oakville","parent_slug":"napa","source_name":"OpenStreetMap via Nominatim","source_url":"https://nominatim.openstreetmap.org/","source_license":"ODbL 1.0","source_queries":"Oakville, Napa County, California, USA => Oakville, Napa County, California, United States"},"geometry":{"type":"Polygon","coordinates":[[[-122.422537,38.439591],[-122.419784,38.434643],[-122.421333,38.430489],[-122.388862,38.432989],[-122.392525,38.439528],[-122.40325,38.446882],[-122.412932,38.446934],[-122.422537,38.439591]]]}},{"type":"Feature","id":"yarra-valley","properties":{"slug":"yarra-valley","name":"Yarra Valley","parent_slug":"victoria","source_name":"OpenStreetMap via Nominatim","source_url":"https://nominatim.openstreetmap.org/","source_license":"ODbL 1.0","source_queries":"Shire of Yarra Ranges, Victoria, Australia => Shire of Yarra Ranges, Victoria, Australia"},"geometry":{"type":"Polygon","coordinates":[[[145.281666,-37.74258],[145.289712,-37.752681],[145.289573,-37.762819],[145.296433,-37.763453],[145.2959,-37.7664],[145.300341,-37.767394],[145.29734,-37.770383],[145.307874,-37.77754],[145.305954,-37.779854],[145.3073976,-37.7836776],[145.3052923,-37.7842883],[145.309132,-37.795421],[145.304287,-37.821538],[145.316807,-37.818159],[145.317759,-37.844956],[145.332829,-37.847435],[145.332124,-37.851022],[145.341239,-37.853776],[145.347622,-37.85941],[145.34346,-37.862322],[145.339458,-37.858583],[145.340445,-37.857158],[145.33662,-37.856186],[145.334144,-37.85797],[145.335987,-37.863136],[145.33059,-37.861808],[145.324212,-37.867066],[145.316675,-37.864779],[145.316437,-37.862782],[145.302156,-37.8642508],[145.3085012,-37.8710364],[145.306227,-37.881193],[145.3040898,-37.8815616],[145.304475,-37.887655],[145.311894,-37.89274],[145.3161853,-37.892386],[145.316172,-37.894897],[145.32424,-37.899459],[145.3138762,-37.9016236],[145.3094424,-37.8994466],[145.3094087,-37.9037675],[145.3050334,-37.9057257],[145.2946579,-37.9006298],[145.2956955,-37.9046252],[145.292721,-37.9072336],[145.298684,-37.911694],[145.303778,-37.932586],[145.299877,-37.931462],[145.29336,-37.963976],[145.383411,-37.97474],[145.384164,-37.970703],[145.388033,-37.970981],[145.388007,-37.958318],[145.381787,-37.956658],[145.385125,-37.95285],[145.382168,-37.941172],[145.385666,-37.936053],[145.385533,-37.927717],[145.398474,-37.921295],[145.400753,-37.926457],[145.410362,-37.926012],[145.415986,-37.928284],[145.418165,-37.925007],[145.419628,-37.926328],[145.422918,-37.919187],[145.425492,-37.919934],[145.428465,-37.913488],[145.43871,-37.914578],[145.439674,-37.910033],[145.444604,-37.906259],[145.456548,-37.907212],[145.459444,-37.905354],[145.466671,-37.912022],[145.469107,-37.910196],[145.4706445,-37.9011786],[145.473824,-37.899983],[145.479662,-37.90067],[145.481667,-37.898338],[145.507486,-37.899766],[145.526857,-37.88532],[145.525574,-37.882738],[145.529022,-37.876345],[145.526099,-37.866859],[145.527035,-37.862935],[145.519152,-37.857745],[145.528121,-37.861584],[145.530695,-37.86648],[145.537062,-37.86697],[145.54108,-37.871615],[145.553349,-37.873619],[145.555384,-37.878849],[145.562267,-37.881904],[145.562464,-37.885444],[145.568835,-37.893322],[145.568497,-37.897732],[145.570591,-37.895937],[145.575233,-37.899342],[145.57629,-37.897552],[145.589937,-37.896277],[145.604094,-37.897989],[145.603471,-37.901274],[145.616771,-37.903579],[145.614753,-37.908094],[145.626749,-37.909611],[145.624975,-37.918162],[145.652682,-37.916515],[145.65054,-37.912694],[145.656537,-37.909108],[145.668997,-37.909555],[145.671127,-37.903421],[145.669073,-37.899542],[145.670536,-37.89431],[145.679666,-37.89355],[145.686312,-37.888819],[145.684946,-37.883104],[145.686854,-37.880815],[145.693888,-37.886008],[145.721986,-37.885444],[145.722636,-37.891475],[145.732402,-37.90138],[145.753604,-37.904284],[145.765017,-37.89858],[145.762873,-37.894992],[145.765258,-37.886261],[145.769498,-37.880903],[145.778364,-37.876902],[145.792875,-37.877703],[145.798193,-37.873292],[145.80421,-37.87353],[145.805232,-37.870498],[145.801731,-37.863528],[145.80325,-37.860687],[145.810702,-37.864464],[145.811487,-37.861046],[145.817615,-37.857751],[145.815709,-37.854214],[145.811406,-37.85561],[145.804255,-37.851008],[145.811401,-37.83963],[145.808396,-37.829636],[145.804508,-37.829583],[145.803477,-37.825906],[145.793721,-37.826168],[145.796199,-37.819614],[145.79495,-37.815109],[145.804158,-37.814014],[145.809098,-37.807656],[145.815071,-37.807237],[145.828547,-37.812326],[145.838423,-37.804337],[145.839158,-37.798623],[145.844706,-37.797626],[145.857085,-37.800831],[145.862678,-37.806102],[145.866744,-37.806667],[145.878465,-37.818387],[145.892744,-37.825449],[145.896982,-37.824767],[145.905467,-37.816383],[145.914703,-37.826069],[145.92638,-37.829646],[145.926753,-37.822639],[145.931627,-37.819975],[145.922623,-37.80843],[145.929006,-37.798374],[145.918059,-37.786006],[145.917467,-37.777523],[145.923703,-37.771607],[145.936771,-37.771579],[145.936404,-37.765192],[145.943613,-37.758231],[145.963577,-37.76596],[145.970176,-37.764837],[145.981411,-37.768656],[145.990279,-37.768788],[145.999515,-37.765447],[146.003476,-37.768528],[146.012546,-37.768775],[146.021449,-37.774841],[146.038633,-37.774455],[146.067768,-37.76898],[146.074687,-37.763088],[146.084341,-37.761096],[146.089095,-37.753791],[146.096096,-37.756651],[146.103031,-37.763092],[146.103272,-37.768228],[146.108606,-37.77424],[146.117101,-37.777717],[146.116654,-37.782225],[146.121324,-37.788192],[146.133761,-37.788026],[146.14227,-37.771882],[146.156876,-37.765061],[146.160351,-37.750864],[146.163224,-37.747349],[146.159047,-37.730449],[146.151766,-37.71993],[146.153083,-37.718078],[146.14374,-37.709743],[146.138302,-37.709906],[146.139495,-37.706189],[146.135548,-37.702078],[146.136427,-37.697653],[146.142668,-37.691429],[146.140368,-37.682051],[146.132319,-37.676901],[146.133952,-37.664425],[146.129749,-37.648073],[146.130947,-37.643909],[146.141295,-37.637014],[146.139331,-37.632549],[146.14416,-37.627429],[146.150996,-37.625334],[146.158543,-37.630293],[146.159293,-37.62241],[146.164825,-37.622996],[146.165545,-37.61721],[146.158819,-37.600772],[146.161299,-37.596261],[146.171982,-37.599485],[146.169828,-37.594076],[146.17325,-37.588702],[146.176144,-37.584872],[146.186402,-37.580066],[146.188001,-37.585584],[146.191923,-37.58753],[146.189542,-37.585201],[146.192525,-37.581385],[146.189724,-37.577535],[146.190726,-37.571651],[146.184749,-37.561745],[146.18639,-37.554902],[146.182915,-37.549213],[146.186921,-37.544121],[146.187418,-37.536207],[145.889691,-37.532258],[145.880613,-37.52509],[145.866249,-37.531896],[145.857323,-37.532454],[145.847205,-37.527997],[145.840644,-37.532058],[145.830897,-37.530797],[145.8267109,-37.5274812],[145.823607,-37.53076],[145.824236,-37.533194],[145.819907,-37.53462],[145.822066,-37.539965],[145.818862,-37.544107],[145.816202,-37.556443],[145.8090382,-37.5600512],[145.809184,-37.564391],[145.790844,-37.56202],[145.788521,-37.564979],[145.769809,-37.57026],[145.766084,-37.573626],[145.755355,-37.574765],[145.74509,-37.571909],[145.7386889,-37.5663918],[145.730573,-37.582107],[145.737342,-37.593992],[145.675853,-37.624195],[145.65929,-37.617793],[145.657736,-37.611352],[145.654489,-37.60857],[145.654095,-37.602178],[145.646891,-37.594001],[145.640675,-37.589238],[145.63262,-37.587564],[145.61492,-37.571045],[145.612358,-37.574066],[145.602474,-37.576054],[145.60093,-37.566533],[145.586142,-37.567326],[145.578024,-37.572054],[145.573279,-37.579916],[145.57321,-37.586314],[145.562597,-37.593244],[145.558225,-37.590338],[145.547645,-37.574593],[145.540197,-37.571661],[145.537515,-37.562639],[145.533526,-37.558267],[145.528872,-37.557935],[145.525482,-37.56712],[145.508023,-37.555714],[145.502539,-37.555889],[145.508757,-37.563642],[145.496812,-37.563591],[145.496821,-37.560205],[145.480491,-37.561281],[145.477806,-37.556028],[145.480407,-37.55467],[145.474189,-37.554655],[145.473442,-37.558142],[145.469915,-37.557672],[145.467752,-37.549822],[145.462956,-37.549159],[145.464607,-37.540408],[145.459852,-37.541321],[145.459345,-37.54376],[145.448083,-37.541591],[145.445256,-37.544121],[145.43839,-37.543218],[145.440531,-37.533434],[145.432635,-37.530842],[145.425999,-37.535],[145.41852,-37.531499],[145.4178,-37.526215],[145.405022,-37.526544],[145.402697,-37.528049],[145.401161,-37.537481],[145.393901,-37.540893],[145.389529,-37.539739],[145.386608,-37.543395],[145.375822,-37.540541],[145.366412,-37.545126],[145.364406,-37.5628],[145.355128,-37.600356],[145.355537,-37.615165],[145.358037,-37.618497],[145.356074,-37.622555],[145.358441,-37.627488],[145.355604,-37.630788],[145.353884,-37.64391],[145.347795,-37.648675],[145.345786,-37.655738],[145.335522,-37.662364],[145.330366,-37.671934],[145.332382,-37.679986],[145.335613,-37.682101],[145.331227,-37.687543],[145.331035,-37.692137],[145.326715,-37.6889],[145.317008,-37.691976],[145.318904,-37.69668],[145.314791,-37.699587],[145.321863,-37.707541],[145.313796,-37.706775],[145.312294,-37.708256],[145.313932,-37.710117],[145.311326,-37.709015],[145.311236,-37.716122],[145.302558,-37.716667],[145.299469,-37.712826],[145.293402,-37.712187],[145.292545,-37.727277],[145.283514,-37.732537],[145.281666,-37.74258]]]}},{"type":"Feature","id":"mornington-peninsula","properties":{"slug":"mornington-peninsula","name":"Mornington Peninsula","parent_slug":"victoria","source_name":"OpenStreetMap via Nominatim","source_url":"https://nominatim.openstreetmap.org/","source_license":"ODbL 1.0","source_queries":"Shire of Mornington Peninsula, Victoria, Australia => Shire of Mornington Peninsula, Victoria, Australia"},"geometry":{"type":"Polygon","coordinates":[[[144.674759683049,-38.32006527441696],[144.681131,-38.321459],[144.691825,-38.329992],[144.730673,-38.347983],[144.736481,-38.354186],[144.74194,-38.353856],[144.743359,-38.359298],[144.752678,-38.364022],[144.753202,-38.367739],[144.764219,-38.374773],[144.767343,-38.374266],[144.77207,-38.380411],[144.784477,-38.38937],[144.7889409,-38.3900392],[144.7889599,-38.3938143],[144.7911695,-38.3933137],[144.837512,-38.429661],[144.856019,-38.44792],[144.872159,-38.459783],[144.87684,-38.467982],[144.88669,-38.477],[144.8857166102398,-38.481538832649946],[144.90092909350557,-38.49087290327301],[144.911099,-38.489434],[144.914748,-38.490979],[144.913976,-38.493942],[144.919336,-38.494573],[144.918112,-38.49711],[144.923591,-38.497539],[144.923866,-38.499573],[144.927916,-38.49606],[144.936731,-38.497501],[144.937349,-38.495265],[144.942836,-38.49539],[144.942513,-38.490733],[144.949195,-38.489154],[144.964579,-38.486796],[144.975666,-38.491143],[144.983576,-38.486001],[144.987615,-38.486531],[144.988974,-38.484575],[144.993731,-38.486454],[145.011771,-38.47989],[145.018331,-38.483759],[145.026617,-38.483194],[145.031265,-38.487081],[145.033133,-38.484619],[145.025902,-38.479853],[145.025628,-38.475589],[145.029565,-38.475069],[145.025704,-38.474855],[145.034048,-38.463938],[145.033049,-38.456177],[145.040989,-38.447809],[145.039825,-38.444659],[145.047298,-38.439646],[145.047080278988,-38.43408618375841],[145.048752,-38.435151],[145.053366,-38.430001],[145.058434,-38.433524],[145.05879,-38.429008],[145.069606,-38.425455],[145.07693,-38.428036],[145.080525,-38.423767],[145.077362,-38.422508],[145.078494,-38.417803],[145.094477,-38.403903],[145.1121,-38.401085],[145.11687,-38.395426],[145.124059,-38.39496],[145.129456,-38.391301],[145.185709,-38.398439],[145.204762,-38.405026],[145.2284365431866,-38.40846793438589],[145.2273049476516,-38.399087675197606],[145.222231,-38.398221],[145.223082,-38.396399],[145.218077,-38.393507],[145.219174,-38.38974],[145.216144,-38.384038],[145.196611,-38.378445],[145.195187,-38.376047],[145.183979,-38.374746],[145.184986,-38.371822],[145.192621,-38.372854],[145.192754,-38.365178],[145.195343,-38.364833],[145.200562,-38.368473],[145.201852,-38.373761],[145.215261,-38.379824],[145.221367,-38.378345],[145.22418628465635,-38.37323579940706],[145.22397762918524,-38.371506168686885],[145.220705,-38.37328],[145.214793,-38.368758],[145.213301,-38.357045],[145.21838983304443,-38.350162850916405],[145.197586,-38.332954],[145.197897,-38.329227],[145.195204,-38.32854],[145.195703,-38.32504],[145.191513,-38.320616],[145.195308,-38.323765],[145.198041,-38.321222],[145.195099,-38.31485],[145.19855,-38.315586],[145.200511,-38.31171],[145.19557,-38.302712],[145.19921,-38.299381],[145.204612,-38.299917],[145.205794,-38.304269],[145.212907,-38.304931],[145.212913,-38.309278],[145.2175127173173,-38.31172582447558],[145.22405712774832,-38.30919897472999],[145.224047,-38.305359],[145.22842154791627,-38.307513836839085],[145.224046,-38.305023],[145.223173,-38.300926],[145.226086,-38.293563],[145.222551,-38.293202],[145.221573,-38.289489],[145.22345,-38.276704],[145.247054,-38.253867],[145.249325,-38.248908],[145.251317,-38.248925],[145.250301,-38.246925],[145.25755359362753,-38.24424293969363],[145.25587,-38.241469],[145.2589565671129,-38.239854431117],[145.252323,-38.233302],[145.252021,-38.231188],[145.255736,-38.232338],[145.255526,-38.226209],[145.252446,-38.225791],[145.254689,-38.223685],[145.228011,-38.219907],[145.214828,-38.208284],[145.215766,-38.200652],[145.181853,-38.199097],[145.159286,-38.181742],[145.152586,-38.19451],[145.139662,-38.197277],[145.133529,-38.195667],[145.12875,-38.200079],[145.1067531292762,-38.17191687072382],[145.072439,-38.206231],[145.061778,-38.223565],[145.037283,-38.248793],[145.023692,-38.282892],[144.99252585595275,-38.30422068307634],[144.998057,-38.323907],[144.993175,-38.333754],[144.982921,-38.341404],[144.952891,-38.347914],[144.89324,-38.372817],[144.84962,-38.378513],[144.803966,-38.379083],[144.783458,-38.372735],[144.748057,-38.342218],[144.72877,-38.331313],[144.69337,-38.326349],[144.676606,-38.316583],[144.674759683049,-38.32006527441696]]]}},{"type":"Feature","id":"clare-valley","properties":{"slug":"clare-valley","name":"Clare Valley","parent_slug":"south-australia","source_name":"OpenStreetMap via Nominatim","source_url":"https://nominatim.openstreetmap.org/","source_license":"ODbL 1.0","source_queries":"Clare, South Australia, Australia => Clare, Clare and Gilbert Valleys Council, South Australia, 5453, Australia"},"geometry":{"type":"Polygon","coordinates":[[[138.591154,-33.8186756],[138.5942396,-33.8341833],[138.598073,-33.8334868],[138.5957323,-33.8376102],[138.5970135,-33.8423688],[138.600534,-33.8418568],[138.6036664,-33.8539994],[138.6099956,-33.8528599],[138.6141157,-33.8682328],[138.6325113,-33.8649274],[138.6296313,-33.8595059],[138.6244646,-33.8580158],[138.6278182,-33.8582245],[138.6299201,-33.8555712],[138.6222485,-33.8267455],[138.6234424,-33.8234193],[138.6214995,-33.8237654],[138.6201783,-33.8185106],[138.6139458,-33.8197301],[138.6125597,-33.8146329],[138.591154,-33.8186756]]]}},{"type":"Feature","id":"eden-valley","properties":{"slug":"eden-valley","name":"Eden Valley","parent_slug":"south-australia","source_name":"OpenStreetMap via Nominatim","source_url":"https://nominatim.openstreetmap.org/","source_license":"ODbL 1.0","source_queries":"Eden Valley, South Australia, Australia => Eden Valley, The Barossa Council, South Australia, 5235, Australia"},"geometry":{"type":"Polygon","coordinates":[[[139.0658116,-34.6798829],[139.0777995,-34.6834983],[139.0821559,-34.6736348],[139.1059207,-34.6808179],[139.1015579,-34.6906553],[139.1134977,-34.6942233],[139.1153342,-34.6900581],[139.1215473,-34.6905062],[139.1349219,-34.695183],[139.1430632,-34.7029181],[139.1614975,-34.7045806],[139.1714602,-34.7136996],[139.1777561,-34.7141133],[139.1805395,-34.7178839],[139.1841645,-34.7164181],[139.1944275,-34.7035203],[139.1909866,-34.6930604],[139.191028,-34.6802102],[139.1863722,-34.6697919],[139.1925034,-34.660382],[139.1914191,-34.6262492],[139.1891301,-34.6213816],[139.1031355,-34.6206399],[139.1006375,-34.6231751],[139.0803691,-34.6170062],[139.075963,-34.6267794],[139.0755101,-34.6357522],[139.0739611,-34.6348797],[139.0798278,-34.6432829],[139.0790825,-34.6505078],[139.0658116,-34.6798829]]]}},{"type":"Feature","id":"barossa-valley","properties":{"slug":"barossa-valley","name":"Barossa Valley","parent_slug":"south-australia","source_name":"OpenStreetMap via Nominatim","source_url":"https://nominatim.openstreetmap.org/","source_license":"ODbL 1.0","source_queries":"Barossa, South Australia, Australia => The Barossa Council, South Australia, Australia | The Barossa Council, South Australia, Australia => The Barossa Council, South Australia, Australia"},"geometry":{"type":"MultiPolygon","coordinates":[[[[138.751453,-34.5784882],[138.7522789,-34.581143],[138.7584023,-34.5834923],[138.7554492,-34.5900127],[138.7640361,-34.5907124],[138.7761964,-34.5968714],[138.7759695,-34.6031696],[138.7824487,-34.6039215],[138.7846097,-34.6075332],[138.7755762,-34.6136475],[138.7619736,-34.6142435],[138.7655238,-34.6182261],[138.7733954,-34.6191064],[138.7717178,-34.6237498],[138.7783029,-34.6233749],[138.7778429,-34.6261175],[138.7735043,-34.6265506],[138.7778788,-34.6351497],[138.7798703,-34.6363711],[138.7832361,-34.6343039],[138.7863827,-34.6381162],[138.7873078,-34.6346046],[138.7906294,-34.6369732],[138.792227,-34.6354983],[138.7980182,-34.6400535],[138.7953861,-34.641794],[138.7979584,-34.6432009],[138.793931,-34.6443525],[138.7976857,-34.6462042],[138.7906084,-34.6475708],[138.7937868,-34.650905],[138.7868976,-34.6503481],[138.7894652,-34.6528971],[138.7867436,-34.6571217],[138.7926876,-34.6563512],[138.7905421,-34.6622981],[138.795114,-34.6620719],[138.7982228,-34.6654219],[138.804247,-34.6637028],[138.8103955,-34.66845],[138.8223581,-34.6680461],[138.8266807,-34.671225],[138.8286621,-34.6682231],[138.8368414,-34.673587],[138.840796,-34.6731853],[138.8411044,-34.6795685],[138.8484529,-34.6805578],[138.8477272,-34.6844603],[138.8532576,-34.686617],[138.8541388,-34.6912702],[138.8588773,-34.6924035],[138.8597591,-34.6961183],[138.8635251,-34.6963137],[138.8628525,-34.6989646],[138.8589466,-34.6982664],[138.8603577,-34.7033954],[138.8768764,-34.7035288],[138.8769579,-34.6992249],[138.8802481,-34.7012272],[138.8852894,-34.6999024],[138.891918,-34.7033972],[138.8913904,-34.7061375],[138.8963336,-34.7074842],[138.8982663,-34.7047176],[138.9035283,-34.7047289],[138.9038164,-34.7084467],[138.910136,-34.7085718],[138.9175066,-34.7256079],[138.917472,-34.734714],[138.9264928,-34.7347108],[138.9264717,-34.7439427],[138.918376,-34.7457833],[138.9292403,-34.7527083],[138.9241265,-34.7585198],[138.930531,-34.757037],[138.9485649,-34.7654029],[138.9481005,-34.7731292],[138.953055,-34.7758146],[138.9603834,-34.7724912],[138.970195,-34.773693],[138.9898799,-34.769847],[138.9910862,-34.7722772],[138.9880698,-34.7814653],[139.0048918,-34.7941842],[139.0024513,-34.8003735],[139.0045807,-34.79914],[139.0109197,-34.804052],[139.0175418,-34.8046267],[139.0417738,-34.8153377],[139.0453149,-34.8078593],[139.055921,-34.7981952],[139.0586487,-34.8001951],[139.0805315,-34.7768366],[139.0759391,-34.7733532],[139.0814178,-34.7683573],[139.0838903,-34.7688668],[139.084779,-34.7652731],[139.0862376,-34.7663317],[139.0870052,-34.7592448],[139.138408,-34.7629578],[139.1377539,-34.7695907],[139.1407807,-34.7677988],[139.1506878,-34.7685228],[139.1554947,-34.7225379],[139.1588656,-34.7128642],[139.1582,-34.705772],[139.1614975,-34.7045806],[139.1430632,-34.7029181],[139.1349219,-34.695183],[139.1215473,-34.6905062],[139.1153342,-34.6900581],[139.1134977,-34.6942233],[139.1015579,-34.6906553],[139.1059207,-34.6808179],[139.0821559,-34.6736348],[139.0777995,-34.6834983],[139.0658116,-34.6798829],[139.0790825,-34.6505078],[139.0798278,-34.6432829],[139.0739611,-34.6348797],[139.0755101,-34.6357522],[139.075963,-34.6267794],[139.0803691,-34.6170062],[139.1006375,-34.6231751],[139.1031355,-34.6206399],[139.1009982,-34.6128922],[139.1033331,-34.6102518],[139.101807,-34.6039882],[139.1062104,-34.5935858],[139.0962572,-34.5805438],[139.1004166,-34.5649564],[139.1058859,-34.5627173],[139.1047398,-34.5598202],[139.1105744,-34.5555924],[139.1094714,-34.5488224],[139.1136376,-34.53961],[139.1117802,-34.5357371],[139.1262571,-34.5263804],[139.1349033,-34.5086766],[139.14607,-34.5108131],[139.150185,-34.5082338],[139.1549534,-34.5086422],[139.1591027,-34.5009603],[139.1564359,-34.4991137],[139.1564702,-34.493576],[139.1597626,-34.4920798],[139.1621349,-34.4858867],[139.1718617,-34.4822002],[139.1700605,-34.4781268],[139.1665117,-34.4802128],[139.1615536,-34.4769988],[139.1563889,-34.4682002],[139.1498017,-34.4652736],[139.1513052,-34.4624218],[139.1378388,-34.4564916],[139.1353913,-34.4511272],[139.1311535,-34.4509501],[139.130968,-34.446216],[139.1280735,-34.4435759],[139.1119494,-34.4387823],[139.1125537,-34.4342656],[139.1097739,-34.4322985],[139.1122195,-34.4295575],[139.1056054,-34.4190193],[139.1076618,-34.4129315],[139.100977,-34.411545],[139.079508,-34.419839],[139.057473,-34.424331],[139.00174,-34.45853],[138.973342,-34.450034],[138.974841,-34.460304],[138.978354,-34.466433],[138.96985,-34.486342],[138.978158,-34.490518],[138.9701068,-34.4987626],[138.970263,-34.507193],[138.9633298,-34.50608],[138.9594465,-34.5111748],[138.959605,-34.514859],[138.949131,-34.525523],[138.948705,-34.531534],[138.945484,-34.53457],[138.93884,-34.535406],[138.936738,-34.538869],[138.9468403,-34.5435795],[138.940707,-34.554718],[138.936309,-34.556004],[138.935807,-34.559116],[138.931014,-34.560478],[138.927833,-34.565344],[138.9236537,-34.5840457],[138.9153009,-34.5843619],[138.913816,-34.5749957],[138.9133888,-34.5769157],[138.9089234,-34.5768493],[138.902656,-34.572918],[138.900127,-34.568268],[138.898037,-34.569443],[138.896002,-34.567515],[138.892069,-34.571438],[138.890698,-34.568942],[138.888401,-34.571337],[138.873839,-34.574153],[138.868473,-34.566205],[138.868517,-34.559709],[138.872321,-34.55724],[138.867391,-34.558721],[138.866923,-34.554103],[138.861404,-34.553561],[138.860588,-34.548668],[138.854044,-34.550486],[138.85615,-34.553321],[138.851563,-34.553657],[138.851601,-34.557452],[138.84092,-34.553328],[138.836889,-34.553614],[138.837045,-34.555906],[138.832164,-34.554303],[138.832628,-34.563772],[138.827016,-34.570352],[138.823321,-34.569027],[138.8258992,-34.5651149],[138.8209034,-34.5640713],[138.8196348,-34.5608478],[138.8132825,-34.5626266],[138.8133384,-34.5578306],[138.8079111,-34.5577167],[138.8073039,-34.5603882],[138.8021888,-34.5610002],[138.8005884,-34.5587895],[138.8058928,-34.5561747],[138.8039652,-34.5511551],[138.7940519,-34.5511028],[138.7932793,-34.5528182],[138.7962937,-34.5552053],[138.7922798,-34.5573911],[138.7881804,-34.5563933],[138.7913464,-34.5608453],[138.790262,-34.562752],[138.7733182,-34.5606056],[138.7687815,-34.5656077],[138.7695703,-34.5689703],[138.7618879,-34.5691276],[138.7629124,-34.5717237],[138.7580052,-34.5767427],[138.751453,-34.5784882]]],[[[139.1031355,-34.6206399],[139.16261045273578,-34.62115286909857],[139.1626248,-34.6211204],[139.1031355,-34.6206399]]]]}},{"type":"Feature","id":"adelaide-hills","properties":{"slug":"adelaide-hills","name":"Adelaide Hills","parent_slug":"south-australia","source_name":"OpenStreetMap via Nominatim","source_url":"https://nominatim.openstreetmap.org/","source_license":"ODbL 1.0","source_queries":"Adelaide Hills Council, South Australia, Australia => Adelaide Hills Council, South Australia, Australia"},"geometry":{"type":"Polygon","coordinates":[[[138.66518,-34.981667],[138.669414,-34.985804],[138.674249,-34.9851],[138.671406,-34.989528],[138.675287,-34.990626],[138.676341,-34.999874],[138.680124,-35.000211],[138.677137,-35.007151],[138.681494,-35.00732],[138.671659,-35.025949],[138.6761812,-35.0299402],[138.6824849,-35.0275283],[138.6801733,-35.0392883],[138.6852294,-35.0420293],[138.6862381,-35.0514912],[138.6835009,-35.0525853],[138.6854288,-35.0796095],[138.6838163,-35.0796724],[138.6842142,-35.0845925],[138.6818606,-35.0847857],[138.6848196,-35.1178077],[138.6858374,-35.1201414],[138.6881346,-35.1184803],[138.6980552,-35.1215843],[138.7124157,-35.1181082],[138.7121999,-35.115855],[138.7175458,-35.1146982],[138.7121403,-35.1110361],[138.7201326,-35.0980059],[138.7208169,-35.0925001],[138.7190621,-35.091045],[138.721333,-35.0907535],[138.7211515,-35.0875456],[138.7153288,-35.0867821],[138.7210005,-35.0831568],[138.7190271,-35.0795134],[138.7267391,-35.0828057],[138.7285552,-35.0786135],[138.7334699,-35.0773273],[138.7373758,-35.0792295],[138.7356701,-35.0755082],[138.7386075,-35.0750132],[138.7388454,-35.0726712],[138.7354615,-35.0708615],[138.7373264,-35.0687373],[138.7448416,-35.0709131],[138.7459241,-35.0682039],[138.7508573,-35.0674597],[138.7509014,-35.0728041],[138.7555723,-35.0702632],[138.7556009,-35.0677233],[138.7599531,-35.0670521],[138.7562838,-35.0647584],[138.7556104,-35.054274],[138.7597218,-35.0566787],[138.7580253,-35.0511294],[138.764548,-35.0501543],[138.7709554,-35.041473],[138.7749015,-35.0397221],[138.7794843,-35.030208],[138.7787643,-35.0270898],[138.7833821,-35.0235936],[138.7887696,-35.0247448],[138.7915548,-35.0189407],[138.7872733,-35.0169208],[138.7886648,-35.0105578],[138.7921309,-35.0124915],[138.7947664,-35.0074056],[138.7996062,-35.0085333],[138.8089076,-35.0032697],[138.8205756,-35.0193684],[138.8228863,-35.0182504],[138.8251262,-35.0214517],[138.8284851,-35.0177505],[138.8394179,-35.0156808],[138.8502499,-35.0316164],[138.8558477,-35.0251235],[138.8595038,-35.0292494],[138.8645447,-35.0269275],[138.863557,-35.0255119],[138.8762869,-35.010299],[138.8910883,-35.0077913],[138.8972206,-35.0027426],[138.8999813,-34.9935111],[138.9093121,-34.9928577],[138.9157151,-34.9870936],[138.9228314,-34.9850262],[138.938486,-34.9839201],[138.9376451,-34.982178],[138.9420249,-34.9809041],[138.9431789,-34.9832323],[138.9443103,-34.9807936],[138.9522287,-34.9800636],[138.9584861,-34.9715153],[138.9551643,-34.9677808],[138.9553835,-34.9629159],[138.9633871,-34.9517957],[138.9617043,-34.9476945],[138.9591414,-34.9474469],[138.96129,-34.9471668],[138.9632521,-34.9399369],[138.9602901,-34.933855],[138.9668007,-34.9248044],[138.971341,-34.9234371],[138.9660447,-34.9148079],[138.9687927,-34.9075353],[138.9751572,-34.9002132],[138.9730111,-34.8960042],[138.9776647,-34.8916298],[138.980761,-34.8829729],[138.97516,-34.8775774],[138.9894249,-34.879003],[138.9933239,-34.8735577],[138.9989257,-34.8727364],[138.9990429,-34.8701213],[139.0085228,-34.8655807],[139.0030613,-34.8568697],[139.0019103,-34.8508719],[139.0056898,-34.8469317],[139.006916,-34.8412728],[139.0029762,-34.8385248],[139.0018858,-34.8323876],[139.0162827,-34.830971],[139.0251075,-34.8232118],[139.0306873,-34.8251933],[139.0373261,-34.8232934],[139.0440069,-34.8158219],[139.0175418,-34.8046267],[139.0109197,-34.804052],[139.0045807,-34.79914],[139.0024513,-34.8003735],[139.0048918,-34.7941842],[138.9880698,-34.7814653],[138.9910862,-34.7722772],[138.9898799,-34.769847],[138.970195,-34.773693],[138.9603834,-34.7724912],[138.953055,-34.7758146],[138.9481005,-34.7731292],[138.9485649,-34.7654029],[138.930531,-34.757037],[138.9241265,-34.7585198],[138.9292403,-34.7527083],[138.918376,-34.7457833],[138.9264717,-34.7439427],[138.9264928,-34.7347108],[138.917472,-34.734714],[138.9175066,-34.7256079],[138.910136,-34.7085718],[138.9038164,-34.7084467],[138.9035283,-34.7047289],[138.8982663,-34.7047176],[138.8963336,-34.7074842],[138.8913904,-34.7061375],[138.891918,-34.7033972],[138.8852894,-34.6999024],[138.8802481,-34.7012272],[138.8769579,-34.6992249],[138.8768764,-34.7035288],[138.8603577,-34.7033954],[138.8589466,-34.6982664],[138.8628525,-34.6989646],[138.8634740318087,-34.69651497366688],[138.8541388,-34.6912702],[138.8532576,-34.686617],[138.8477272,-34.6844603],[138.8474316,-34.680471],[138.843385,-34.68518],[138.8399527,-34.7003779],[138.8331224,-34.7113507],[138.833612,-34.716166],[138.828161,-34.717089],[138.826023,-34.726441],[138.819643,-34.728847],[138.81211,-34.738527],[138.814851,-34.761951],[138.81141,-34.772623],[138.814029,-34.774818],[138.780194,-34.766914],[138.7725644,-34.7702901],[138.769371,-34.781024],[138.764089,-34.778406],[138.753767,-34.784234],[138.75928,-34.784737],[138.761753,-34.794242],[138.758361,-34.801018],[138.750852,-34.806979],[138.7490211,-34.8144624],[138.7560983,-34.8210727],[138.746178,-34.836982],[138.747663,-34.84181],[138.744939,-34.849576],[138.756258,-34.866586],[138.7532016,-34.8691411],[138.7520197,-34.8660716],[138.744952,-34.8635242],[138.7477954,-34.8616226],[138.7330736,-34.8591418],[138.7311596,-34.8560242],[138.7280742,-34.8597023],[138.7227106,-34.8592239],[138.7238262,-34.8643229],[138.7189701,-34.870125],[138.7197631,-34.8740695],[138.7128487,-34.8744201],[138.7132494,-34.8815872],[138.7069871,-34.8819673],[138.707889,-34.894079],[138.690678,-34.894047],[138.6911251,-34.9001037],[138.6841535,-34.9004376],[138.685069,-34.912905],[138.6932677,-34.9155773],[138.6979202,-34.9212679],[138.697784,-34.9267196],[138.7009969,-34.9282515],[138.6975777,-34.9319083],[138.6936181,-34.929307],[138.6846692,-34.9309121],[138.6852281,-34.9381],[138.6754563,-34.9387281],[138.6718576,-34.9420712],[138.6724082,-34.9511248],[138.6859443,-34.9746322],[138.675539,-34.974403],[138.66518,-34.981667]]]}},{"type":"Feature","id":"coonawarra","properties":{"slug":"coonawarra","name":"Coonawarra","parent_slug":"south-australia","source_name":"OpenStreetMap via Nominatim","source_url":"https://nominatim.openstreetmap.org/","source_license":"ODbL 1.0","source_queries":"Coonawarra, South Australia, Australia => Coonawarra, Wattle Range Council, South Australia, 5263, Australia"},"geometry":{"type":"Polygon","coordinates":[[[140.7916692,-37.3227137],[140.97238201592606,-37.32421474325724],[140.9719165,-37.2625624],[140.9666628,-37.2600657],[140.9275617,-37.2555251],[140.9154,-37.2579275],[140.9029737,-37.2676035],[140.7923587,-37.2576819],[140.7916692,-37.3227137]]]}},{"type":"Feature","id":"mclaren-vale","properties":{"slug":"mclaren-vale","name":"McLaren Vale","parent_slug":"south-australia","source_name":"OpenStreetMap via Nominatim","source_url":"https://nominatim.openstreetmap.org/","source_license":"ODbL 1.0","source_queries":"McLaren Vale, South Australia, Australia => McLaren Vale, City of Onkaparinga, South Australia, 5171, Australia"},"geometry":{"type":"Polygon","coordinates":[[[138.4907792,-35.211654],[138.4926399,-35.222068],[138.5243301,-35.220477],[138.5266712,-35.2518908],[138.5815535,-35.2490691],[138.6143408,-35.218323],[138.6137311,-35.2158084],[138.5947004,-35.2150233],[138.5948437,-35.216825],[138.5693028,-35.2181536],[138.5650819,-35.1614826],[138.5567059,-35.1613631],[138.5531081,-35.1587406],[138.5480612,-35.1640877],[138.5356168,-35.1611688],[138.5295597,-35.1653653],[138.5300674,-35.1683098],[138.5198217,-35.168949],[138.5203793,-35.1731573],[138.5146597,-35.174766],[138.515764,-35.1894047],[138.499038,-35.1902847],[138.5033695,-35.1946357],[138.5037586,-35.1996452],[138.4978506,-35.2060559],[138.4912686,-35.2058931],[138.4907792,-35.211654]]]}},{"type":"Feature","id":"hunter-valley","properties":{"slug":"hunter-valley","name":"Hunter Valley","parent_slug":"new-south-wales","source_name":"OpenStreetMap via Nominatim","source_url":"https://nominatim.openstreetmap.org/","source_license":"ODbL 1.0","source_queries":"Hunter Valley, New South Wales, Australia => Hunter Valley, New South Wales, Australia"},"geometry":{"type":"Polygon","coordinates":[[[150.651397,-32.4414075],[150.6575768,-32.4755908],[150.6946557,-32.4784871],[150.7660668,-32.4599492],[150.8278649,-32.4952838],[150.8917229,-32.4860171],[150.953521,-32.5618604],[151.0043328,-32.6139294],[151.0366051,-32.6942875],[151.1032098,-32.7734188],[151.2494653,-32.7508995],[151.288604,-32.8253645],[151.290664,-32.8720898],[151.248092,-32.8899658],[151.2432854,-32.9297413],[151.2563317,-32.9706511],[151.2721246,-32.9856274],[151.2968438,-32.9689229],[151.3188165,-32.9666186],[151.3716882,-32.969499],[151.4142602,-32.958553],[151.4657586,-32.9395383],[151.5165704,-32.9038028],[151.5234368,-32.8703597],[151.5337365,-32.8461344],[151.5591424,-32.8270955],[151.7589566,-32.9476059],[151.803559,-32.919366],[151.799237,-32.89368],[151.834033,-32.864967],[151.856219,-32.855859],[151.875662,-32.842088],[151.935188,-32.815829],[151.9587871908985,-32.80772379124793],[151.7486565,-32.7283746],[151.767196,-32.6827297],[151.7527764,-32.6607656],[151.7067712,-32.6671242],[151.670379,-32.6636559],[151.6429131,-32.6515159],[151.5749352,-32.6353267],[151.4739983,-32.6150861],[151.3524621,-32.5965764],[151.3071435,-32.5780629],[151.2968438,-32.5346568],[151.137542,-32.3973557],[151.0146325,-32.3381997],[150.9583276,-32.2488124],[150.9425347,-32.1854916],[150.9590142,-32.0924638],[150.9494012,-32.02787],[150.9233086,-31.9900236],[150.8924096,-31.9585702],[150.8882897,-31.9067067],[150.8518968,-31.9055403],[150.8134447,-31.957987],[150.7804857,-32.0488237],[150.7722459,-32.0872275],[150.7777391,-32.1163106],[150.7887254,-32.1477099],[150.7489,-32.2011801],[150.7193749,-32.3086072],[150.6754296,-32.3614027],[150.651397,-32.4414075]]]}},{"type":"Feature","id":"margaret-river","properties":{"slug":"margaret-river","name":"Margaret River","parent_slug":"western-australia","source_name":"OpenStreetMap via Nominatim","source_url":"https://nominatim.openstreetmap.org/","source_license":"ODbL 1.0","source_queries":"Margaret River, Western Australia, Australia => Margaret River, Shire Of Augusta Margaret River, Western Australia, 6285, Australia"},"geometry":{"type":"Polygon","coordinates":[[[114.99366,-33.971797],[114.99981,-33.971816],[114.999796,-33.977438],[115.004145,-33.97745],[115.004116,-33.982779],[115.012918,-33.982781],[115.012856,-33.99963],[115.017658,-33.999641],[115.01764,-34.005526],[115.025034,-34.005524],[115.028647,-34.010603],[115.031022,-34.00512],[115.02916,-34.000055],[115.039658,-34.000057],[115.039659,-33.992906],[115.051468,-33.992611],[115.051468,-34.0005],[115.068996,-34.000516],[115.068991,-34.006726],[115.077709,-34.00673],[115.077717,-33.999467],[115.092609,-33.999476],[115.091586,-33.9891],[115.107068,-33.989133],[115.107084,-33.971658],[115.112143,-33.968038],[115.11214,-33.960573],[115.105463,-33.959281],[115.107122,-33.945793],[115.103597,-33.949078],[115.091016,-33.948747],[115.090462,-33.946777],[115.083457,-33.949622],[115.083504,-33.93545],[115.068973,-33.93438],[115.059421,-33.925766],[115.052341,-33.922714],[115.052336,-33.927808],[115.043091,-33.927792],[115.04306,-33.940252],[115.034446,-33.943788],[115.031212,-33.948398],[115.025916,-33.945999],[115.022709,-33.949176],[115.015299,-33.949927],[115.0107213,-33.9466253],[114.99366,-33.971797]]]}},{"type":"Feature","id":"colchagua-valley","properties":{"slug":"colchagua-valley","name":"Colchagua Valley","parent_slug":"central-valley","source_name":"OpenStreetMap via Nominatim","source_url":"https://nominatim.openstreetmap.org/","source_license":"ODbL 1.0","source_queries":"Provincia de Colchagua, Chile => Provincia de Colchagua, Región del Libertador General Bernardo O'Higgins, Chile"},"geometry":{"type":"MultiPolygon","coordinates":[[[[-71.79558537090044,-34.82771769148974],[-71.7903328,-34.8348705],[-71.7948175,-34.8276051],[-71.79558537090044,-34.82771769148974]]],[[[-71.7751944,-34.8453493],[-71.7750764,-34.8547438],[-71.7723405,-34.8610121],[-71.7751944,-34.8453493]]],[[[-71.7723405,-34.8610121],[-71.7646372,-34.8719189],[-71.76364566931231,-34.87241592365835],[-71.7723405,-34.8610121]]],[[[-71.7101669,-34.936986],[-71.6980112,-34.9342814],[-71.6747162,-34.9235721],[-71.7101669,-34.936986]]],[[[-71.5751937,-34.8671977],[-71.5715888,-34.8735354],[-71.5671255,-34.8761397],[-71.5751937,-34.8671977]]],[[[-71.5513326,-34.8723372],[-71.5463546,-34.8764929],[-71.5422348,-34.8762112],[-71.5513326,-34.8723372]]],[[[-71.4838697,-34.8916294],[-71.4771749,-34.8964166],[-71.4658453,-34.8996548],[-71.4838697,-34.8916294]]],[[[-71.4397527,-34.8803644],[-71.4334013,-34.884589],[-71.4261915,-34.8854339],[-71.4397527,-34.8803644]]],[[[-71.38809055484279,-34.90327933953541],[-71.3877393,-34.9043007],[-71.3832761,-34.9078201],[-71.38809055484279,-34.90327933953541]]],[[[-71.3828533,-34.8481863],[-71.3808729,-34.8468419],[-71.38114324671498,-34.84461745107008],[-71.3828533,-34.8481863]]],[[[-71.314532,-34.8025295],[-71.3086956,-34.8014018],[-71.3030307,-34.7959043],[-71.314532,-34.8025295]]],[[[-71.3030307,-34.7959043],[-71.2923877,-34.7961863],[-71.2798564,-34.7920981],[-71.3030307,-34.7959043]]],[[[-71.0988517,-34.8279265],[-71.0776381,-34.8242218],[-71.0687507,-34.8202915],[-71.0988517,-34.8279265]]],[[[-71.0441074,-34.7974377],[-71.0399473,-34.8000521],[-71.0353661,-34.7996623],[-71.0441074,-34.7974377]]],[[[-71.0236985,-34.8155298],[-71.02114041130538,-34.817311076544485],[-71.0232527058391,-34.81314669103214],[-71.0236985,-34.8155298]]],[[[-70.9980699,-34.8327989],[-70.9820357,-34.8396742],[-70.99800491809053,-34.83057444351632],[-70.9980699,-34.8327989]]],[[[-70.83781821016598,-34.864740451554866],[-70.8328227,-34.8675265],[-70.8260982,-34.8683628],[-70.83781821016598,-34.864740451554866]]],[[[-70.81586704234262,-34.85807301191603],[-70.8135952,-34.8555866],[-70.8153279,-34.8500953],[-70.81586704234262,-34.85807301191603]]],[[[-70.75919468787444,-34.86876837088325],[-70.7544814,-34.8750876],[-70.7507408,-34.8753957],[-70.75919468787444,-34.86876837088325]]],[[[-70.74080160691331,-34.88841020043232],[-70.7391214,-34.8906128],[-70.73380096085725,-34.89224985819777],[-70.74080160691331,-34.88841020043232]]],[[[-70.6672061,-34.9599298],[-70.6636417,-34.9645827],[-70.66624079559129,-34.95558732973222],[-70.6672061,-34.9599298]]],[[[-70.5836284,-34.9574238],[-70.5704963,-34.9549704],[-70.5678678,-34.9524995],[-70.5836284,-34.9574238]]],[[[-70.5264207,-34.965063],[-70.5105197,-34.9710536],[-70.50456123620897,-34.970978465042535],[-70.5264207,-34.965063]]]]}},{"type":"Feature","id":"maipo-valley","properties":{"slug":"maipo-valley","name":"Maipo Valley","parent_slug":"central-valley","source_name":"OpenStreetMap via Nominatim","source_url":"https://nominatim.openstreetmap.org/","source_license":"ODbL 1.0","source_queries":"Provincia de Maipo, Chile => Provincia de Maipo, Región Metropolitana de Santiago, Chile"},"geometry":{"type":"Polygon","coordinates":[[[-70.988889,-33.8354895],[-70.9801771,-33.8433315],[-70.9795334,-33.851743],[-70.9818938,-33.8556634],[-70.9771302,-33.8705947],[-70.974169,-33.905365],[-70.9669858,-33.9169542],[-70.9603503,-33.9226024],[-70.9614231,-33.9362759],[-70.9546854,-33.9425777],[-70.963011,-33.9561768],[-70.9616377,-33.9605195],[-70.9663302,-33.9674245],[-70.9634402,-33.9704143],[-70.9568312,-33.972443],[-70.9489584,-33.9714943],[-70.9453728,-33.9750054],[-70.9353306,-33.9777457],[-70.9286787,-33.975041],[-70.9154608,-33.9799877],[-70.908251,-33.9775322],[-70.8947756,-33.9883858],[-70.8555939,-33.9705923],[-70.8567097,-33.9661077],[-70.8472683,-33.9569243],[-70.8335354,-33.9518695],[-70.8249244,-33.9534732],[-70.8184614,-33.9486735],[-70.8059333,-33.9450957],[-70.8033863,-33.9367886],[-70.7967055,-33.9314049],[-70.7704155,-33.9444878],[-70.7582876,-33.9429524],[-70.7438316,-33.9241408],[-70.7193602,-33.9172891],[-70.7116569,-33.9068405],[-70.7082602,-33.9054478],[-70.7012084,-33.9057771],[-70.6908269,-33.9123316],[-70.684749,-33.9232754],[-70.6723398,-33.9333641],[-70.6577861,-33.9374587],[-70.6438494,-33.9334531],[-70.6372396,-33.9175233],[-70.6229067,-33.9113476],[-70.6172848,-33.901624],[-70.5985308,-33.8938408],[-70.5876303,-33.8923446],[-70.5784679,-33.8971536],[-70.5539203,-33.8810156],[-70.5366683,-33.8821379],[-70.5166483,-33.8876065],[-70.5048466,-33.8774527],[-70.5031944,-33.8636807],[-70.4958558,-33.8606873],[-70.475986,-33.859538],[-70.4750204,-33.8559296],[-70.4753852,-33.848463],[-70.4869197,-33.8306872],[-70.4986668,-33.8303907],[-70.5025292,-33.8341338],[-70.5154252,-33.8322088],[-70.5208969,-33.8336882],[-70.5262614,-33.8313354],[-70.5268407,-33.8242945],[-70.5365396,-33.8088915],[-70.5344153,-33.8001548],[-70.5456054,-33.7963924],[-70.5594939,-33.7844487],[-70.5802918,-33.7824914],[-70.5864501,-33.7848723],[-70.5948508,-33.7812429],[-70.5953872,-33.7709605],[-70.599947,-33.7654041],[-70.598799,-33.7609444],[-70.6053865,-33.7567432],[-70.6099892,-33.743041],[-70.6140769,-33.7386872],[-70.6122852,-33.7345831],[-70.6155682,-33.72243],[-70.6213188,-33.7191282],[-70.6224776,-33.7124886],[-70.6274557,-33.7064196],[-70.6372404,-33.704349],[-70.6451932,-33.6977104],[-70.6445682,-33.6921783],[-70.6514883,-33.6790327],[-70.6555009,-33.6758721],[-70.6512308,-33.6629428],[-70.6406522,-33.6602817],[-70.6340432,-33.652155],[-70.6286238,-33.6274699],[-70.6447506,-33.6271851],[-70.6434846,-33.621539],[-70.6461614,-33.621338],[-70.6434605,-33.6098614],[-70.6705718,-33.6075073],[-70.6632417,-33.5851955],[-70.676667,-33.5824776],[-70.7008379,-33.5729701],[-70.6954976,-33.5559387],[-70.6930659,-33.5560237],[-70.6854068,-33.5391244],[-70.7263349,-33.5239766],[-70.7673517,-33.5718464],[-70.7784213,-33.5690853],[-70.7882039,-33.5777967],[-70.7976338,-33.5730448],[-70.8104834,-33.5962699],[-70.813698,-33.5935363],[-70.8171777,-33.5956407],[-70.8190806,-33.5980736],[-70.81572,-33.6007157],[-70.8233281,-33.6066538],[-70.8453181,-33.6334383],[-70.8670975,-33.6505378],[-70.8362888,-33.6623654],[-70.818439,-33.6424293],[-70.8132692,-33.6434207],[-70.8082052,-33.6596392],[-70.80278,-33.6666803],[-70.8041711,-33.6722833],[-70.8015962,-33.6728547],[-70.7959314,-33.6827115],[-70.7962747,-33.686711],[-70.7918115,-33.6957806],[-70.7954164,-33.7029928],[-70.8046003,-33.7120607],[-70.8070036,-33.7203424],[-70.8113809,-33.7225555],[-70.8184764,-33.7198521],[-70.8243414,-33.7208421],[-70.8203931,-33.7361182],[-70.8212515,-33.739687],[-70.824513,-33.7409717],[-70.8260488,-33.7488354],[-70.8209955,-33.7540753],[-70.8323767,-33.7704443],[-70.8577826,-33.7869956],[-70.8624604,-33.7948064],[-70.8754637,-33.8030087],[-70.8906557,-33.8011187],[-70.8984033,-33.8037172],[-70.9017077,-33.8023265],[-70.9042397,-33.796995],[-70.9053126,-33.7826393],[-70.9121147,-33.7672645],[-70.9123937,-33.774649],[-70.9179297,-33.7882214],[-70.9178439,-33.796246],[-70.9227792,-33.8008822],[-70.9490434,-33.7979044],[-70.9610382,-33.7939279],[-70.9830096,-33.8011187],[-70.988889,-33.8354895]]]}},{"type":"Feature","id":"priorat","properties":{"slug":"priorat","name":"Priorat","parent_slug":"catalunya","source_name":"OpenStreetMap via Nominatim","source_url":"https://nominatim.openstreetmap.org/","source_license":"ODbL 1.0","source_queries":"Priorat, Tarragona, Spain => Priorat, Tarragona, Catalunya, España"},"geometry":{"type":"Polygon","coordinates":[[[0.6583708,41.1854618],[0.6771482,41.171895],[0.6760869,41.1642203],[0.6973548,41.1375033],[0.6975563,41.1343089],[0.6905922,41.1337401],[0.6935235,41.1314306],[0.6931425,41.1286781],[0.6950676,41.1296609],[0.7007192,41.1265974],[0.7002662,41.1242615],[0.7057018,41.1232941],[0.7175093,41.1092789],[0.7124242,41.1050394],[0.7205177,41.1026798],[0.7326398,41.1031429],[0.7373904,41.0972793],[0.7496553,41.0904415],[0.7516632,41.085153],[0.7608584,41.0846458],[0.767793,41.0951804],[0.7710877,41.0874449],[0.7702295,41.0838889],[0.7871439,41.0779213],[0.7918294,41.0708329],[0.8008844,41.0697957],[0.8057666,41.0659422],[0.814881,41.0667661],[0.8156177,41.0712714],[0.8189408,41.0715303],[0.8247968,41.0779097],[0.8244319,41.0869992],[0.820278,41.0865879],[0.8268058,41.098357],[0.831987,41.0967707],[0.8431027,41.0997859],[0.8369142,41.1135003],[0.8341659,41.115375],[0.830675,41.1141135],[0.8268802,41.1199041],[0.8323049,41.1222629],[0.8536461,41.1098883],[0.8652037,41.1122651],[0.8773703,41.1106129],[0.8842893,41.116683],[0.889495,41.1296005],[0.8886274,41.1356723],[0.8907559,41.1408412],[0.8956674,41.1457268],[0.9060797,41.1651668],[0.9010174,41.17483],[0.9066199,41.1792504],[0.8796587,41.1830721],[0.8771053,41.1878679],[0.8792204,41.1901739],[0.8784156,41.193497],[0.9072799,41.1945367],[0.9158674,41.1971982],[0.9226444,41.2028655],[0.9205316,41.2147882],[0.913751,41.2256543],[0.9099135,41.2378967],[0.9205801,41.2421079],[0.9426042,41.2448936],[0.9712565,41.2630968],[0.9754395,41.2600526],[0.9760291,41.2644536],[0.9712461,41.2686262],[0.969229,41.2753145],[0.9707949,41.2904878],[0.9735666,41.2924812],[0.9602212,41.2994254],[0.9450312,41.2899073],[0.9398143,41.296849],[0.9440661,41.3045824],[0.9358889,41.3202882],[0.9063392,41.327699],[0.9097997,41.339801],[0.9051842,41.3477292],[0.8632908,41.3380876],[0.8466659,41.3548277],[0.8447694,41.3619871],[0.8321268,41.3587898],[0.8194958,41.3288278],[0.8129434,41.3272984],[0.8020133,41.3303889],[0.7947468,41.3286928],[0.7914004,41.3315498],[0.7624769,41.3342467],[0.7504849,41.3247327],[0.7535963,41.3150586],[0.750367,41.3116519],[0.7388425,41.3087403],[0.7287047,41.3091866],[0.7138755,41.3029487],[0.7136607,41.2970661],[0.7101592,41.2949099],[0.7083112,41.2894852],[0.7031267,41.283952],[0.6960706,41.2818287],[0.7018345,41.2657579],[0.7008135,41.2605768],[0.6947325,41.2572873],[0.6910709,41.2477964],[0.6841935,41.2434693],[0.6882005,41.2343266],[0.6855463,41.224677],[0.7059242,41.2161332],[0.6873411,41.2033577],[0.6862828,41.2004379],[0.6812448,41.2009595],[0.6699205,41.1911995],[0.6599484,41.1885275],[0.6583708,41.1854618]]]}}]}
